Oluşturma başlatıldı: 22.12.2025 20:25:42.
Günlük kaydı ayrıntı düzeyi Detailed olarak ayarlandı.     0>İşlem = "C:\Program Files\dotnet\dotnet.exe"
       MSBuild yürütülebilir yolu = "C:\Program Files\dotnet\sdk\9.0.308\MSBuild.dll"
       Komut satırı bağımsız değişkenleri = "C:\Program Files\dotnet\sdk\9.0.308\MSBuild.dll -maxcpucount -verbosity:m -tlp:default=auto -nologo -restore -consoleloggerparameters:Summary c:\Users\Muhammet\Documents\GitHub\Wonderland-Private-Server\wlo.pserver.core\wlo.pserver.core.csproj /flp:LogFile=msbuild.log -distributedlogger:Microsoft.DotNet.Tools.MSBuild.MSBuildLogger,C:\Program Files\dotnet\sdk\9.0.308\dotnet.dll*Microsoft.DotNet.Tools.MSBuild.MSBuildForwardingLogger,C:\Program Files\dotnet\sdk\9.0.308\dotnet.dll"
       Geçerli dizin = "C:\Users\Muhammet\Documents\GitHub\Wonderland-Private-Server"
       MSBuild sürümü = "17.14.28+09c1be848"
       Windows kayıt defteri anahtarı LongPathsEnabled ayarına bağlı olarak LongPaths özelliği etkin.
       Windows kayıt defteri anahtarı VerifiedAndReputablePolicyState'e göre SAC durumu = 0: kapalı.
       c:\Users\Muhammet\Documents\GitHub\Wonderland-Private-Server\wlo.pserver.core\wlo.pserver.core.csproj(3,92): message : 'C:\Program Files\dotnet\sdk\9.0.308\' değerine sahip 'MSBuildExtensionsPath' özelliği ortamdan genişletildi.
       C:\Program Files\dotnet\sdk\9.0.308\Current\Microsoft.Common.props(60,5): message : Özellik yeniden ataması: $(MSBuildProjectExtensionsPath)="c:\Users\Muhammet\Documents\GitHub\Wonderland-Private-Server\wlo.pserver.core\obj\" (önceki değer: "obj\") konum: C:\Program Files\dotnet\sdk\9.0.308\Current\Microsoft.Common.props (60,5)
       C:\Program Files\dotnet\sdk\9.0.308\Current\Microsoft.Common.props(84,119): message : 'C:\Users\Muhammet\AppData\Local\Microsoft\MSBuild' değerine sahip 'MSBuildUserExtensionsPath' özelliği ortamdan genişletildi.
       C:\Program Files\dotnet\sdk\9.0.308\Roslyn\Microsoft.CSharp.Core.targets(200,5): message : Özellik yeniden ataması: $(CommandLineArgsForDesignTimeEvaluation)="-langversion:7.3 -define:DEBUG;TRACE" (önceki değer: "-langversion:7.3") konum: C:\Program Files\dotnet\sdk\9.0.308\Roslyn\Microsoft.CSharp.Core.targets (200,5)
       C:\Program Files\dotnet\sdk\9.0.308\Microsoft.NETFramework.CurrentVersion.props(117,5): message : Özellik yeniden ataması: $(AvailablePlatforms)="Any CPU,x86,x64,ARM64" (önceki değer: "Any CPU,x86,x64") konum: C:\Program Files\dotnet\sdk\9.0.308\Microsoft.NETFramework.CurrentVersion.props (117,5)
       Derleme Evaluation sırasında yüklendi: Microsoft.Build.Utilities.Core, Version=15.1.0.0, Culture=neutral, PublicKeyToken=b03f5f7f11d50a3a (konum: C:\Program Files\dotnet\sdk\9.0.308\Microsoft.Build.Utilities.Core.dll, MVID: e694cd1c-cab1-43ec-a25d-8ec3134e8f67, AssemblyLoadContext: Default)
       C:\Program Files\dotnet\sdk\9.0.308\Microsoft.Common.CurrentVersion.targets(175,5): message : Özellik yeniden ataması: $(_DebugSymbolsProduced)="true" (önceki değer: "false") konum: C:\Program Files\dotnet\sdk\9.0.308\Microsoft.Common.CurrentVersion.targets (175,5)
       C:\Program Files\dotnet\sdk\9.0.308\Microsoft.Common.CurrentVersion.targets(185,5): message : Özellik yeniden ataması: $(_DocumentationFileProduced)="false" (önceki değer: "true") konum: C:\Program Files\dotnet\sdk\9.0.308\Microsoft.Common.CurrentVersion.targets (185,5)
       C:\Program Files\dotnet\sdk\9.0.308\Microsoft.Common.CurrentVersion.targets(392,5): message : Özellik yeniden ataması: $(MSBuildCopyMarkerName)="wlo.pser.F17D6523" (önceki değer: "wlo.pserver.core.csproj") konum: C:\Program Files\dotnet\sdk\9.0.308\Microsoft.Common.CurrentVersion.targets (392,5)
       C:\Program Files\dotnet\sdk\9.0.308\Microsoft.Common.CurrentVersion.targets(393,5): message : Özellik yeniden ataması: $(MSBuildCopyMarkerName)="wlo.pser.F17D6523.Up2Date" (önceki değer: "wlo.pser.F17D6523") konum: C:\Program Files\dotnet\sdk\9.0.308\Microsoft.Common.CurrentVersion.targets (393,5)
       C:\Program Files\dotnet\sdk\9.0.308\Microsoft.Common.CurrentVersion.targets(527,5): message : Özellik yeniden ataması: $(ProcessorArchitecture)="msil" (önceki değer: "AnyCPU") konum: C:\Program Files\dotnet\sdk\9.0.308\Microsoft.Common.CurrentVersion.targets (527,5)
       C:\Program Files\dotnet\sdk\9.0.308\Microsoft.Common.CurrentVersion.targets(580,5): message : Özellik yeniden ataması: $(DelaySign)="" (önceki değer: "false") konum: C:\Program Files\dotnet\sdk\9.0.308\Microsoft.Common.CurrentVersion.targets (580,5)
       C:\Program Files\dotnet\sdk\9.0.308\Microsoft.Common.CurrentVersion.targets(649,5): message : Özellik yeniden ataması: $(AssemblySearchPaths)="{CandidateAssemblyFiles};" (önceki değer: "{CandidateAssemblyFiles}") konum: C:\Program Files\dotnet\sdk\9.0.308\Microsoft.Common.CurrentVersion.targets (649,5)
       C:\Program Files\dotnet\sdk\9.0.308\Microsoft.Common.CurrentVersion.targets(650,5): message : Özellik yeniden ataması: $(AssemblySearchPaths)="{CandidateAssemblyFiles};;{HintPathFromItem}" (önceki değer: "{CandidateAssemblyFiles};") konum: C:\Program Files\dotnet\sdk\9.0.308\Microsoft.Common.CurrentVersion.targets (650,5)
       C:\Program Files\dotnet\sdk\9.0.308\Microsoft.Common.CurrentVersion.targets(651,5): message : Özellik yeniden ataması: $(AssemblySearchPaths)="{CandidateAssemblyFiles};;{HintPathFromItem};{TargetFrameworkDirectory}" (önceki değer: "{CandidateAssemblyFiles};;{HintPathFromItem}") konum: C:\Program Files\dotnet\sdk\9.0.308\Microsoft.Common.CurrentVersion.targets (651,5)
       C:\Program Files\dotnet\sdk\9.0.308\Microsoft.Common.CurrentVersion.targets(652,5): message : Özellik yeniden ataması: $(AssemblySearchPaths)="{CandidateAssemblyFiles};;{HintPathFromItem};{TargetFrameworkDirectory};" (önceki değer: "{CandidateAssemblyFiles};;{HintPathFromItem};{TargetFrameworkDirectory}") konum: C:\Program Files\dotnet\sdk\9.0.308\Microsoft.Common.CurrentVersion.targets (652,5)
       C:\Program Files\dotnet\sdk\9.0.308\Microsoft.Common.CurrentVersion.targets(653,5): message : Özellik yeniden ataması: $(AssemblySearchPaths)="{CandidateAssemblyFiles};;{HintPathFromItem};{TargetFrameworkDirectory};;{Registry:Software\Microsoft\.NETFramework,v4.6.2,AssemblyFoldersEx}" (önceki değer: "{CandidateAssemblyFiles};;{HintPathFromItem};{TargetFrameworkDirectory};") konum: C:\Program Files\dotnet\sdk\9.0.308\Microsoft.Common.CurrentVersion.targets (653,5)
       C:\Program Files\dotnet\sdk\9.0.308\Microsoft.Common.CurrentVersion.targets(654,5): message : Özellik yeniden ataması: $(AssemblySearchPaths)="{CandidateAssemblyFiles};;{HintPathFromItem};{TargetFrameworkDirectory};;{Registry:Software\Microsoft\.NETFramework,v4.6.2,AssemblyFoldersEx};{AssemblyFolders}" (önceki değer: "{CandidateAssemblyFiles};;{HintPathFromItem};{TargetFrameworkDirectory};;{Registry:Software\Microsoft\.NETFramework,v4.6.2,AssemblyFoldersEx}") konum: C:\Program Files\dotnet\sdk\9.0.308\Microsoft.Common.CurrentVersion.targets (654,5)
       C:\Program Files\dotnet\sdk\9.0.308\Microsoft.Common.CurrentVersion.targets(655,5): message : Özellik yeniden ataması: $(AssemblySearchPaths)="{CandidateAssemblyFiles};;{HintPathFromItem};{TargetFrameworkDirectory};;{Registry:Software\Microsoft\.NETFramework,v4.6.2,AssemblyFoldersEx};{AssemblyFolders};{GAC}" (önceki değer: "{CandidateAssemblyFiles};;{HintPathFromItem};{TargetFrameworkDirectory};;{Registry:Software\Microsoft\.NETFramework,v4.6.2,AssemblyFoldersEx};{AssemblyFolders}") konum: C:\Program Files\dotnet\sdk\9.0.308\Microsoft.Common.CurrentVersion.targets (655,5)
       C:\Program Files\dotnet\sdk\9.0.308\Microsoft.Common.CurrentVersion.targets(656,5): message : Özellik yeniden ataması: $(AssemblySearchPaths)="{CandidateAssemblyFiles};;{HintPathFromItem};{TargetFrameworkDirectory};;{Registry:Software\Microsoft\.NETFramework,v4.6.2,AssemblyFoldersEx};{AssemblyFolders};{GAC};{RawFileName}" (önceki değer: "{CandidateAssemblyFiles};;{HintPathFromItem};{TargetFrameworkDirectory};;{Registry:Software\Microsoft\.NETFramework,v4.6.2,AssemblyFoldersEx};{AssemblyFolders};{GAC}") konum: C:\Program Files\dotnet\sdk\9.0.308\Microsoft.Common.CurrentVersion.targets (656,5)
       C:\Program Files\dotnet\sdk\9.0.308\Microsoft.Common.CurrentVersion.targets(657,5): message : Özellik yeniden ataması: $(AssemblySearchPaths)="{CandidateAssemblyFiles};;{HintPathFromItem};{TargetFrameworkDirectory};;{Registry:Software\Microsoft\.NETFramework,v4.6.2,AssemblyFoldersEx};{AssemblyFolders};{GAC};{RawFileName};bin\Debug\" (önceki değer: "{CandidateAssemblyFiles};;{HintPathFromItem};{TargetFrameworkDirectory};;{Registry:Software\Microsoft\.NETFramework,v4.6.2,AssemblyFoldersEx};{AssemblyFolders};{GAC};{RawFileName}") konum: C:\Program Files\dotnet\sdk\9.0.308\Microsoft.Common.CurrentVersion.targets (657,5)
       C:\Program Files\dotnet\sdk\9.0.308\Microsoft.Common.CurrentVersion.targets(2619,5): message : 'C:\Users\Muhammet\AppData\Local' değerine sahip 'LOCALAPPDATA' özelliği ortamdan genişletildi.
       C:\Program Files\dotnet\sdk\9.0.308\Microsoft.Common.CurrentVersion.targets(3947,5): message : Özellik yeniden ataması: $(_SGenGenerateSerializationAssembliesConfig)="Auto" (önceki değer: "") konum: C:\Program Files\dotnet\sdk\9.0.308\Microsoft.Common.CurrentVersion.targets (3947,5)
       C:\Program Files\dotnet\sdk\9.0.308\Microsoft.Common.CurrentVersion.targets(3948,5): message : Özellik yeniden ataması: $(_SGenGenerateSerializationAssembliesConfig)="Off" (önceki değer: "Auto") konum: C:\Program Files\dotnet\sdk\9.0.308\Microsoft.Common.CurrentVersion.targets (3948,5)
       C:\Program Files\dotnet\sdk\9.0.308\Microsoft.Common.CurrentVersion.targets(5159,5): message : Özellik yeniden ataması: $(_TargetsThatPrepareProjectReferences)="
       C:\Program Files\dotnet\sdk\9.0.308\Microsoft.Common.CurrentVersion.targets(5159,5): message :       AssignProjectConfiguration;
       C:\Program Files\dotnet\sdk\9.0.308\Microsoft.Common.CurrentVersion.targets(5159,5): message :       _SplitProjectReferencesByFileExistence
       C:\Program Files\dotnet\sdk\9.0.308\Microsoft.Common.CurrentVersion.targets(5159,5): message :     " (önceki değer: "_SplitProjectReferencesByFileExistence") konum: C:\Program Files\dotnet\sdk\9.0.308\Microsoft.Common.CurrentVersion.targets (5159,5)
       C:\Program Files\dotnet\sdk\9.0.308\Microsoft.Common.CurrentVersion.targets(6954,5): message : 'C:\Program Files\dotnet\sdk\9.0.308' değerine sahip 'MSBuildExtensionsPath32' özelliği ortamdan genişletildi.
       C:\Program Files\dotnet\sdk\9.0.308\Microsoft.NETFramework.CurrentVersion.targets(74,5): message : Özellik yeniden ataması: $(ResolveReferencesDependsOn)="
       C:\Program Files\dotnet\sdk\9.0.308\Microsoft.NETFramework.CurrentVersion.targets(74,5): message :       
       C:\Program Files\dotnet\sdk\9.0.308\Microsoft.NETFramework.CurrentVersion.targets(74,5): message :       BeforeResolveReferences;
       C:\Program Files\dotnet\sdk\9.0.308\Microsoft.NETFramework.CurrentVersion.targets(74,5): message :       AssignProjectConfiguration;
       C:\Program Files\dotnet\sdk\9.0.308\Microsoft.NETFramework.CurrentVersion.targets(74,5): message :       ResolveProjectReferences;
       C:\Program Files\dotnet\sdk\9.0.308\Microsoft.NETFramework.CurrentVersion.targets(74,5): message :       FindInvalidProjectReferences;
       C:\Program Files\dotnet\sdk\9.0.308\Microsoft.NETFramework.CurrentVersion.targets(74,5): message :       ResolveNativeReferences;
       C:\Program Files\dotnet\sdk\9.0.308\Microsoft.NETFramework.CurrentVersion.targets(74,5): message :       ResolveAssemblyReferences;
       C:\Program Files\dotnet\sdk\9.0.308\Microsoft.NETFramework.CurrentVersion.targets(74,5): message :       GenerateBindingRedirects;
       C:\Program Files\dotnet\sdk\9.0.308\Microsoft.NETFramework.CurrentVersion.targets(74,5): message :       GenerateBindingRedirectsUpdateAppConfig;
       C:\Program Files\dotnet\sdk\9.0.308\Microsoft.NETFramework.CurrentVersion.targets(74,5): message :       ResolveComReferences;
       C:\Program Files\dotnet\sdk\9.0.308\Microsoft.NETFramework.CurrentVersion.targets(74,5): message :       AfterResolveReferences
       C:\Program Files\dotnet\sdk\9.0.308\Microsoft.NETFramework.CurrentVersion.targets(74,5): message :     ;
       C:\Program Files\dotnet\sdk\9.0.308\Microsoft.NETFramework.CurrentVersion.targets(74,5): message :       ImplicitlyExpandDesignTimeFacades
       C:\Program Files\dotnet\sdk\9.0.308\Microsoft.NETFramework.CurrentVersion.targets(74,5): message :     " (önceki değer: "
       C:\Program Files\dotnet\sdk\9.0.308\Microsoft.NETFramework.CurrentVersion.targets(74,5): message :       BeforeResolveReferences;
       C:\Program Files\dotnet\sdk\9.0.308\Microsoft.NETFramework.CurrentVersion.targets(74,5): message :       AssignProjectConfiguration;
       C:\Program Files\dotnet\sdk\9.0.308\Microsoft.NETFramework.CurrentVersion.targets(74,5): message :       ResolveProjectReferences;
       C:\Program Files\dotnet\sdk\9.0.308\Microsoft.NETFramework.CurrentVersion.targets(74,5): message :       FindInvalidProjectReferences;
       C:\Program Files\dotnet\sdk\9.0.308\Microsoft.NETFramework.CurrentVersion.targets(74,5): message :       ResolveNativeReferences;
       C:\Program Files\dotnet\sdk\9.0.308\Microsoft.NETFramework.CurrentVersion.targets(74,5): message :       ResolveAssemblyReferences;
       C:\Program Files\dotnet\sdk\9.0.308\Microsoft.NETFramework.CurrentVersion.targets(74,5): message :       GenerateBindingRedirects;
       C:\Program Files\dotnet\sdk\9.0.308\Microsoft.NETFramework.CurrentVersion.targets(74,5): message :       GenerateBindingRedirectsUpdateAppConfig;
       C:\Program Files\dotnet\sdk\9.0.308\Microsoft.NETFramework.CurrentVersion.targets(74,5): message :       ResolveComReferences;
       C:\Program Files\dotnet\sdk\9.0.308\Microsoft.NETFramework.CurrentVersion.targets(74,5): message :       AfterResolveReferences
       C:\Program Files\dotnet\sdk\9.0.308\Microsoft.NETFramework.CurrentVersion.targets(74,5): message :     ") konum: C:\Program Files\dotnet\sdk\9.0.308\Microsoft.NETFramework.CurrentVersion.targets (74,5)
       Derleme Evaluation sırasında yüklendi: System.Threading.Tasks.Parallel, Version=9.0.0.0, Culture=neutral, PublicKeyToken=b03f5f7f11d50a3a (konum: C:\Program Files\dotnet\shared\Microsoft.NETCore.App\9.0.11\System.Threading.Tasks.Parallel.dll, MVID: f258132d-614b-4953-b99c-9d0ef2e1ac97, AssemblyLoadContext: Default)
       c:\Users\Muhammet\Documents\GitHub\Wonderland-Private-Server\.nuget\NuGet.targets(28,20): message : 'Windows_NT' değerine sahip 'OS' özelliği ortamdan genişletildi.
       Derleme Evaluation sırasında yüklendi: System.Threading.ThreadPool, Version=9.0.0.0, Culture=neutral, PublicKeyToken=b03f5f7f11d50a3a (konum: C:\Program Files\dotnet\shared\Microsoft.NETCore.App\9.0.11\System.Threading.ThreadPool.dll, MVID: ce4bcceb-c39c-45a1-a8c7-275efc0235ff, AssemblyLoadContext: Default)
       Derleme Evaluation sırasında yüklendi: System.Net.Sockets, Version=9.0.0.0, Culture=neutral, PublicKeyToken=b03f5f7f11d50a3a (konum: C:\Program Files\dotnet\shared\Microsoft.NETCore.App\9.0.11\System.Net.Sockets.dll, MVID: 9433ce13-b312-49d0-b073-f4f41f1d464d, AssemblyLoadContext: Default)
       "C:\Program Files\dotnet\sdk\9.0.308\Microsoft.NETFramework.CurrentVersion.targets" projesindeki "GetFrameworkPaths" hedefi kullanılarak "C:\Program Files\dotnet\sdk\9.0.308\Microsoft.Common.CurrentVersion.targets" projesindeki "GetFrameworkPaths" hedefinin üzerine yazılıyor.
       Derleme Evaluation sırasında yüklendi: System.Threading.Overlapped, Version=9.0.0.0, Culture=neutral, PublicKeyToken=b03f5f7f11d50a3a (konum: C:\Program Files\dotnet\shared\Microsoft.NETCore.App\9.0.11\System.Threading.Overlapped.dll, MVID: cd4efbbd-523d-433a-8af0-ad7b5ff87733, AssemblyLoadContext: Default)
       "ResolveNuGetPackageAssets" konumundaki bir AfterTargets özniteliğinde listelenen "C:\Program Files\dotnet\sdk\9.0.308\Microsoft\Microsoft.NET.Build.Extensions\Microsoft.NET.Build.Extensions.ConflictResolution.targets (27,11)" hedefi projede yok ve göz ardı edilecek.
     1>1 düğümünde "c:\Users\Muhammet\Documents\GitHub\Wonderland-Private-Server\wlo.pserver.core\wlo.pserver.core.csproj" projesi (Restore hedef).
     1>Proje dosyası ToolsVersion="12.0" içeriyor. Bu araç seti bilinmiyor veya eksik olabilir; bu durumda uygun MSBuild sürümünü yükleyerek bu sorunu çözebilirsiniz. Derleme, ilke nedeniyle belirli bir ToolsVersion’a zorlanmış da olabilir. Projenin ToolsVersion="Current" değerine sahip olduğu kabul ediliyor. Daha fazla bilgi edinmek için bkz. http://go.microsoft.com/fwlink/?LinkId=293424.
     1>"c:\Users\Muhammet\Documents\GitHub\Wonderland-Private-Server\wlo.pserver.core\wlo.pserver.core.csproj" projesinin "C:\Program Files\dotnet\sdk\9.0.308\NuGet.targets" dosyasındaki "_LoadRestoreGraphEntryPoints" hedefi ("_FilterRestoreGraphProjectInputItems" hedefi buna bağımlı):
       Yanlış koşul nedeniyle "GetRestoreSolutionProjectsTask" görevi atlandı; ( $(MSBuildProjectFullPath.EndsWith('.metaproj')) == 'true' AND @(RestoreGraphProjectInputItems) == '' ), ( False == 'true' AND c:\Users\Muhammet\Documents\GitHub\Wonderland-Private-Server\wlo.pserver.core\wlo.pserver.core.csproj == '' ) olarak değerlendirildi.
     1>"wlo.pserver.core.csproj" projesinde "_LoadRestoreGraphEntryPoints" hedefini oluşturma tamamlandı.
     1>"c:\Users\Muhammet\Documents\GitHub\Wonderland-Private-Server\wlo.pserver.core\wlo.pserver.core.csproj" projesinin "C:\Program Files\dotnet\sdk\9.0.308\NuGet.targets" dosyasındaki "_FilterRestoreGraphProjectInputItems" hedefi ("_GenerateRestoreGraph" hedefi buna bağımlı):
       "Microsoft.Build.Tasks.Core, Version=15.1.0.0, Culture=neutral, PublicKeyToken=b03f5f7f11d50a3a" derlemesindeki "RemoveDuplicates" görevi kullanılıyor.
       "RemoveDuplicates" görevi
       "RemoveDuplicates" görevini yürütme tamamlandı.
       "Microsoft.Build.Tasks.Core, Version=15.1.0.0, Culture=neutral, PublicKeyToken=b03f5f7f11d50a3a" derlemesindeki "MSBuild" görevi kullanılıyor.
       "MSBuild" görevi
         Genel Özellikler:
           ExcludeRestorePackageImports=true
     0>c:\Users\Muhammet\Documents\GitHub\Wonderland-Private-Server\wlo.pserver.core\wlo.pserver.core.csproj(3,92): message : 'C:\Program Files\dotnet\sdk\9.0.308\' değerine sahip 'MSBuildExtensionsPath' özelliği ortamdan genişletildi.
       C:\Program Files\dotnet\sdk\9.0.308\Current\Microsoft.Common.props(60,5): message : Özellik yeniden ataması: $(MSBuildProjectExtensionsPath)="c:\Users\Muhammet\Documents\GitHub\Wonderland-Private-Server\wlo.pserver.core\obj\" (önceki değer: "obj\") konum: C:\Program Files\dotnet\sdk\9.0.308\Current\Microsoft.Common.props (60,5)
       C:\Program Files\dotnet\sdk\9.0.308\Current\Microsoft.Common.props(84,119): message : 'C:\Users\Muhammet\AppData\Local\Microsoft\MSBuild' değerine sahip 'MSBuildUserExtensionsPath' özelliği ortamdan genişletildi.
       C:\Program Files\dotnet\sdk\9.0.308\Roslyn\Microsoft.CSharp.Core.targets(200,5): message : Özellik yeniden ataması: $(CommandLineArgsForDesignTimeEvaluation)="-langversion:7.3 -define:DEBUG;TRACE" (önceki değer: "-langversion:7.3") konum: C:\Program Files\dotnet\sdk\9.0.308\Roslyn\Microsoft.CSharp.Core.targets (200,5)
       C:\Program Files\dotnet\sdk\9.0.308\Microsoft.NETFramework.CurrentVersion.props(117,5): message : Özellik yeniden ataması: $(AvailablePlatforms)="Any CPU,x86,x64,ARM64" (önceki değer: "Any CPU,x86,x64") konum: C:\Program Files\dotnet\sdk\9.0.308\Microsoft.NETFramework.CurrentVersion.props (117,5)
       C:\Program Files\dotnet\sdk\9.0.308\Microsoft.Common.CurrentVersion.targets(175,5): message : Özellik yeniden ataması: $(_DebugSymbolsProduced)="true" (önceki değer: "false") konum: C:\Program Files\dotnet\sdk\9.0.308\Microsoft.Common.CurrentVersion.targets (175,5)
       C:\Program Files\dotnet\sdk\9.0.308\Microsoft.Common.CurrentVersion.targets(185,5): message : Özellik yeniden ataması: $(_DocumentationFileProduced)="false" (önceki değer: "true") konum: C:\Program Files\dotnet\sdk\9.0.308\Microsoft.Common.CurrentVersion.targets (185,5)
       C:\Program Files\dotnet\sdk\9.0.308\Microsoft.Common.CurrentVersion.targets(392,5): message : Özellik yeniden ataması: $(MSBuildCopyMarkerName)="wlo.pser.F17D6523" (önceki değer: "wlo.pserver.core.csproj") konum: C:\Program Files\dotnet\sdk\9.0.308\Microsoft.Common.CurrentVersion.targets (392,5)
       C:\Program Files\dotnet\sdk\9.0.308\Microsoft.Common.CurrentVersion.targets(393,5): message : Özellik yeniden ataması: $(MSBuildCopyMarkerName)="wlo.pser.F17D6523.Up2Date" (önceki değer: "wlo.pser.F17D6523") konum: C:\Program Files\dotnet\sdk\9.0.308\Microsoft.Common.CurrentVersion.targets (393,5)
       C:\Program Files\dotnet\sdk\9.0.308\Microsoft.Common.CurrentVersion.targets(527,5): message : Özellik yeniden ataması: $(ProcessorArchitecture)="msil" (önceki değer: "AnyCPU") konum: C:\Program Files\dotnet\sdk\9.0.308\Microsoft.Common.CurrentVersion.targets (527,5)
       C:\Program Files\dotnet\sdk\9.0.308\Microsoft.Common.CurrentVersion.targets(580,5): message : Özellik yeniden ataması: $(DelaySign)="" (önceki değer: "false") konum: C:\Program Files\dotnet\sdk\9.0.308\Microsoft.Common.CurrentVersion.targets (580,5)
       C:\Program Files\dotnet\sdk\9.0.308\Microsoft.Common.CurrentVersion.targets(649,5): message : Özellik yeniden ataması: $(AssemblySearchPaths)="{CandidateAssemblyFiles};" (önceki değer: "{CandidateAssemblyFiles}") konum: C:\Program Files\dotnet\sdk\9.0.308\Microsoft.Common.CurrentVersion.targets (649,5)
       C:\Program Files\dotnet\sdk\9.0.308\Microsoft.Common.CurrentVersion.targets(650,5): message : Özellik yeniden ataması: $(AssemblySearchPaths)="{CandidateAssemblyFiles};;{HintPathFromItem}" (önceki değer: "{CandidateAssemblyFiles};") konum: C:\Program Files\dotnet\sdk\9.0.308\Microsoft.Common.CurrentVersion.targets (650,5)
       C:\Program Files\dotnet\sdk\9.0.308\Microsoft.Common.CurrentVersion.targets(651,5): message : Özellik yeniden ataması: $(AssemblySearchPaths)="{CandidateAssemblyFiles};;{HintPathFromItem};{TargetFrameworkDirectory}" (önceki değer: "{CandidateAssemblyFiles};;{HintPathFromItem}") konum: C:\Program Files\dotnet\sdk\9.0.308\Microsoft.Common.CurrentVersion.targets (651,5)
       C:\Program Files\dotnet\sdk\9.0.308\Microsoft.Common.CurrentVersion.targets(652,5): message : Özellik yeniden ataması: $(AssemblySearchPaths)="{CandidateAssemblyFiles};;{HintPathFromItem};{TargetFrameworkDirectory};" (önceki değer: "{CandidateAssemblyFiles};;{HintPathFromItem};{TargetFrameworkDirectory}") konum: C:\Program Files\dotnet\sdk\9.0.308\Microsoft.Common.CurrentVersion.targets (652,5)
       C:\Program Files\dotnet\sdk\9.0.308\Microsoft.Common.CurrentVersion.targets(653,5): message : Özellik yeniden ataması: $(AssemblySearchPaths)="{CandidateAssemblyFiles};;{HintPathFromItem};{TargetFrameworkDirectory};;{Registry:Software\Microsoft\.NETFramework,v4.6.2,AssemblyFoldersEx}" (önceki değer: "{CandidateAssemblyFiles};;{HintPathFromItem};{TargetFrameworkDirectory};") konum: C:\Program Files\dotnet\sdk\9.0.308\Microsoft.Common.CurrentVersion.targets (653,5)
       C:\Program Files\dotnet\sdk\9.0.308\Microsoft.Common.CurrentVersion.targets(654,5): message : Özellik yeniden ataması: $(AssemblySearchPaths)="{CandidateAssemblyFiles};;{HintPathFromItem};{TargetFrameworkDirectory};;{Registry:Software\Microsoft\.NETFramework,v4.6.2,AssemblyFoldersEx};{AssemblyFolders}" (önceki değer: "{CandidateAssemblyFiles};;{HintPathFromItem};{TargetFrameworkDirectory};;{Registry:Software\Microsoft\.NETFramework,v4.6.2,AssemblyFoldersEx}") konum: C:\Program Files\dotnet\sdk\9.0.308\Microsoft.Common.CurrentVersion.targets (654,5)
       C:\Program Files\dotnet\sdk\9.0.308\Microsoft.Common.CurrentVersion.targets(655,5): message : Özellik yeniden ataması: $(AssemblySearchPaths)="{CandidateAssemblyFiles};;{HintPathFromItem};{TargetFrameworkDirectory};;{Registry:Software\Microsoft\.NETFramework,v4.6.2,AssemblyFoldersEx};{AssemblyFolders};{GAC}" (önceki değer: "{CandidateAssemblyFiles};;{HintPathFromItem};{TargetFrameworkDirectory};;{Registry:Software\Microsoft\.NETFramework,v4.6.2,AssemblyFoldersEx};{AssemblyFolders}") konum: C:\Program Files\dotnet\sdk\9.0.308\Microsoft.Common.CurrentVersion.targets (655,5)
       C:\Program Files\dotnet\sdk\9.0.308\Microsoft.Common.CurrentVersion.targets(656,5): message : Özellik yeniden ataması: $(AssemblySearchPaths)="{CandidateAssemblyFiles};;{HintPathFromItem};{TargetFrameworkDirectory};;{Registry:Software\Microsoft\.NETFramework,v4.6.2,AssemblyFoldersEx};{AssemblyFolders};{GAC};{RawFileName}" (önceki değer: "{CandidateAssemblyFiles};;{HintPathFromItem};{TargetFrameworkDirectory};;{Registry:Software\Microsoft\.NETFramework,v4.6.2,AssemblyFoldersEx};{AssemblyFolders};{GAC}") konum: C:\Program Files\dotnet\sdk\9.0.308\Microsoft.Common.CurrentVersion.targets (656,5)
       C:\Program Files\dotnet\sdk\9.0.308\Microsoft.Common.CurrentVersion.targets(657,5): message : Özellik yeniden ataması: $(AssemblySearchPaths)="{CandidateAssemblyFiles};;{HintPathFromItem};{TargetFrameworkDirectory};;{Registry:Software\Microsoft\.NETFramework,v4.6.2,AssemblyFoldersEx};{AssemblyFolders};{GAC};{RawFileName};bin\Debug\" (önceki değer: "{CandidateAssemblyFiles};;{HintPathFromItem};{TargetFrameworkDirectory};;{Registry:Software\Microsoft\.NETFramework,v4.6.2,AssemblyFoldersEx};{AssemblyFolders};{GAC};{RawFileName}") konum: C:\Program Files\dotnet\sdk\9.0.308\Microsoft.Common.CurrentVersion.targets (657,5)
       C:\Program Files\dotnet\sdk\9.0.308\Microsoft.Common.CurrentVersion.targets(2619,5): message : 'C:\Users\Muhammet\AppData\Local' değerine sahip 'LOCALAPPDATA' özelliği ortamdan genişletildi.
       C:\Program Files\dotnet\sdk\9.0.308\Microsoft.Common.CurrentVersion.targets(3947,5): message : Özellik yeniden ataması: $(_SGenGenerateSerializationAssembliesConfig)="Auto" (önceki değer: "") konum: C:\Program Files\dotnet\sdk\9.0.308\Microsoft.Common.CurrentVersion.targets (3947,5)
       C:\Program Files\dotnet\sdk\9.0.308\Microsoft.Common.CurrentVersion.targets(3948,5): message : Özellik yeniden ataması: $(_SGenGenerateSerializationAssembliesConfig)="Off" (önceki değer: "Auto") konum: C:\Program Files\dotnet\sdk\9.0.308\Microsoft.Common.CurrentVersion.targets (3948,5)
       C:\Program Files\dotnet\sdk\9.0.308\Microsoft.Common.CurrentVersion.targets(5159,5): message : Özellik yeniden ataması: $(_TargetsThatPrepareProjectReferences)="
       C:\Program Files\dotnet\sdk\9.0.308\Microsoft.Common.CurrentVersion.targets(5159,5): message :       AssignProjectConfiguration;
       C:\Program Files\dotnet\sdk\9.0.308\Microsoft.Common.CurrentVersion.targets(5159,5): message :       _SplitProjectReferencesByFileExistence
       C:\Program Files\dotnet\sdk\9.0.308\Microsoft.Common.CurrentVersion.targets(5159,5): message :     " (önceki değer: "_SplitProjectReferencesByFileExistence") konum: C:\Program Files\dotnet\sdk\9.0.308\Microsoft.Common.CurrentVersion.targets (5159,5)
       C:\Program Files\dotnet\sdk\9.0.308\Microsoft.Common.CurrentVersion.targets(6954,5): message : 'C:\Program Files\dotnet\sdk\9.0.308' değerine sahip 'MSBuildExtensionsPath32' özelliği ortamdan genişletildi.
       C:\Program Files\dotnet\sdk\9.0.308\Microsoft.NETFramework.CurrentVersion.targets(74,5): message : Özellik yeniden ataması: $(ResolveReferencesDependsOn)="
       C:\Program Files\dotnet\sdk\9.0.308\Microsoft.NETFramework.CurrentVersion.targets(74,5): message :       
       C:\Program Files\dotnet\sdk\9.0.308\Microsoft.NETFramework.CurrentVersion.targets(74,5): message :       BeforeResolveReferences;
       C:\Program Files\dotnet\sdk\9.0.308\Microsoft.NETFramework.CurrentVersion.targets(74,5): message :       AssignProjectConfiguration;
       C:\Program Files\dotnet\sdk\9.0.308\Microsoft.NETFramework.CurrentVersion.targets(74,5): message :       ResolveProjectReferences;
       C:\Program Files\dotnet\sdk\9.0.308\Microsoft.NETFramework.CurrentVersion.targets(74,5): message :       FindInvalidProjectReferences;
       C:\Program Files\dotnet\sdk\9.0.308\Microsoft.NETFramework.CurrentVersion.targets(74,5): message :       ResolveNativeReferences;
       C:\Program Files\dotnet\sdk\9.0.308\Microsoft.NETFramework.CurrentVersion.targets(74,5): message :       ResolveAssemblyReferences;
       C:\Program Files\dotnet\sdk\9.0.308\Microsoft.NETFramework.CurrentVersion.targets(74,5): message :       GenerateBindingRedirects;
       C:\Program Files\dotnet\sdk\9.0.308\Microsoft.NETFramework.CurrentVersion.targets(74,5): message :       GenerateBindingRedirectsUpdateAppConfig;
       C:\Program Files\dotnet\sdk\9.0.308\Microsoft.NETFramework.CurrentVersion.targets(74,5): message :       ResolveComReferences;
       C:\Program Files\dotnet\sdk\9.0.308\Microsoft.NETFramework.CurrentVersion.targets(74,5): message :       AfterResolveReferences
       C:\Program Files\dotnet\sdk\9.0.308\Microsoft.NETFramework.CurrentVersion.targets(74,5): message :     ;
       C:\Program Files\dotnet\sdk\9.0.308\Microsoft.NETFramework.CurrentVersion.targets(74,5): message :       ImplicitlyExpandDesignTimeFacades
       C:\Program Files\dotnet\sdk\9.0.308\Microsoft.NETFramework.CurrentVersion.targets(74,5): message :     " (önceki değer: "
       C:\Program Files\dotnet\sdk\9.0.308\Microsoft.NETFramework.CurrentVersion.targets(74,5): message :       BeforeResolveReferences;
       C:\Program Files\dotnet\sdk\9.0.308\Microsoft.NETFramework.CurrentVersion.targets(74,5): message :       AssignProjectConfiguration;
       C:\Program Files\dotnet\sdk\9.0.308\Microsoft.NETFramework.CurrentVersion.targets(74,5): message :       ResolveProjectReferences;
       C:\Program Files\dotnet\sdk\9.0.308\Microsoft.NETFramework.CurrentVersion.targets(74,5): message :       FindInvalidProjectReferences;
       C:\Program Files\dotnet\sdk\9.0.308\Microsoft.NETFramework.CurrentVersion.targets(74,5): message :       ResolveNativeReferences;
       C:\Program Files\dotnet\sdk\9.0.308\Microsoft.NETFramework.CurrentVersion.targets(74,5): message :       ResolveAssemblyReferences;
       C:\Program Files\dotnet\sdk\9.0.308\Microsoft.NETFramework.CurrentVersion.targets(74,5): message :       GenerateBindingRedirects;
       C:\Program Files\dotnet\sdk\9.0.308\Microsoft.NETFramework.CurrentVersion.targets(74,5): message :       GenerateBindingRedirectsUpdateAppConfig;
       C:\Program Files\dotnet\sdk\9.0.308\Microsoft.NETFramework.CurrentVersion.targets(74,5): message :       ResolveComReferences;
       C:\Program Files\dotnet\sdk\9.0.308\Microsoft.NETFramework.CurrentVersion.targets(74,5): message :       AfterResolveReferences
       C:\Program Files\dotnet\sdk\9.0.308\Microsoft.NETFramework.CurrentVersion.targets(74,5): message :     ") konum: C:\Program Files\dotnet\sdk\9.0.308\Microsoft.NETFramework.CurrentVersion.targets (74,5)
       c:\Users\Muhammet\Documents\GitHub\Wonderland-Private-Server\.nuget\NuGet.targets(28,20): message : 'Windows_NT' değerine sahip 'OS' özelliği ortamdan genişletildi.
       "C:\Program Files\dotnet\sdk\9.0.308\Microsoft.NETFramework.CurrentVersion.targets" projesindeki "GetFrameworkPaths" hedefi kullanılarak "C:\Program Files\dotnet\sdk\9.0.308\Microsoft.Common.CurrentVersion.targets" projesindeki "GetFrameworkPaths" hedefinin üzerine yazılıyor.
       "ResolveNuGetPackageAssets" konumundaki bir AfterTargets özniteliğinde listelenen "C:\Program Files\dotnet\sdk\9.0.308\Microsoft\Microsoft.NET.Build.Extensions\Microsoft.NET.Build.Extensions.ConflictResolution.targets (27,11)" hedefi projede yok ve göz ardı edilecek.
     1>"c:\Users\Muhammet\Documents\GitHub\Wonderland-Private-Server\wlo.pserver.core\wlo.pserver.core.csproj" projesi (1) 1 düğümünde "c:\Users\Muhammet\Documents\GitHub\Wonderland-Private-Server\wlo.pserver.core\wlo.pserver.core.csproj" (1:2) oluşturuyor (_IsProjectRestoreSupported hedef).
   1:2>Proje dosyası ToolsVersion="12.0" içeriyor. Bu araç seti bilinmiyor veya eksik olabilir; bu durumda uygun MSBuild sürümünü yükleyerek bu sorunu çözebilirsiniz. Derleme, ilke nedeniyle belirli bir ToolsVersion’a zorlanmış da olabilir. Projenin ToolsVersion="Current" değerine sahip olduğu kabul ediliyor. Daha fazla bilgi edinmek için bkz. http://go.microsoft.com/fwlink/?LinkId=293424.
   1:2>"c:\Users\Muhammet\Documents\GitHub\Wonderland-Private-Server\wlo.pserver.core\wlo.pserver.core.csproj" projesinin "C:\Program Files\dotnet\sdk\9.0.308\NuGet.targets" dosyasındaki "_IsProjectRestoreSupported" hedefi (giriş noktası):
   1:2>"wlo.pserver.core.csproj" projesinde "_IsProjectRestoreSupported" hedefini oluşturma tamamlandı.
   1:2>"c:\Users\Muhammet\Documents\GitHub\Wonderland-Private-Server\wlo.pserver.core\wlo.pserver.core.csproj" Projesini Oluşturma İşlemi Tamamlandı (_IsProjectRestoreSupported hedef).
     1>"MSBuild" görevini yürütme tamamlandı.
       Yanlış koşul nedeniyle "MSBuild" görevi atlandı; ( '$(RestoreUseSkipNonexistentTargets)' != 'true' ), ( 'true' != 'true' ) olarak değerlendirildi.
       Derleme TaskRun sırasında yüklendi: NuGet.Build.Tasks, Version=6.14.0.116, Culture=neutral, PublicKeyToken=31bf3856ad364e35 (konum: C:\Program Files\dotnet\sdk\9.0.308\NuGet.Build.Tasks.dll, MVID: c545d64d-0cbb-4fc0-971c-b5c1c1e75cf3, AssemblyLoadContext: MSBuild plugin C:\Program Files\dotnet\sdk\9.0.308\NuGet.Build.Tasks.dll)
       Derleme TaskRun sırasında yüklendi: System.Reflection.Metadata, Version=9.0.0.0, Culture=neutral, PublicKeyToken=b03f5f7f11d50a3a (konum: C:\Program Files\dotnet\shared\Microsoft.NETCore.App\9.0.11\System.Reflection.Metadata.dll, MVID: 89d82001-24c8-4abb-843a-1416ffadeb03, AssemblyLoadContext: Default)
       Derleme TaskRun sırasında yüklendi: NuGet.Common, Version=6.14.0.116, Culture=neutral, PublicKeyToken=31bf3856ad364e35 (konum: C:\Program Files\dotnet\sdk\9.0.308\NuGet.Common.dll, MVID: 0fbb79ae-e358-4591-bc91-e34371a3d05b, AssemblyLoadContext: MSBuild plugin C:\Program Files\dotnet\sdk\9.0.308\NuGet.Build.Tasks.dll)
       Derleme TaskRun sırasında yüklendi: NuGet.Commands, Version=6.14.0.116, Culture=neutral, PublicKeyToken=31bf3856ad364e35 (konum: C:\Program Files\dotnet\sdk\9.0.308\NuGet.Commands.dll, MVID: e743f127-1013-45a0-a669-058903e72acf, AssemblyLoadContext: MSBuild plugin C:\Program Files\dotnet\sdk\9.0.308\NuGet.Build.Tasks.dll)
       Derleme TaskRun sırasında yüklendi: NuGet.ProjectModel, Version=6.14.0.116, Culture=neutral, PublicKeyToken=31bf3856ad364e35 (konum: C:\Program Files\dotnet\sdk\9.0.308\NuGet.ProjectModel.dll, MVID: 08d0df58-191b-4580-9b46-c281ab5b9b36, AssemblyLoadContext: MSBuild plugin C:\Program Files\dotnet\sdk\9.0.308\NuGet.Build.Tasks.dll)
       "C:\Program Files\dotnet\sdk\9.0.308\NuGet.Build.Tasks.dll" derlemesindeki "WarnForInvalidProjectsTask" görevi kullanılıyor.
       "WarnForInvalidProjectsTask" görevi
       "WarnForInvalidProjectsTask" görevini yürütme tamamlandı.
     1>"wlo.pserver.core.csproj" projesinde "_FilterRestoreGraphProjectInputItems" hedefini oluşturma tamamlandı.
       "_FilterRestoreGraphProjectInputItems" hedefi atlandı. Önceden başarılı bir şekilde derlenmişti.
     1>"c:\Users\Muhammet\Documents\GitHub\Wonderland-Private-Server\wlo.pserver.core\wlo.pserver.core.csproj" projesinin "C:\Program Files\dotnet\sdk\9.0.308\NuGet.targets" dosyasındaki "_GetAllRestoreProjectPathItems" hedefi ("_GenerateRestoreGraph" hedefi buna bağımlı):
       "C:\Program Files\dotnet\sdk\9.0.308\NuGet.Build.Tasks.dll" derlemesindeki "NuGetMessageTask" görevi kullanılıyor.
       "NuGetMessageTask" görevi
         Derleme TaskRun (NuGet.Build.Tasks.NuGetMessageTask) sırasında yüklendi: NuGet.Build.Tasks.resources, Version=6.14.0.116, Culture=tr, PublicKeyToken=31bf3856ad364e35, processorArchitecture=MSIL (konum: C:\Program Files\dotnet\sdk\9.0.308\tr\NuGet.Build.Tasks.resources.dll, MVID: c94f20b1-e963-4ed2-bc4b-7c23e24da619, AssemblyLoadContext: MSBuild plugin C:\Program Files\dotnet\sdk\9.0.308\NuGet.Build.Tasks.dll)
         Geri yüklenecek projeler belirleniyor...
       "NuGetMessageTask" görevini yürütme tamamlandı.
       "MSBuild" görevi
         Genel Özellikler:
           ExcludeRestorePackageImports=true
     1>"c:\Users\Muhammet\Documents\GitHub\Wonderland-Private-Server\wlo.pserver.core\wlo.pserver.core.csproj" projesi (1) 1 düğümünde "c:\Users\Muhammet\Documents\GitHub\Wonderland-Private-Server\wlo.pserver.core\wlo.pserver.core.csproj" (1:3) oluşturuyor (_GenerateRestoreProjectPathWalk hedef).
   1:3>Proje dosyası ToolsVersion="12.0" içeriyor. Bu araç seti bilinmiyor veya eksik olabilir; bu durumda uygun MSBuild sürümünü yükleyerek bu sorunu çözebilirsiniz. Derleme, ilke nedeniyle belirli bir ToolsVersion’a zorlanmış da olabilir. Projenin ToolsVersion="Current" değerine sahip olduğu kabul ediliyor. Daha fazla bilgi edinmek için bkz. http://go.microsoft.com/fwlink/?LinkId=293424.
       Yanlış koşul nedeniyle "_GenerateRestoreProjectPathItemsAllFrameworks" hedefi atlandı; ( '$(TargetFrameworks)' != '' ), ( '' != '' ) olarak değerlendirildi.
   1:3>"c:\Users\Muhammet\Documents\GitHub\Wonderland-Private-Server\wlo.pserver.core\wlo.pserver.core.csproj" projesinin "C:\Program Files\dotnet\sdk\9.0.308\NuGet.targets" dosyasındaki "_GenerateRestoreProjectPathItemsPerFramework" hedefi ("_GenerateRestoreProjectPathItemsCurrentProject" hedefi buna bağımlı):
       "Microsoft.Build.Tasks.Core, Version=15.1.0.0, Culture=neutral, PublicKeyToken=b03f5f7f11d50a3a" derlemesindeki "ConvertToAbsolutePath" görevi kullanılıyor.
       "ConvertToAbsolutePath" görevi
       "ConvertToAbsolutePath" görevini yürütme tamamlandı.
   1:3>"wlo.pserver.core.csproj" projesinde "_GenerateRestoreProjectPathItemsPerFramework" hedefini oluşturma tamamlandı.
   1:3>"c:\Users\Muhammet\Documents\GitHub\Wonderland-Private-Server\wlo.pserver.core\wlo.pserver.core.csproj" projesinin "C:\Program Files\dotnet\sdk\9.0.308\NuGet.targets" dosyasındaki "_GenerateRestoreProjectPathItemsCurrentProject" hedefi ("_GenerateRestoreProjectPathItems" hedefi buna bağımlı):
   1:3>"wlo.pserver.core.csproj" projesinde "_GenerateRestoreProjectPathItemsCurrentProject" hedefini oluşturma tamamlandı.
   1:3>"c:\Users\Muhammet\Documents\GitHub\Wonderland-Private-Server\wlo.pserver.core\wlo.pserver.core.csproj" projesinin "C:\Program Files\dotnet\sdk\9.0.308\NuGet.targets" dosyasındaki "_GenerateRestoreProjectPathItems" hedefi ("_GenerateRestoreProjectPathWalk" hedefi buna bağımlı):
       "RemoveDuplicates" görevi
       "RemoveDuplicates" görevini yürütme tamamlandı.
   1:3>"wlo.pserver.core.csproj" projesinde "_GenerateRestoreProjectPathItems" hedefini oluşturma tamamlandı.
   1:3>"c:\Users\Muhammet\Documents\GitHub\Wonderland-Private-Server\wlo.pserver.core\wlo.pserver.core.csproj" projesinin "C:\Program Files\dotnet\sdk\9.0.308\NuGet.targets" dosyasındaki "_GenerateRestoreProjectPathWalk" hedefi (giriş noktası):
       "MSBuild" görevi
         Genel Özellikler:
           ExcludeRestorePackageImports=true
     0>"Microsoft.NET.Sdk" SDK’sı "DefaultSdkResolver" çözümleyicisi tarafından "C:\Program Files\dotnet\sdk\9.0.308\Sdks\Microsoft.NET.Sdk\Sdk" konumuna ve "" sürümüne başarıyla çözümlendi.
       C:\Program Files\dotnet\sdk\9.0.308\Sdks\Microsoft.NET.Sdk\Sdk\Sdk.props(49,11): message : 'C:\Program Files\dotnet\sdk\9.0.308\' değerine sahip 'MSBuildExtensionsPath' özelliği ortamdan genişletildi.
       C:\Program Files\dotnet\sdk\9.0.308\Current\Microsoft.Common.props(60,5): message : Özellik yeniden ataması: $(MSBuildProjectExtensionsPath)="c:\Users\Muhammet\Documents\GitHub\Wonderland-Private-Server\PhoenixData\obj\" (önceki değer: "obj\") konum: C:\Program Files\dotnet\sdk\9.0.308\Current\Microsoft.Common.props (60,5)
       C:\Program Files\dotnet\sdk\9.0.308\Current\Microsoft.Common.props(84,119): message : 'C:\Users\Muhammet\AppData\Local\Microsoft\MSBuild' değerine sahip 'MSBuildUserExtensionsPath' özelliği ortamdan genişletildi.
       C:\Program Files\dotnet\sdk\9.0.308\Sdks\Microsoft.NET.Sdk\targets\Microsoft.NET.Sdk.props(90,5): message : Özellik yeniden ataması: $(AssemblySearchPaths)="{CandidateAssemblyFiles};{HintPathFromItem}" (önceki değer: "{CandidateAssemblyFiles}") konum: C:\Program Files\dotnet\sdk\9.0.308\Sdks\Microsoft.NET.Sdk\targets\Microsoft.NET.Sdk.props (90,5)
       C:\Program Files\dotnet\sdk\9.0.308\Sdks\Microsoft.NET.Sdk\targets\Microsoft.NET.Sdk.props(91,5): message : Özellik yeniden ataması: $(AssemblySearchPaths)="{CandidateAssemblyFiles};{HintPathFromItem};{TargetFrameworkDirectory}" (önceki değer: "{CandidateAssemblyFiles};{HintPathFromItem}") konum: C:\Program Files\dotnet\sdk\9.0.308\Sdks\Microsoft.NET.Sdk\targets\Microsoft.NET.Sdk.props (91,5)
       C:\Program Files\dotnet\sdk\9.0.308\Sdks\Microsoft.NET.Sdk\targets\Microsoft.NET.Sdk.props(92,5): message : Özellik yeniden ataması: $(AssemblySearchPaths)="{CandidateAssemblyFiles};{HintPathFromItem};{TargetFrameworkDirectory};{RawFileName}" (önceki değer: "{CandidateAssemblyFiles};{HintPathFromItem};{TargetFrameworkDirectory}") konum: C:\Program Files\dotnet\sdk\9.0.308\Sdks\Microsoft.NET.Sdk\targets\Microsoft.NET.Sdk.props (92,5)
       "DefaultSdkResolver" çözümleyicisi "Microsoft.NET.SDK.WorkloadAutoImportPropsLocator" SDK’sını çözümlemeyi denedi.
       Uyarılar: null
       Hatalar: MSB4276: "C:\Program Files\dotnet\sdk\9.0.308\Sdks\Microsoft.NET.SDK.WorkloadAutoImportPropsLocator\Sdk" dizini olmadığından, varsayılan SDK çözümleyicisi "Microsoft.NET.SDK.WorkloadAutoImportPropsLocator" SDK’sını çözümleyemedi.
       Derleme Evaluation sırasında yüklendi: Microsoft.Build.NuGetSdkResolver, Version=6.14.0.116, Culture=neutral, PublicKeyToken=31bf3856ad364e35 (konum: C:\Program Files\dotnet\sdk\9.0.308\Microsoft.Build.NuGetSdkResolver.dll, MVID: ee5cca45-a90e-417e-aaf7-f0e96f222226, AssemblyLoadContext: MSBuild plugin C:\Program Files\dotnet\sdk\9.0.308\Microsoft.Build.NuGetSdkResolver.dll)
       Derleme Evaluation sırasında yüklendi: NuGet.Common, Version=6.14.0.116, Culture=neutral, PublicKeyToken=31bf3856ad364e35 (konum: C:\Program Files\dotnet\sdk\9.0.308\NuGet.Common.dll, MVID: 0fbb79ae-e358-4591-bc91-e34371a3d05b, AssemblyLoadContext: MSBuild plugin C:\Program Files\dotnet\sdk\9.0.308\Microsoft.Build.NuGetSdkResolver.dll)
       Derleme Evaluation sırasında yüklendi: Microsoft.NET.Sdk.WorkloadMSBuildSdkResolver, Version=9.0.308.0, Culture=neutral, PublicKeyToken=31bf3856ad364e35 (konum: C:\Program Files\dotnet\sdk\9.0.308\Microsoft.NET.Sdk.WorkloadMSBuildSdkResolver.dll, MVID: de80750d-b56e-4389-a05e-16dd6c5dec69, AssemblyLoadContext: MSBuild plugin C:\Program Files\dotnet\sdk\9.0.308\Microsoft.NET.Sdk.WorkloadMSBuildSdkResolver.dll)
       Derleme Evaluation sırasında yüklendi: Microsoft.DotNet.Cli.Utils, Version=9.0.308.0, Culture=neutral, PublicKeyToken=adb9793829ddae60 (konum: C:\Program Files\dotnet\sdk\9.0.308\Microsoft.DotNet.Cli.Utils.dll, MVID: 2ebb2876-03cb-448a-8a26-71bfcb1cdd62, AssemblyLoadContext: MSBuild plugin C:\Program Files\dotnet\sdk\9.0.308\Microsoft.NET.Sdk.WorkloadMSBuildSdkResolver.dll)
       Derleme Evaluation sırasında yüklendi: Microsoft.NET.Sdk.WorkloadManifestReader, Version=9.0.308.0, Culture=neutral, PublicKeyToken=adb9793829ddae60 (konum: C:\Program Files\dotnet\sdk\9.0.308\Microsoft.NET.Sdk.WorkloadManifestReader.dll, MVID: 116b6b15-b12d-443f-88a9-4a46c36ffe56, AssemblyLoadContext: MSBuild plugin C:\Program Files\dotnet\sdk\9.0.308\Microsoft.NET.Sdk.WorkloadMSBuildSdkResolver.dll)
       Derleme Evaluation sırasında yüklendi: System.IO.Pipes, Version=9.0.0.0, Culture=neutral, PublicKeyToken=b03f5f7f11d50a3a (konum: C:\Program Files\dotnet\shared\Microsoft.NETCore.App\9.0.11\System.IO.Pipes.dll, MVID: 77337193-f17e-45f7-84c6-49b39ca06dfd, AssemblyLoadContext: Default)
       Derleme Evaluation sırasında yüklendi: Microsoft.Deployment.DotNet.Releases, Version=2.0.0.0, Culture=neutral, PublicKeyToken=31bf3856ad364e35 (konum: C:\Program Files\dotnet\sdk\9.0.308\Microsoft.Deployment.DotNet.Releases.dll, MVID: 400d16c0-099c-46d2-bc0e-802a0637399b, AssemblyLoadContext: MSBuild plugin C:\Program Files\dotnet\sdk\9.0.308\Microsoft.NET.Sdk.WorkloadMSBuildSdkResolver.dll)
       Derleme Evaluation sırasında yüklendi: System.Security.AccessControl, Version=9.0.0.0, Culture=neutral, PublicKeyToken=b03f5f7f11d50a3a (konum: C:\Program Files\dotnet\shared\Microsoft.NETCore.App\9.0.11\System.Security.AccessControl.dll, MVID: 9d320949-bae0-4a9c-8d2f-5f7a5007f092, AssemblyLoadContext: Default)
       Düğüm 2 yeniden kullanılıyor (PID: 940).
       "Microsoft.NET.Sdk.WindowsDesktop" SDK’sı "DefaultSdkResolver" çözümleyicisi tarafından "C:\Program Files\dotnet\sdk\9.0.308\Sdks\Microsoft.NET.Sdk.WindowsDesktop\Sdk" konumuna ve "" sürümüne başarıyla çözümlendi.
       C:\Program Files\dotnet\sdk\9.0.308\Sdks\Microsoft.NET.Sdk\Sdk\Sdk.props(49,11): message : 'C:\Program Files\dotnet\sdk\9.0.308\' değerine sahip 'MSBuildExtensionsPath' özelliği ortamdan genişletildi.
       C:\Program Files\dotnet\sdk\9.0.308\Current\Microsoft.Common.props(60,5): message : Özellik yeniden ataması: $(MSBuildProjectExtensionsPath)="C:\Users\Muhammet\Documents\GitHub\Wonderland-Private-Server\RCLibrary\obj\" (önceki değer: "obj\") konum: C:\Program Files\dotnet\sdk\9.0.308\Current\Microsoft.Common.props (60,5)
       C:\Program Files\dotnet\sdk\9.0.308\Current\Microsoft.Common.props(84,119): message : 'C:\Users\Muhammet\AppData\Local\Microsoft\MSBuild' değerine sahip 'MSBuildUserExtensionsPath' özelliği ortamdan genişletildi.
       C:\Program Files\dotnet\sdk\9.0.308\Sdks\Microsoft.NET.Sdk\targets\Microsoft.NET.Sdk.props(90,5): message : Özellik yeniden ataması: $(AssemblySearchPaths)="{CandidateAssemblyFiles};{HintPathFromItem}" (önceki değer: "{CandidateAssemblyFiles}") konum: C:\Program Files\dotnet\sdk\9.0.308\Sdks\Microsoft.NET.Sdk\targets\Microsoft.NET.Sdk.props (90,5)
       C:\Program Files\dotnet\sdk\9.0.308\Sdks\Microsoft.NET.Sdk\targets\Microsoft.NET.Sdk.props(91,5): message : Özellik yeniden ataması: $(AssemblySearchPaths)="{CandidateAssemblyFiles};{HintPathFromItem};{TargetFrameworkDirectory}" (önceki değer: "{CandidateAssemblyFiles};{HintPathFromItem}") konum: C:\Program Files\dotnet\sdk\9.0.308\Sdks\Microsoft.NET.Sdk\targets\Microsoft.NET.Sdk.props (91,5)
       C:\Program Files\dotnet\sdk\9.0.308\Sdks\Microsoft.NET.Sdk\targets\Microsoft.NET.Sdk.props(92,5): message : Özellik yeniden ataması: $(AssemblySearchPaths)="{CandidateAssemblyFiles};{HintPathFromItem};{TargetFrameworkDirectory};{RawFileName}" (önceki değer: "{CandidateAssemblyFiles};{HintPathFromItem};{TargetFrameworkDirectory}") konum: C:\Program Files\dotnet\sdk\9.0.308\Sdks\Microsoft.NET.Sdk\targets\Microsoft.NET.Sdk.props (92,5)
       "Microsoft.NET.SDK.WorkloadAutoImportPropsLocator" SDK’sı "Microsoft.DotNet.MSBuildWorkloadSdkResolver" çözümleyicisi tarafından "null" konumuna ve "null" sürümüne başarıyla çözümlendi.
       C:\Program Files\dotnet\sdk\9.0.308\Sdks\Microsoft.NET.Sdk\targets\Microsoft.NET.PackProjectTool.props(15,5): message : Özellik yeniden ataması: $(TargetsForTfmSpecificContentInPackage)=";PackTool;_PackProjectToolValidation" (önceki değer: ";PackTool") konum: C:\Program Files\dotnet\sdk\9.0.308\Sdks\Microsoft.NET.Sdk\targets\Microsoft.NET.PackProjectTool.props (15,5)
       C:\Users\Muhammet\Documents\GitHub\Wonderland-Private-Server\RCLibrary\RCLibrary.csproj(10,5): message : Özellik yeniden ataması: $(AllowUnsafeBlocks)="True" (önceki değer: "false") konum: C:\Users\Muhammet\Documents\GitHub\Wonderland-Private-Server\RCLibrary\RCLibrary.csproj (10,5)
       C:\Program Files\dotnet\sdk\9.0.308\Sdks\Microsoft.NET.Sdk\targets\Microsoft.NET.Sdk.ImportPublishProfile.targets(28,5): message : Özellik yeniden ataması: $(PublishProfileImported)="false" (önceki değer: "true") konum: C:\Program Files\dotnet\sdk\9.0.308\Sdks\Microsoft.NET.Sdk\targets\Microsoft.NET.Sdk.ImportPublishProfile.targets (28,5)
       C:\Program Files\dotnet\sdk\9.0.308\Sdks\Microsoft.NET.Sdk\targets\Microsoft.NET.TargetFrameworkInference.targets(69,5): message : Özellik yeniden ataması: $(TargetPlatformVersion)="" (önceki değer: "0.0") konum: C:\Program Files\dotnet\sdk\9.0.308\Sdks\Microsoft.NET.Sdk\targets\Microsoft.NET.TargetFrameworkInference.targets (69,5)
       C:\Program Files\dotnet\sdk\9.0.308\Sdks\Microsoft.NET.Sdk\targets\Microsoft.NET.DefaultOutputPaths.targets(122,5): message : Özellik yeniden ataması: $(DefaultItemExcludes)=";bin\Debug\/**;obj\Debug\/**" (önceki değer: ";bin\Debug\/**") konum: C:\Program Files\dotnet\sdk\9.0.308\Sdks\Microsoft.NET.Sdk\targets\Microsoft.NET.DefaultOutputPaths.targets (122,5)
       C:\Program Files\dotnet\sdk\9.0.308\Sdks\Microsoft.NET.Sdk\targets\Microsoft.NET.DefaultOutputPaths.targets(137,5): message : Özellik yeniden ataması: $(OutputPath)="bin\Debug\net462\" (önceki değer: "bin\Debug\") konum: C:\Program Files\dotnet\sdk\9.0.308\Sdks\Microsoft.NET.Sdk\targets\Microsoft.NET.DefaultOutputPaths.targets (137,5)
       C:\Program Files\dotnet\sdk\9.0.308\Sdks\Microsoft.NET.Sdk\targets\Microsoft.NET.DefaultOutputPaths.targets(142,5): message : Özellik yeniden ataması: $(IntermediateOutputPath)="obj\Debug\net462\" (önceki değer: "obj\Debug\") konum: C:\Program Files\dotnet\sdk\9.0.308\Sdks\Microsoft.NET.Sdk\targets\Microsoft.NET.DefaultOutputPaths.targets (142,5)
       "DefaultSdkResolver" çözümleyicisi "Microsoft.NET.SDK.WorkloadManifestTargetsLocator" SDK’sını çözümlemeyi denedi.
       Uyarılar: null
       Hatalar: MSB4276: "C:\Program Files\dotnet\sdk\9.0.308\Sdks\Microsoft.NET.SDK.WorkloadManifestTargetsLocator\Sdk" dizini olmadığından, varsayılan SDK çözümleyicisi "Microsoft.NET.SDK.WorkloadManifestTargetsLocator" SDK’sını çözümleyemedi.
       C:\Program Files\dotnet\sdk\9.0.308\Sdks\Microsoft.NET.Sdk\targets\Microsoft.NET.PackProjectTool.props(15,5): message : Özellik yeniden ataması: $(TargetsForTfmSpecificContentInPackage)=";PackTool;_PackProjectToolValidation" (önceki değer: ";PackTool") konum: C:\Program Files\dotnet\sdk\9.0.308\Sdks\Microsoft.NET.Sdk\targets\Microsoft.NET.PackProjectTool.props (15,5)
       c:\Users\Muhammet\Documents\GitHub\Wonderland-Private-Server\PhoenixData\PhoenixData.csproj(9,5): message : Özellik yeniden ataması: $(AllowUnsafeBlocks)="True" (önceki değer: "false") konum: c:\Users\Muhammet\Documents\GitHub\Wonderland-Private-Server\PhoenixData\PhoenixData.csproj (9,5)
       C:\Program Files\dotnet\sdk\9.0.308\Sdks\Microsoft.NET.Sdk\targets\Microsoft.NET.Sdk.ImportPublishProfile.targets(28,5): message : Özellik yeniden ataması: $(PublishProfileImported)="false" (önceki değer: "true") konum: C:\Program Files\dotnet\sdk\9.0.308\Sdks\Microsoft.NET.Sdk\targets\Microsoft.NET.Sdk.ImportPublishProfile.targets (28,5)
       Derleme Evaluation sırasında yüklendi: NuGet.Frameworks, Version=6.14.0.116, Culture=neutral, PublicKeyToken=31bf3856ad364e35 (konum: C:\Program Files\dotnet\sdk\9.0.308\NuGet.Frameworks.dll, MVID: 6b5909cd-5145-46c4-9595-25461e82c126, AssemblyLoadContext: Assembly.LoadFile(C:\Program Files\dotnet\sdk\9.0.308\NuGet.Frameworks.dll))
       "Microsoft.NET.SDK.WorkloadManifestTargetsLocator" SDK’sı "Microsoft.DotNet.MSBuildWorkloadSdkResolver" çözümleyicisi tarafından "C:\Program Files\dotnet\sdk-manifests\9.0.100\microsoft.net.sdk.android\35.0.78" konumuna ve "null" sürümüne başarıyla çözümlendi.
       C:\Program Files\dotnet\sdk\9.0.308\Sdks\Microsoft.NET.Sdk\targets\Microsoft.NET.Sdk.BeforeCommon.targets(189,5): message : Özellik yeniden ataması: $(_FrameworkIdentifierForImplicitDefine)="NET" (önceki değer: "NETFRAMEWORK") konum: C:\Program Files\dotnet\sdk\9.0.308\Sdks\Microsoft.NET.Sdk\targets\Microsoft.NET.Sdk.BeforeCommon.targets (189,5)
       C:\Program Files\dotnet\sdk\9.0.308\Sdks\Microsoft.NET.Sdk\targets\Microsoft.NET.Sdk.BeforeCommon.targets(192,5): message : Özellik yeniden ataması: $(_FrameworkVersionForImplicitDefine)="4_6_2" (önceki değer: "4.6.2") konum: C:\Program Files\dotnet\sdk\9.0.308\Sdks\Microsoft.NET.Sdk\targets\Microsoft.NET.Sdk.BeforeCommon.targets (192,5)
       C:\Program Files\dotnet\sdk\9.0.308\Sdks\Microsoft.NET.Sdk\targets\Microsoft.NET.Sdk.BeforeCommon.targets(193,5): message : Özellik yeniden ataması: $(_FrameworkVersionForImplicitDefine)="462" (önceki değer: "4_6_2") konum: C:\Program Files\dotnet\sdk\9.0.308\Sdks\Microsoft.NET.Sdk\targets\Microsoft.NET.Sdk.BeforeCommon.targets (193,5)
       C:\Program Files\dotnet\sdk\9.0.308\Roslyn\Microsoft.CSharp.Core.targets(200,5): message : Özellik yeniden ataması: $(CommandLineArgsForDesignTimeEvaluation)="-langversion:11.0 -define:TRACE" (önceki değer: "-langversion:11.0") konum: C:\Program Files\dotnet\sdk\9.0.308\Roslyn\Microsoft.CSharp.Core.targets (200,5)
       C:\Program Files\dotnet\sdk\9.0.308\Microsoft.NETFramework.CurrentVersion.props(117,5): message : Özellik yeniden ataması: $(AvailablePlatforms)="Any CPU,x86,x64,ARM64" (önceki değer: "Any CPU,x86,x64") konum: C:\Program Files\dotnet\sdk\9.0.308\Microsoft.NETFramework.CurrentVersion.props (117,5)
       C:\Program Files\dotnet\sdk\9.0.308\Microsoft.Common.CurrentVersion.targets(89,5): message : Özellik yeniden ataması: $(TargetPlatformIdentifier)="Windows" (önceki değer: "") konum: C:\Program Files\dotnet\sdk\9.0.308\Microsoft.Common.CurrentVersion.targets (89,5)
       C:\Program Files\dotnet\sdk\9.0.308\Microsoft.Common.CurrentVersion.targets(90,5): message : Özellik yeniden ataması: $(TargetPlatformVersion)="7.0" (önceki değer: "") konum: C:\Program Files\dotnet\sdk\9.0.308\Microsoft.Common.CurrentVersion.targets (90,5)
       C:\Program Files\dotnet\sdk\9.0.308\Microsoft.Common.CurrentVersion.targets(175,5): message : Özellik yeniden ataması: $(_DebugSymbolsProduced)="true" (önceki değer: "false") konum: C:\Program Files\dotnet\sdk\9.0.308\Microsoft.Common.CurrentVersion.targets (175,5)
       C:\Program Files\dotnet\sdk\9.0.308\Microsoft.Common.CurrentVersion.targets(185,5): message : Özellik yeniden ataması: $(_DocumentationFileProduced)="false" (önceki değer: "true") konum: C:\Program Files\dotnet\sdk\9.0.308\Microsoft.Common.CurrentVersion.targets (185,5)
       C:\Program Files\dotnet\sdk\9.0.308\Microsoft.Common.CurrentVersion.targets(393,5): message : Özellik yeniden ataması: $(MSBuildCopyMarkerName)="RCLibrary.csproj.Up2Date" (önceki değer: "RCLibrary.csproj") konum: C:\Program Files\dotnet\sdk\9.0.308\Microsoft.Common.CurrentVersion.targets (393,5)
       C:\Program Files\dotnet\sdk\9.0.308\Microsoft.Common.CurrentVersion.targets(541,5): message : Özellik yeniden ataması: $(ProcessorArchitecture)="msil" (önceki değer: "") konum: C:\Program Files\dotnet\sdk\9.0.308\Microsoft.Common.CurrentVersion.targets (541,5)
       C:\Program Files\dotnet\sdk\9.0.308\Microsoft.Common.CurrentVersion.targets(580,5): message : Özellik yeniden ataması: $(DelaySign)="" (önceki değer: "false") konum: C:\Program Files\dotnet\sdk\9.0.308\Microsoft.Common.CurrentVersion.targets (580,5)
       C:\Program Files\dotnet\sdk\9.0.308\Microsoft.Common.CurrentVersion.targets(2619,5): message : 'C:\Users\Muhammet\AppData\Local' değerine sahip 'LOCALAPPDATA' özelliği ortamdan genişletildi.
       C:\Program Files\dotnet\sdk\9.0.308\Microsoft.Common.CurrentVersion.targets(3947,5): message : Özellik yeniden ataması: $(_SGenGenerateSerializationAssembliesConfig)="Auto" (önceki değer: "") konum: C:\Program Files\dotnet\sdk\9.0.308\Microsoft.Common.CurrentVersion.targets (3947,5)
       C:\Program Files\dotnet\sdk\9.0.308\Microsoft.Common.CurrentVersion.targets(3948,5): message : Özellik yeniden ataması: $(_SGenGenerateSerializationAssembliesConfig)="Off" (önceki değer: "Auto") konum: C:\Program Files\dotnet\sdk\9.0.308\Microsoft.Common.CurrentVersion.targets (3948,5)
       C:\Program Files\dotnet\sdk\9.0.308\Microsoft.Common.CurrentVersion.targets(5159,5): message : Özellik yeniden ataması: $(_TargetsThatPrepareProjectReferences)="
       C:\Program Files\dotnet\sdk\9.0.308\Microsoft.Common.CurrentVersion.targets(5159,5): message :       AssignProjectConfiguration;
       C:\Program Files\dotnet\sdk\9.0.308\Microsoft.Common.CurrentVersion.targets(5159,5): message :       _SplitProjectReferencesByFileExistence
       C:\Program Files\dotnet\sdk\9.0.308\Microsoft.Common.CurrentVersion.targets(5159,5): message :     " (önceki değer: "_SplitProjectReferencesByFileExistence") konum: C:\Program Files\dotnet\sdk\9.0.308\Microsoft.Common.CurrentVersion.targets (5159,5)
       C:\Program Files\dotnet\sdk\9.0.308\Microsoft.Common.CurrentVersion.targets(6954,5): message : 'C:\Program Files\dotnet\sdk\9.0.308' değerine sahip 'MSBuildExtensionsPath32' özelliği ortamdan genişletildi.
       C:\Program Files\dotnet\sdk\9.0.308\Microsoft.NETFramework.CurrentVersion.targets(74,5): message : Özellik yeniden ataması: $(ResolveReferencesDependsOn)="
       C:\Program Files\dotnet\sdk\9.0.308\Microsoft.NETFramework.CurrentVersion.targets(74,5): message :       
       C:\Program Files\dotnet\sdk\9.0.308\Microsoft.NETFramework.CurrentVersion.targets(74,5): message :       BeforeResolveReferences;
       C:\Program Files\dotnet\sdk\9.0.308\Microsoft.NETFramework.CurrentVersion.targets(74,5): message :       AssignProjectConfiguration;
       C:\Program Files\dotnet\sdk\9.0.308\Microsoft.NETFramework.CurrentVersion.targets(74,5): message :       ResolveProjectReferences;
       C:\Program Files\dotnet\sdk\9.0.308\Microsoft.NETFramework.CurrentVersion.targets(74,5): message :       FindInvalidProjectReferences;
       C:\Program Files\dotnet\sdk\9.0.308\Microsoft.NETFramework.CurrentVersion.targets(74,5): message :       ResolveNativeReferences;
       C:\Program Files\dotnet\sdk\9.0.308\Microsoft.NETFramework.CurrentVersion.targets(74,5): message :       ResolveAssemblyReferences;
       C:\Program Files\dotnet\sdk\9.0.308\Microsoft.NETFramework.CurrentVersion.targets(74,5): message :       GenerateBindingRedirects;
       C:\Program Files\dotnet\sdk\9.0.308\Microsoft.NETFramework.CurrentVersion.targets(74,5): message :       GenerateBindingRedirectsUpdateAppConfig;
       C:\Program Files\dotnet\sdk\9.0.308\Microsoft.NETFramework.CurrentVersion.targets(74,5): message :       ResolveComReferences;
       C:\Program Files\dotnet\sdk\9.0.308\Microsoft.NETFramework.CurrentVersion.targets(74,5): message :       AfterResolveReferences
       C:\Program Files\dotnet\sdk\9.0.308\Microsoft.NETFramework.CurrentVersion.targets(74,5): message :     ;
       C:\Program Files\dotnet\sdk\9.0.308\Microsoft.NETFramework.CurrentVersion.targets(74,5): message :       ImplicitlyExpandDesignTimeFacades
       C:\Program Files\dotnet\sdk\9.0.308\Microsoft.NETFramework.CurrentVersion.targets(74,5): message :     " (önceki değer: "
       C:\Program Files\dotnet\sdk\9.0.308\Microsoft.NETFramework.CurrentVersion.targets(74,5): message :       BeforeResolveReferences;
       C:\Program Files\dotnet\sdk\9.0.308\Microsoft.NETFramework.CurrentVersion.targets(74,5): message :       AssignProjectConfiguration;
       C:\Program Files\dotnet\sdk\9.0.308\Microsoft.NETFramework.CurrentVersion.targets(74,5): message :       ResolveProjectReferences;
       C:\Program Files\dotnet\sdk\9.0.308\Microsoft.NETFramework.CurrentVersion.targets(74,5): message :       FindInvalidProjectReferences;
       C:\Program Files\dotnet\sdk\9.0.308\Microsoft.NETFramework.CurrentVersion.targets(74,5): message :       ResolveNativeReferences;
       C:\Program Files\dotnet\sdk\9.0.308\Microsoft.NETFramework.CurrentVersion.targets(74,5): message :       ResolveAssemblyReferences;
       C:\Program Files\dotnet\sdk\9.0.308\Microsoft.NETFramework.CurrentVersion.targets(74,5): message :       GenerateBindingRedirects;
       C:\Program Files\dotnet\sdk\9.0.308\Microsoft.NETFramework.CurrentVersion.targets(74,5): message :       GenerateBindingRedirectsUpdateAppConfig;
       C:\Program Files\dotnet\sdk\9.0.308\Microsoft.NETFramework.CurrentVersion.targets(74,5): message :       ResolveComReferences;
       C:\Program Files\dotnet\sdk\9.0.308\Microsoft.NETFramework.CurrentVersion.targets(74,5): message :       AfterResolveReferences
       C:\Program Files\dotnet\sdk\9.0.308\Microsoft.NETFramework.CurrentVersion.targets(74,5): message :     ") konum: C:\Program Files\dotnet\sdk\9.0.308\Microsoft.NETFramework.CurrentVersion.targets (74,5)
       Derleme Evaluation sırasında yüklendi: System.Collections.NonGeneric, Version=9.0.0.0, Culture=neutral, PublicKeyToken=b03f5f7f11d50a3a (konum: C:\Program Files\dotnet\shared\Microsoft.NETCore.App\9.0.11\System.Collections.NonGeneric.dll, MVID: fdc16d98-c31a-46f7-b8ea-0f5dc6b8b4ce, AssemblyLoadContext: Default)
       C:\Program Files\dotnet\sdk\9.0.308\Sdks\Microsoft.NET.Sdk\targets\Microsoft.PackageDependencyResolution.targets(24,5): message : Özellik yeniden ataması: $(ProjectAssetsFile)="C:\Users\Muhammet\Documents\GitHub\Wonderland-Private-Server\RCLibrary\obj\project.assets.json" (önceki değer: "C:\Users\Muhammet\Documents\GitHub\Wonderland-Private-Server\RCLibrary\obj\/project.assets.json") konum: C:\Program Files\dotnet\sdk\9.0.308\Sdks\Microsoft.NET.Sdk\targets\Microsoft.PackageDependencyResolution.targets (24,5)
       C:\Program Files\dotnet\sdk\9.0.308\Sdks\Microsoft.NET.Sdk\targets\Microsoft.PackageDependencyResolution.targets(29,5): message : Özellik yeniden ataması: $(ProjectAssetsCacheFile)="C:\Users\Muhammet\Documents\GitHub\Wonderland-Private-Server\RCLibrary\obj\Debug\net462\RCLibrary.assets.cache" (önceki değer: "obj\Debug\net462\RCLibrary.assets.cache") konum: C:\Program Files\dotnet\sdk\9.0.308\Sdks\Microsoft.NET.Sdk\targets\Microsoft.PackageDependencyResolution.targets (29,5)
       C:\Program Files\dotnet\sdk\9.0.308\Sdks\Microsoft.NET.Sdk\targets\Microsoft.PackageDependencyResolution.targets(80,5): message : Özellik yeniden ataması: $(ResolveAssemblyReferencesDependsOn)="
       C:\Program Files\dotnet\sdk\9.0.308\Sdks\Microsoft.NET.Sdk\targets\Microsoft.PackageDependencyResolution.targets(80,5): message :       
       C:\Program Files\dotnet\sdk\9.0.308\Sdks\Microsoft.NET.Sdk\targets\Microsoft.PackageDependencyResolution.targets(80,5): message :       ResolveProjectReferences;
       C:\Program Files\dotnet\sdk\9.0.308\Sdks\Microsoft.NET.Sdk\targets\Microsoft.PackageDependencyResolution.targets(80,5): message :       FindInvalidProjectReferences;
       C:\Program Files\dotnet\sdk\9.0.308\Sdks\Microsoft.NET.Sdk\targets\Microsoft.PackageDependencyResolution.targets(80,5): message :       GetFrameworkPaths;
       C:\Program Files\dotnet\sdk\9.0.308\Sdks\Microsoft.NET.Sdk\targets\Microsoft.PackageDependencyResolution.targets(80,5): message :       GetReferenceAssemblyPaths;
       C:\Program Files\dotnet\sdk\9.0.308\Sdks\Microsoft.NET.Sdk\targets\Microsoft.PackageDependencyResolution.targets(80,5): message :       PrepareForBuild;
       C:\Program Files\dotnet\sdk\9.0.308\Sdks\Microsoft.NET.Sdk\targets\Microsoft.PackageDependencyResolution.targets(80,5): message :       ResolveSDKReferences;
       C:\Program Files\dotnet\sdk\9.0.308\Sdks\Microsoft.NET.Sdk\targets\Microsoft.PackageDependencyResolution.targets(80,5): message :       ExpandSDKReferences;
       C:\Program Files\dotnet\sdk\9.0.308\Sdks\Microsoft.NET.Sdk\targets\Microsoft.PackageDependencyResolution.targets(80,5): message :     ;
       C:\Program Files\dotnet\sdk\9.0.308\Sdks\Microsoft.NET.Sdk\targets\Microsoft.PackageDependencyResolution.targets(80,5): message :       ResolvePackageDependenciesForBuild;
       C:\Program Files\dotnet\sdk\9.0.308\Sdks\Microsoft.NET.Sdk\targets\Microsoft.PackageDependencyResolution.targets(80,5): message :       _HandlePackageFileConflicts;
       C:\Program Files\dotnet\sdk\9.0.308\Sdks\Microsoft.NET.Sdk\targets\Microsoft.PackageDependencyResolution.targets(80,5): message :     " (önceki değer: "
       C:\Program Files\dotnet\sdk\9.0.308\Sdks\Microsoft.NET.Sdk\targets\Microsoft.PackageDependencyResolution.targets(80,5): message :       ResolveProjectReferences;
       C:\Program Files\dotnet\sdk\9.0.308\Sdks\Microsoft.NET.Sdk\targets\Microsoft.PackageDependencyResolution.targets(80,5): message :       FindInvalidProjectReferences;
       C:\Program Files\dotnet\sdk\9.0.308\Sdks\Microsoft.NET.Sdk\targets\Microsoft.PackageDependencyResolution.targets(80,5): message :       GetFrameworkPaths;
       C:\Program Files\dotnet\sdk\9.0.308\Sdks\Microsoft.NET.Sdk\targets\Microsoft.PackageDependencyResolution.targets(80,5): message :       GetReferenceAssemblyPaths;
       C:\Program Files\dotnet\sdk\9.0.308\Sdks\Microsoft.NET.Sdk\targets\Microsoft.PackageDependencyResolution.targets(80,5): message :       PrepareForBuild;
       C:\Program Files\dotnet\sdk\9.0.308\Sdks\Microsoft.NET.Sdk\targets\Microsoft.PackageDependencyResolution.targets(80,5): message :       ResolveSDKReferences;
       C:\Program Files\dotnet\sdk\9.0.308\Sdks\Microsoft.NET.Sdk\targets\Microsoft.PackageDependencyResolution.targets(80,5): message :       ExpandSDKReferences;
       C:\Program Files\dotnet\sdk\9.0.308\Sdks\Microsoft.NET.Sdk\targets\Microsoft.PackageDependencyResolution.targets(80,5): message :     ") konum: C:\Program Files\dotnet\sdk\9.0.308\Sdks\Microsoft.NET.Sdk\targets\Microsoft.PackageDependencyResolution.targets (80,5)
       C:\Program Files\dotnet\sdk\9.0.308\Sdks\Microsoft.NET.Sdk\targets\Microsoft.PackageDependencyResolution.targets(86,5): message : Özellik yeniden ataması: $(PrepareResourcesDependsOn)="
       C:\Program Files\dotnet\sdk\9.0.308\Sdks\Microsoft.NET.Sdk\targets\Microsoft.PackageDependencyResolution.targets(86,5): message :       ResolvePackageDependenciesForBuild;
       C:\Program Files\dotnet\sdk\9.0.308\Sdks\Microsoft.NET.Sdk\targets\Microsoft.PackageDependencyResolution.targets(86,5): message :       _HandlePackageFileConflicts;
       C:\Program Files\dotnet\sdk\9.0.308\Sdks\Microsoft.NET.Sdk\targets\Microsoft.PackageDependencyResolution.targets(86,5): message :       
       C:\Program Files\dotnet\sdk\9.0.308\Sdks\Microsoft.NET.Sdk\targets\Microsoft.PackageDependencyResolution.targets(86,5): message :       ;
       C:\Program Files\dotnet\sdk\9.0.308\Sdks\Microsoft.NET.Sdk\targets\Microsoft.PackageDependencyResolution.targets(86,5): message :       PrepareResourceNames;
       C:\Program Files\dotnet\sdk\9.0.308\Sdks\Microsoft.NET.Sdk\targets\Microsoft.PackageDependencyResolution.targets(86,5): message :       ResGen;
       C:\Program Files\dotnet\sdk\9.0.308\Sdks\Microsoft.NET.Sdk\targets\Microsoft.PackageDependencyResolution.targets(86,5): message :       CompileLicxFiles
       C:\Program Files\dotnet\sdk\9.0.308\Sdks\Microsoft.NET.Sdk\targets\Microsoft.PackageDependencyResolution.targets(86,5): message :     
       C:\Program Files\dotnet\sdk\9.0.308\Sdks\Microsoft.NET.Sdk\targets\Microsoft.PackageDependencyResolution.targets(86,5): message :     " (önceki değer: "
       C:\Program Files\dotnet\sdk\9.0.308\Sdks\Microsoft.NET.Sdk\targets\Microsoft.PackageDependencyResolution.targets(86,5): message :       ;
       C:\Program Files\dotnet\sdk\9.0.308\Sdks\Microsoft.NET.Sdk\targets\Microsoft.PackageDependencyResolution.targets(86,5): message :       PrepareResourceNames;
       C:\Program Files\dotnet\sdk\9.0.308\Sdks\Microsoft.NET.Sdk\targets\Microsoft.PackageDependencyResolution.targets(86,5): message :       ResGen;
       C:\Program Files\dotnet\sdk\9.0.308\Sdks\Microsoft.NET.Sdk\targets\Microsoft.PackageDependencyResolution.targets(86,5): message :       CompileLicxFiles
       C:\Program Files\dotnet\sdk\9.0.308\Sdks\Microsoft.NET.Sdk\targets\Microsoft.PackageDependencyResolution.targets(86,5): message :     ") konum: C:\Program Files\dotnet\sdk\9.0.308\Sdks\Microsoft.NET.Sdk\targets\Microsoft.PackageDependencyResolution.targets (86,5)
       C:\Program Files\dotnet\sdk\9.0.308\Sdks\Microsoft.NET.Sdk\targets\Microsoft.NET.Sdk.DefaultItems.targets(27,5): message : Özellik yeniden ataması: $(DefaultItemExcludes)=";bin\Debug\/**;obj\Debug\/**;bin\/**" (önceki değer: ";bin\Debug\/**;obj\Debug\/**") konum: C:\Program Files\dotnet\sdk\9.0.308\Sdks\Microsoft.NET.Sdk\targets\Microsoft.NET.Sdk.DefaultItems.targets (27,5)
       C:\Program Files\dotnet\sdk\9.0.308\Sdks\Microsoft.NET.Sdk\targets\Microsoft.NET.Sdk.DefaultItems.targets(29,5): message : Özellik yeniden ataması: $(DefaultItemExcludes)=";bin\Debug\/**;obj\Debug\/**;bin\/**;obj\/**" (önceki değer: ";bin\Debug\/**;obj\Debug\/**;bin\/**") konum: C:\Program Files\dotnet\sdk\9.0.308\Sdks\Microsoft.NET.Sdk\targets\Microsoft.NET.Sdk.DefaultItems.targets (29,5)
       C:\Program Files\dotnet\sdk\9.0.308\Sdks\Microsoft.NET.Sdk\targets\Microsoft.NET.Sdk.DefaultItems.targets(32,5): message : Özellik yeniden ataması: $(DefaultItemExcludes)=";bin\Debug\/**;obj\Debug\/**;bin\/**;obj\/**;**/*.user" (önceki değer: ";bin\Debug\/**;obj\Debug\/**;bin\/**;obj\/**") konum: C:\Program Files\dotnet\sdk\9.0.308\Sdks\Microsoft.NET.Sdk\targets\Microsoft.NET.Sdk.DefaultItems.targets (32,5)
       C:\Program Files\dotnet\sdk\9.0.308\Sdks\Microsoft.NET.Sdk\targets\Microsoft.NET.Sdk.DefaultItems.targets(33,5): message : Özellik yeniden ataması: $(DefaultItemExcludes)=";bin\Debug\/**;obj\Debug\/**;bin\/**;obj\/**;**/*.user;**/*.*proj" (önceki değer: ";bin\Debug\/**;obj\Debug\/**;bin\/**;obj\/**;**/*.user") konum: C:\Program Files\dotnet\sdk\9.0.308\Sdks\Microsoft.NET.Sdk\targets\Microsoft.NET.Sdk.DefaultItems.targets (33,5)
       C:\Program Files\dotnet\sdk\9.0.308\Sdks\Microsoft.NET.Sdk\targets\Microsoft.NET.Sdk.DefaultItems.targets(34,5): message : Özellik yeniden ataması: $(DefaultItemExcludes)=";bin\Debug\/**;obj\Debug\/**;bin\/**;obj\/**;**/*.user;**/*.*proj;**/*.sln" (önceki değer: ";bin\Debug\/**;obj\Debug\/**;bin\/**;obj\/**;**/*.user;**/*.*proj") konum: C:\Program Files\dotnet\sdk\9.0.308\Sdks\Microsoft.NET.Sdk\targets\Microsoft.NET.Sdk.DefaultItems.targets (34,5)
       C:\Program Files\dotnet\sdk\9.0.308\Sdks\Microsoft.NET.Sdk\targets\Microsoft.NET.Sdk.DefaultItems.targets(35,5): message : Özellik yeniden ataması: $(DefaultItemExcludes)=";bin\Debug\/**;obj\Debug\/**;bin\/**;obj\/**;**/*.user;**/*.*proj;**/*.sln;**/*.slnx" (önceki değer: ";bin\Debug\/**;obj\Debug\/**;bin\/**;obj\/**;**/*.user;**/*.*proj;**/*.sln") konum: C:\Program Files\dotnet\sdk\9.0.308\Sdks\Microsoft.NET.Sdk\targets\Microsoft.NET.Sdk.DefaultItems.targets (35,5)
       C:\Program Files\dotnet\sdk\9.0.308\Sdks\Microsoft.NET.Sdk\targets\Microsoft.NET.Sdk.DefaultItems.targets(36,5): message : Özellik yeniden ataması: $(DefaultItemExcludes)=";bin\Debug\/**;obj\Debug\/**;bin\/**;obj\/**;**/*.user;**/*.*proj;**/*.sln;**/*.slnx;**/*.vssscc" (önceki değer: ";bin\Debug\/**;obj\Debug\/**;bin\/**;obj\/**;**/*.user;**/*.*proj;**/*.sln;**/*.slnx") konum: C:\Program Files\dotnet\sdk\9.0.308\Sdks\Microsoft.NET.Sdk\targets\Microsoft.NET.Sdk.DefaultItems.targets (36,5)
       C:\Program Files\dotnet\sdk\9.0.308\Sdks\Microsoft.NET.Sdk\targets\Microsoft.NET.Sdk.DefaultItems.targets(37,5): message : Özellik yeniden ataması: $(DefaultItemExcludes)=";bin\Debug\/**;obj\Debug\/**;bin\/**;obj\/**;**/*.user;**/*.*proj;**/*.sln;**/*.slnx;**/*.vssscc;**/.DS_Store" (önceki değer: ";bin\Debug\/**;obj\Debug\/**;bin\/**;obj\/**;**/*.user;**/*.*proj;**/*.sln;**/*.slnx;**/*.vssscc") konum: C:\Program Files\dotnet\sdk\9.0.308\Sdks\Microsoft.NET.Sdk\targets\Microsoft.NET.Sdk.DefaultItems.targets (37,5)
       C:\Program Files\dotnet\sdk\9.0.308\Sdks\Microsoft.NET.Sdk\targets\Microsoft.NET.Sdk.FrameworkReferenceResolution.targets(14,5): message : Özellik yeniden ataması: $(ResolveAssemblyReferencesDependsOn)="
       C:\Program Files\dotnet\sdk\9.0.308\Sdks\Microsoft.NET.Sdk\targets\Microsoft.NET.Sdk.FrameworkReferenceResolution.targets(14,5): message :       
       C:\Program Files\dotnet\sdk\9.0.308\Sdks\Microsoft.NET.Sdk\targets\Microsoft.NET.Sdk.FrameworkReferenceResolution.targets(14,5): message :       
       C:\Program Files\dotnet\sdk\9.0.308\Sdks\Microsoft.NET.Sdk\targets\Microsoft.NET.Sdk.FrameworkReferenceResolution.targets(14,5): message :       ResolveProjectReferences;
       C:\Program Files\dotnet\sdk\9.0.308\Sdks\Microsoft.NET.Sdk\targets\Microsoft.NET.Sdk.FrameworkReferenceResolution.targets(14,5): message :       FindInvalidProjectReferences;
       C:\Program Files\dotnet\sdk\9.0.308\Sdks\Microsoft.NET.Sdk\targets\Microsoft.NET.Sdk.FrameworkReferenceResolution.targets(14,5): message :       GetFrameworkPaths;
       C:\Program Files\dotnet\sdk\9.0.308\Sdks\Microsoft.NET.Sdk\targets\Microsoft.NET.Sdk.FrameworkReferenceResolution.targets(14,5): message :       GetReferenceAssemblyPaths;
       C:\Program Files\dotnet\sdk\9.0.308\Sdks\Microsoft.NET.Sdk\targets\Microsoft.NET.Sdk.FrameworkReferenceResolution.targets(14,5): message :       PrepareForBuild;
       C:\Program Files\dotnet\sdk\9.0.308\Sdks\Microsoft.NET.Sdk\targets\Microsoft.NET.Sdk.FrameworkReferenceResolution.targets(14,5): message :       ResolveSDKReferences;
       C:\Program Files\dotnet\sdk\9.0.308\Sdks\Microsoft.NET.Sdk\targets\Microsoft.NET.Sdk.FrameworkReferenceResolution.targets(14,5): message :       ExpandSDKReferences;
       C:\Program Files\dotnet\sdk\9.0.308\Sdks\Microsoft.NET.Sdk\targets\Microsoft.NET.Sdk.FrameworkReferenceResolution.targets(14,5): message :     ;
       C:\Program Files\dotnet\sdk\9.0.308\Sdks\Microsoft.NET.Sdk\targets\Microsoft.NET.Sdk.FrameworkReferenceResolution.targets(14,5): message :       ResolvePackageDependenciesForBuild;
       C:\Program Files\dotnet\sdk\9.0.308\Sdks\Microsoft.NET.Sdk\targets\Microsoft.NET.Sdk.FrameworkReferenceResolution.targets(14,5): message :       _HandlePackageFileConflicts;
       C:\Program Files\dotnet\sdk\9.0.308\Sdks\Microsoft.NET.Sdk\targets\Microsoft.NET.Sdk.FrameworkReferenceResolution.targets(14,5): message :     ;
       C:\Program Files\dotnet\sdk\9.0.308\Sdks\Microsoft.NET.Sdk\targets\Microsoft.NET.Sdk.FrameworkReferenceResolution.targets(14,5): message :       ResolveTargetingPackAssets;
       C:\Program Files\dotnet\sdk\9.0.308\Sdks\Microsoft.NET.Sdk\targets\Microsoft.NET.Sdk.FrameworkReferenceResolution.targets(14,5): message :     " (önceki değer: "
       C:\Program Files\dotnet\sdk\9.0.308\Sdks\Microsoft.NET.Sdk\targets\Microsoft.NET.Sdk.FrameworkReferenceResolution.targets(14,5): message :       
       C:\Program Files\dotnet\sdk\9.0.308\Sdks\Microsoft.NET.Sdk\targets\Microsoft.NET.Sdk.FrameworkReferenceResolution.targets(14,5): message :       ResolveProjectReferences;
       C:\Program Files\dotnet\sdk\9.0.308\Sdks\Microsoft.NET.Sdk\targets\Microsoft.NET.Sdk.FrameworkReferenceResolution.targets(14,5): message :       FindInvalidProjectReferences;
       C:\Program Files\dotnet\sdk\9.0.308\Sdks\Microsoft.NET.Sdk\targets\Microsoft.NET.Sdk.FrameworkReferenceResolution.targets(14,5): message :       GetFrameworkPaths;
       C:\Program Files\dotnet\sdk\9.0.308\Sdks\Microsoft.NET.Sdk\targets\Microsoft.NET.Sdk.FrameworkReferenceResolution.targets(14,5): message :       GetReferenceAssemblyPaths;
       C:\Program Files\dotnet\sdk\9.0.308\Sdks\Microsoft.NET.Sdk\targets\Microsoft.NET.Sdk.FrameworkReferenceResolution.targets(14,5): message :       PrepareForBuild;
       C:\Program Files\dotnet\sdk\9.0.308\Sdks\Microsoft.NET.Sdk\targets\Microsoft.NET.Sdk.FrameworkReferenceResolution.targets(14,5): message :       ResolveSDKReferences;
       C:\Program Files\dotnet\sdk\9.0.308\Sdks\Microsoft.NET.Sdk\targets\Microsoft.NET.Sdk.FrameworkReferenceResolution.targets(14,5): message :       ExpandSDKReferences;
       C:\Program Files\dotnet\sdk\9.0.308\Sdks\Microsoft.NET.Sdk\targets\Microsoft.NET.Sdk.FrameworkReferenceResolution.targets(14,5): message :     ;
       C:\Program Files\dotnet\sdk\9.0.308\Sdks\Microsoft.NET.Sdk\targets\Microsoft.NET.Sdk.FrameworkReferenceResolution.targets(14,5): message :       ResolvePackageDependenciesForBuild;
       C:\Program Files\dotnet\sdk\9.0.308\Sdks\Microsoft.NET.Sdk\targets\Microsoft.NET.Sdk.FrameworkReferenceResolution.targets(14,5): message :       _HandlePackageFileConflicts;
       C:\Program Files\dotnet\sdk\9.0.308\Sdks\Microsoft.NET.Sdk\targets\Microsoft.NET.Sdk.FrameworkReferenceResolution.targets(14,5): message :     ") konum: C:\Program Files\dotnet\sdk\9.0.308\Sdks\Microsoft.NET.Sdk\targets\Microsoft.NET.Sdk.FrameworkReferenceResolution.targets (14,5)
       C:\Program Files\dotnet\sdk\9.0.308\Sdks\Microsoft.NET.Sdk\targets\Microsoft.NET.Sdk.targets(44,5): message : Özellik yeniden ataması: $(_GenerateRuntimeConfigurationPropertyInputsCache)="C:\Users\Muhammet\Documents\GitHub\Wonderland-Private-Server\RCLibrary\obj\Debug\net462\RCLibrary.genruntimeconfig.cache" (önceki değer: "obj\Debug\net462\RCLibrary.genruntimeconfig.cache") konum: C:\Program Files\dotnet\sdk\9.0.308\Sdks\Microsoft.NET.Sdk\targets\Microsoft.NET.Sdk.targets (44,5)
       C:\Program Files\dotnet\sdk\9.0.308\Sdks\Microsoft.NET.Sdk\targets\Microsoft.NET.Sdk.targets(46,5): message : Özellik yeniden ataması: $(_GeneratePublishDependencyFilePropertyInputsCache)="C:\Users\Muhammet\Documents\GitHub\Wonderland-Private-Server\RCLibrary\obj\Debug\net462\RCLibrary.genpublishdeps.cache" (önceki değer: "obj\Debug\net462\RCLibrary.genpublishdeps.cache") konum: C:\Program Files\dotnet\sdk\9.0.308\Sdks\Microsoft.NET.Sdk\targets\Microsoft.NET.Sdk.targets (46,5)
       C:\Program Files\dotnet\sdk\9.0.308\Sdks\Microsoft.NET.Sdk\targets\Microsoft.NET.Sdk.targets(48,5): message : Özellik yeniden ataması: $(_GenerateSingleFileBundlePropertyInputsCache)="C:\Users\Muhammet\Documents\GitHub\Wonderland-Private-Server\RCLibrary\obj\Debug\net462\RCLibrary.genbundle.cache" (önceki değer: "obj\Debug\net462\RCLibrary.genbundle.cache") konum: C:\Program Files\dotnet\sdk\9.0.308\Sdks\Microsoft.NET.Sdk\targets\Microsoft.NET.Sdk.targets (48,5)
       C:\Program Files\dotnet\sdk\9.0.308\Sdks\Microsoft.NET.Sdk\targets\Microsoft.NET.Sdk.targets(97,5): message : 'C:\Users\Muhammet' değerine sahip 'USERPROFILE' özelliği ortamdan genişletildi.
       C:\Program Files\dotnet\sdk\9.0.308\Sdks\Microsoft.NET.Sdk\targets\Microsoft.NET.Sdk.targets(97,5): message : Özellik yeniden ataması: $(_DefaultUserProfileRuntimeStorePath)="C:\Users\Muhammet" (önceki değer: "") konum: C:\Program Files\dotnet\sdk\9.0.308\Sdks\Microsoft.NET.Sdk\targets\Microsoft.NET.Sdk.targets (97,5)
       C:\Program Files\dotnet\sdk\9.0.308\Sdks\Microsoft.NET.Sdk\targets\Microsoft.NET.Sdk.targets(98,5): message : Özellik yeniden ataması: $(_DefaultUserProfileRuntimeStorePath)="C:\Users\Muhammet\.dotnet\store" (önceki değer: "C:\Users\Muhammet") konum: C:\Program Files\dotnet\sdk\9.0.308\Sdks\Microsoft.NET.Sdk\targets\Microsoft.NET.Sdk.targets (98,5)
       C:\Program Files\dotnet\sdk\9.0.308\Sdks\Microsoft.NET.Sdk\targets\Microsoft.NET.Sdk.targets(201,5): message : Özellik yeniden ataması: $(CoreBuildDependsOn)="
       C:\Program Files\dotnet\sdk\9.0.308\Sdks\Microsoft.NET.Sdk\targets\Microsoft.NET.Sdk.targets(201,5): message :       _CheckForBuildWithNoBuild;
       C:\Program Files\dotnet\sdk\9.0.308\Sdks\Microsoft.NET.Sdk\targets\Microsoft.NET.Sdk.targets(201,5): message :       
       C:\Program Files\dotnet\sdk\9.0.308\Sdks\Microsoft.NET.Sdk\targets\Microsoft.NET.Sdk.targets(201,5): message :       BuildOnlySettings;
       C:\Program Files\dotnet\sdk\9.0.308\Sdks\Microsoft.NET.Sdk\targets\Microsoft.NET.Sdk.targets(201,5): message :       PrepareForBuild;
       C:\Program Files\dotnet\sdk\9.0.308\Sdks\Microsoft.NET.Sdk\targets\Microsoft.NET.Sdk.targets(201,5): message :       PreBuildEvent;
       C:\Program Files\dotnet\sdk\9.0.308\Sdks\Microsoft.NET.Sdk\targets\Microsoft.NET.Sdk.targets(201,5): message :       ResolveReferences;
       C:\Program Files\dotnet\sdk\9.0.308\Sdks\Microsoft.NET.Sdk\targets\Microsoft.NET.Sdk.targets(201,5): message :       PrepareResources;
       C:\Program Files\dotnet\sdk\9.0.308\Sdks\Microsoft.NET.Sdk\targets\Microsoft.NET.Sdk.targets(201,5): message :       ResolveKeySource;
       C:\Program Files\dotnet\sdk\9.0.308\Sdks\Microsoft.NET.Sdk\targets\Microsoft.NET.Sdk.targets(201,5): message :       Compile;
       C:\Program Files\dotnet\sdk\9.0.308\Sdks\Microsoft.NET.Sdk\targets\Microsoft.NET.Sdk.targets(201,5): message :       ExportWindowsMDFile;
       C:\Program Files\dotnet\sdk\9.0.308\Sdks\Microsoft.NET.Sdk\targets\Microsoft.NET.Sdk.targets(201,5): message :       UnmanagedUnregistration;
       C:\Program Files\dotnet\sdk\9.0.308\Sdks\Microsoft.NET.Sdk\targets\Microsoft.NET.Sdk.targets(201,5): message :       GenerateSerializationAssemblies;
       C:\Program Files\dotnet\sdk\9.0.308\Sdks\Microsoft.NET.Sdk\targets\Microsoft.NET.Sdk.targets(201,5): message :       CreateSatelliteAssemblies;
       C:\Program Files\dotnet\sdk\9.0.308\Sdks\Microsoft.NET.Sdk\targets\Microsoft.NET.Sdk.targets(201,5): message :       GenerateManifests;
       C:\Program Files\dotnet\sdk\9.0.308\Sdks\Microsoft.NET.Sdk\targets\Microsoft.NET.Sdk.targets(201,5): message :       GetTargetPath;
       C:\Program Files\dotnet\sdk\9.0.308\Sdks\Microsoft.NET.Sdk\targets\Microsoft.NET.Sdk.targets(201,5): message :       PrepareForRun;
       C:\Program Files\dotnet\sdk\9.0.308\Sdks\Microsoft.NET.Sdk\targets\Microsoft.NET.Sdk.targets(201,5): message :       UnmanagedRegistration;
       C:\Program Files\dotnet\sdk\9.0.308\Sdks\Microsoft.NET.Sdk\targets\Microsoft.NET.Sdk.targets(201,5): message :       IncrementalClean;
       C:\Program Files\dotnet\sdk\9.0.308\Sdks\Microsoft.NET.Sdk\targets\Microsoft.NET.Sdk.targets(201,5): message :       PostBuildEvent
       C:\Program Files\dotnet\sdk\9.0.308\Sdks\Microsoft.NET.Sdk\targets\Microsoft.NET.Sdk.targets(201,5): message :     ;
       C:\Program Files\dotnet\sdk\9.0.308\Sdks\Microsoft.NET.Sdk\targets\Microsoft.NET.Sdk.targets(201,5): message :       GenerateBuildDependencyFile;
       C:\Program Files\dotnet\sdk\9.0.308\Sdks\Microsoft.NET.Sdk\targets\Microsoft.NET.Sdk.targets(201,5): message :       GenerateBuildRuntimeConfigurationFiles
       C:\Program Files\dotnet\sdk\9.0.308\Sdks\Microsoft.NET.Sdk\targets\Microsoft.NET.Sdk.targets(201,5): message :     " (önceki değer: "
       C:\Program Files\dotnet\sdk\9.0.308\Sdks\Microsoft.NET.Sdk\targets\Microsoft.NET.Sdk.targets(201,5): message :       BuildOnlySettings;
       C:\Program Files\dotnet\sdk\9.0.308\Sdks\Microsoft.NET.Sdk\targets\Microsoft.NET.Sdk.targets(201,5): message :       PrepareForBuild;
       C:\Program Files\dotnet\sdk\9.0.308\Sdks\Microsoft.NET.Sdk\targets\Microsoft.NET.Sdk.targets(201,5): message :       PreBuildEvent;
       C:\Program Files\dotnet\sdk\9.0.308\Sdks\Microsoft.NET.Sdk\targets\Microsoft.NET.Sdk.targets(201,5): message :       ResolveReferences;
       C:\Program Files\dotnet\sdk\9.0.308\Sdks\Microsoft.NET.Sdk\targets\Microsoft.NET.Sdk.targets(201,5): message :       PrepareResources;
       C:\Program Files\dotnet\sdk\9.0.308\Sdks\Microsoft.NET.Sdk\targets\Microsoft.NET.Sdk.targets(201,5): message :       ResolveKeySource;
       C:\Program Files\dotnet\sdk\9.0.308\Sdks\Microsoft.NET.Sdk\targets\Microsoft.NET.Sdk.targets(201,5): message :       Compile;
       C:\Program Files\dotnet\sdk\9.0.308\Sdks\Microsoft.NET.Sdk\targets\Microsoft.NET.Sdk.targets(201,5): message :       ExportWindowsMDFile;
       C:\Program Files\dotnet\sdk\9.0.308\Sdks\Microsoft.NET.Sdk\targets\Microsoft.NET.Sdk.targets(201,5): message :       UnmanagedUnregistration;
       C:\Program Files\dotnet\sdk\9.0.308\Sdks\Microsoft.NET.Sdk\targets\Microsoft.NET.Sdk.targets(201,5): message :       GenerateSerializationAssemblies;
       C:\Program Files\dotnet\sdk\9.0.308\Sdks\Microsoft.NET.Sdk\targets\Microsoft.NET.Sdk.targets(201,5): message :       CreateSatelliteAssemblies;
       C:\Program Files\dotnet\sdk\9.0.308\Sdks\Microsoft.NET.Sdk\targets\Microsoft.NET.Sdk.targets(201,5): message :       GenerateManifests;
       C:\Program Files\dotnet\sdk\9.0.308\Sdks\Microsoft.NET.Sdk\targets\Microsoft.NET.Sdk.targets(201,5): message :       GetTargetPath;
       C:\Program Files\dotnet\sdk\9.0.308\Sdks\Microsoft.NET.Sdk\targets\Microsoft.NET.Sdk.targets(201,5): message :       PrepareForRun;
       C:\Program Files\dotnet\sdk\9.0.308\Sdks\Microsoft.NET.Sdk\targets\Microsoft.NET.Sdk.targets(201,5): message :       UnmanagedRegistration;
       C:\Program Files\dotnet\sdk\9.0.308\Sdks\Microsoft.NET.Sdk\targets\Microsoft.NET.Sdk.targets(201,5): message :       IncrementalClean;
       C:\Program Files\dotnet\sdk\9.0.308\Sdks\Microsoft.NET.Sdk\targets\Microsoft.NET.Sdk.targets(201,5): message :       PostBuildEvent
       C:\Program Files\dotnet\sdk\9.0.308\Sdks\Microsoft.NET.Sdk\targets\Microsoft.NET.Sdk.targets(201,5): message :     ") konum: C:\Program Files\dotnet\sdk\9.0.308\Sdks\Microsoft.NET.Sdk\targets\Microsoft.NET.Sdk.targets (201,5)
       C:\Program Files\dotnet\sdk\9.0.308\Sdks\Microsoft.NET.Sdk\targets\Microsoft.NET.Sdk.targets(210,5): message : Özellik yeniden ataması: $(CoreCleanDependsOn)="
       C:\Program Files\dotnet\sdk\9.0.308\Sdks\Microsoft.NET.Sdk\targets\Microsoft.NET.Sdk.targets(210,5): message :       _SdkBeforeClean;
       C:\Program Files\dotnet\sdk\9.0.308\Sdks\Microsoft.NET.Sdk\targets\Microsoft.NET.Sdk.targets(210,5): message :       
       C:\Program Files\dotnet\sdk\9.0.308\Sdks\Microsoft.NET.Sdk\targets\Microsoft.NET.Sdk.targets(210,5): message :     " (önceki değer: "") konum: C:\Program Files\dotnet\sdk\9.0.308\Sdks\Microsoft.NET.Sdk\targets\Microsoft.NET.Sdk.targets (210,5)
       C:\Program Files\dotnet\sdk\9.0.308\Sdks\Microsoft.NET.Sdk\targets\Microsoft.NET.Sdk.targets(217,5): message : Özellik yeniden ataması: $(RebuildDependsOn)="
       C:\Program Files\dotnet\sdk\9.0.308\Sdks\Microsoft.NET.Sdk\targets\Microsoft.NET.Sdk.targets(217,5): message :       _SdkBeforeRebuild;
       C:\Program Files\dotnet\sdk\9.0.308\Sdks\Microsoft.NET.Sdk\targets\Microsoft.NET.Sdk.targets(217,5): message :       
       C:\Program Files\dotnet\sdk\9.0.308\Sdks\Microsoft.NET.Sdk\targets\Microsoft.NET.Sdk.targets(217,5): message :       BeforeRebuild;
       C:\Program Files\dotnet\sdk\9.0.308\Sdks\Microsoft.NET.Sdk\targets\Microsoft.NET.Sdk.targets(217,5): message :       Clean;
       C:\Program Files\dotnet\sdk\9.0.308\Sdks\Microsoft.NET.Sdk\targets\Microsoft.NET.Sdk.targets(217,5): message :       Build;
       C:\Program Files\dotnet\sdk\9.0.308\Sdks\Microsoft.NET.Sdk\targets\Microsoft.NET.Sdk.targets(217,5): message :       AfterRebuild;
       C:\Program Files\dotnet\sdk\9.0.308\Sdks\Microsoft.NET.Sdk\targets\Microsoft.NET.Sdk.targets(217,5): message :     
       C:\Program Files\dotnet\sdk\9.0.308\Sdks\Microsoft.NET.Sdk\targets\Microsoft.NET.Sdk.targets(217,5): message :     " (önceki değer: "
       C:\Program Files\dotnet\sdk\9.0.308\Sdks\Microsoft.NET.Sdk\targets\Microsoft.NET.Sdk.targets(217,5): message :       BeforeRebuild;
       C:\Program Files\dotnet\sdk\9.0.308\Sdks\Microsoft.NET.Sdk\targets\Microsoft.NET.Sdk.targets(217,5): message :       Clean;
       C:\Program Files\dotnet\sdk\9.0.308\Sdks\Microsoft.NET.Sdk\targets\Microsoft.NET.Sdk.targets(217,5): message :       Build;
       C:\Program Files\dotnet\sdk\9.0.308\Sdks\Microsoft.NET.Sdk\targets\Microsoft.NET.Sdk.targets(217,5): message :       AfterRebuild;
       C:\Program Files\dotnet\sdk\9.0.308\Sdks\Microsoft.NET.Sdk\targets\Microsoft.NET.Sdk.targets(217,5): message :     ") konum: C:\Program Files\dotnet\sdk\9.0.308\Sdks\Microsoft.NET.Sdk\targets\Microsoft.NET.Sdk.targets (217,5)
       C:\Program Files\dotnet\sdk\9.0.308\Sdks\Microsoft.NET.Sdk\targets\Microsoft.NET.Sdk.targets(784,5): message : Özellik yeniden ataması: $(CompileDependsOn)="
       C:\Program Files\dotnet\sdk\9.0.308\Sdks\Microsoft.NET.Sdk\targets\Microsoft.NET.Sdk.targets(784,5): message :       
       C:\Program Files\dotnet\sdk\9.0.308\Sdks\Microsoft.NET.Sdk\targets\Microsoft.NET.Sdk.targets(784,5): message :       ResolveReferences;
       C:\Program Files\dotnet\sdk\9.0.308\Sdks\Microsoft.NET.Sdk\targets\Microsoft.NET.Sdk.targets(784,5): message :       ResolveKeySource;
       C:\Program Files\dotnet\sdk\9.0.308\Sdks\Microsoft.NET.Sdk\targets\Microsoft.NET.Sdk.targets(784,5): message :       SetWin32ManifestProperties;
       C:\Program Files\dotnet\sdk\9.0.308\Sdks\Microsoft.NET.Sdk\targets\Microsoft.NET.Sdk.targets(784,5): message :       _SetPreferNativeArm64Win32ManifestProperties;
       C:\Program Files\dotnet\sdk\9.0.308\Sdks\Microsoft.NET.Sdk\targets\Microsoft.NET.Sdk.targets(784,5): message :       FindReferenceAssembliesForReferences;
       C:\Program Files\dotnet\sdk\9.0.308\Sdks\Microsoft.NET.Sdk\targets\Microsoft.NET.Sdk.targets(784,5): message :       _GenerateCompileInputs;
       C:\Program Files\dotnet\sdk\9.0.308\Sdks\Microsoft.NET.Sdk\targets\Microsoft.NET.Sdk.targets(784,5): message :       BeforeCompile;
       C:\Program Files\dotnet\sdk\9.0.308\Sdks\Microsoft.NET.Sdk\targets\Microsoft.NET.Sdk.targets(784,5): message :       _TimeStampBeforeCompile;
       C:\Program Files\dotnet\sdk\9.0.308\Sdks\Microsoft.NET.Sdk\targets\Microsoft.NET.Sdk.targets(784,5): message :       _GenerateCompileDependencyCache;
       C:\Program Files\dotnet\sdk\9.0.308\Sdks\Microsoft.NET.Sdk\targets\Microsoft.NET.Sdk.targets(784,5): message :       CoreCompile;
       C:\Program Files\dotnet\sdk\9.0.308\Sdks\Microsoft.NET.Sdk\targets\Microsoft.NET.Sdk.targets(784,5): message :       _TimeStampAfterCompile;
       C:\Program Files\dotnet\sdk\9.0.308\Sdks\Microsoft.NET.Sdk\targets\Microsoft.NET.Sdk.targets(784,5): message :       AfterCompile;
       C:\Program Files\dotnet\sdk\9.0.308\Sdks\Microsoft.NET.Sdk\targets\Microsoft.NET.Sdk.targets(784,5): message :     ;
       C:\Program Files\dotnet\sdk\9.0.308\Sdks\Microsoft.NET.Sdk\targets\Microsoft.NET.Sdk.targets(784,5): message :       _CreateAppHost;
       C:\Program Files\dotnet\sdk\9.0.308\Sdks\Microsoft.NET.Sdk\targets\Microsoft.NET.Sdk.targets(784,5): message :       _CreateComHost;
       C:\Program Files\dotnet\sdk\9.0.308\Sdks\Microsoft.NET.Sdk\targets\Microsoft.NET.Sdk.targets(784,5): message :       _GetIjwHostPaths;
       C:\Program Files\dotnet\sdk\9.0.308\Sdks\Microsoft.NET.Sdk\targets\Microsoft.NET.Sdk.targets(784,5): message :     " (önceki değer: "
       C:\Program Files\dotnet\sdk\9.0.308\Sdks\Microsoft.NET.Sdk\targets\Microsoft.NET.Sdk.targets(784,5): message :       ResolveReferences;
       C:\Program Files\dotnet\sdk\9.0.308\Sdks\Microsoft.NET.Sdk\targets\Microsoft.NET.Sdk.targets(784,5): message :       ResolveKeySource;
       C:\Program Files\dotnet\sdk\9.0.308\Sdks\Microsoft.NET.Sdk\targets\Microsoft.NET.Sdk.targets(784,5): message :       SetWin32ManifestProperties;
       C:\Program Files\dotnet\sdk\9.0.308\Sdks\Microsoft.NET.Sdk\targets\Microsoft.NET.Sdk.targets(784,5): message :       _SetPreferNativeArm64Win32ManifestProperties;
       C:\Program Files\dotnet\sdk\9.0.308\Sdks\Microsoft.NET.Sdk\targets\Microsoft.NET.Sdk.targets(784,5): message :       FindReferenceAssembliesForReferences;
       C:\Program Files\dotnet\sdk\9.0.308\Sdks\Microsoft.NET.Sdk\targets\Microsoft.NET.Sdk.targets(784,5): message :       _GenerateCompileInputs;
       C:\Program Files\dotnet\sdk\9.0.308\Sdks\Microsoft.NET.Sdk\targets\Microsoft.NET.Sdk.targets(784,5): message :       BeforeCompile;
       C:\Program Files\dotnet\sdk\9.0.308\Sdks\Microsoft.NET.Sdk\targets\Microsoft.NET.Sdk.targets(784,5): message :       _TimeStampBeforeCompile;
       C:\Program Files\dotnet\sdk\9.0.308\Sdks\Microsoft.NET.Sdk\targets\Microsoft.NET.Sdk.targets(784,5): message :       _GenerateCompileDependencyCache;
       C:\Program Files\dotnet\sdk\9.0.308\Sdks\Microsoft.NET.Sdk\targets\Microsoft.NET.Sdk.targets(784,5): message :       CoreCompile;
       C:\Program Files\dotnet\sdk\9.0.308\Sdks\Microsoft.NET.Sdk\targets\Microsoft.NET.Sdk.targets(784,5): message :       _TimeStampAfterCompile;
       C:\Program Files\dotnet\sdk\9.0.308\Sdks\Microsoft.NET.Sdk\targets\Microsoft.NET.Sdk.targets(784,5): message :       AfterCompile;
       C:\Program Files\dotnet\sdk\9.0.308\Sdks\Microsoft.NET.Sdk\targets\Microsoft.NET.Sdk.targets(784,5): message :     ") konum: C:\Program Files\dotnet\sdk\9.0.308\Sdks\Microsoft.NET.Sdk\targets\Microsoft.NET.Sdk.targets (784,5)
       C:\Program Files\dotnet\sdk\9.0.308\Sdks\Microsoft.NET.Sdk\targets\Microsoft.NET.Sdk.targets(1184,5): message : Özellik yeniden ataması: $(CreateSatelliteAssembliesDependsOn)="
       C:\Program Files\dotnet\sdk\9.0.308\Sdks\Microsoft.NET.Sdk\targets\Microsoft.NET.Sdk.targets(1184,5): message :       
       C:\Program Files\dotnet\sdk\9.0.308\Sdks\Microsoft.NET.Sdk\targets\Microsoft.NET.Sdk.targets(1184,5): message :       ;
       C:\Program Files\dotnet\sdk\9.0.308\Sdks\Microsoft.NET.Sdk\targets\Microsoft.NET.Sdk.targets(1184,5): message :       _GenerateSatelliteAssemblyInputs;
       C:\Program Files\dotnet\sdk\9.0.308\Sdks\Microsoft.NET.Sdk\targets\Microsoft.NET.Sdk.targets(1184,5): message :       ComputeIntermediateSatelliteAssemblies;
       C:\Program Files\dotnet\sdk\9.0.308\Sdks\Microsoft.NET.Sdk\targets\Microsoft.NET.Sdk.targets(1184,5): message :       GenerateSatelliteAssemblies
       C:\Program Files\dotnet\sdk\9.0.308\Sdks\Microsoft.NET.Sdk\targets\Microsoft.NET.Sdk.targets(1184,5): message :     ;
       C:\Program Files\dotnet\sdk\9.0.308\Sdks\Microsoft.NET.Sdk\targets\Microsoft.NET.Sdk.targets(1184,5): message :       CoreGenerateSatelliteAssemblies
       C:\Program Files\dotnet\sdk\9.0.308\Sdks\Microsoft.NET.Sdk\targets\Microsoft.NET.Sdk.targets(1184,5): message :     " (önceki değer: "
       C:\Program Files\dotnet\sdk\9.0.308\Sdks\Microsoft.NET.Sdk\targets\Microsoft.NET.Sdk.targets(1184,5): message :       ;
       C:\Program Files\dotnet\sdk\9.0.308\Sdks\Microsoft.NET.Sdk\targets\Microsoft.NET.Sdk.targets(1184,5): message :       _GenerateSatelliteAssemblyInputs;
       C:\Program Files\dotnet\sdk\9.0.308\Sdks\Microsoft.NET.Sdk\targets\Microsoft.NET.Sdk.targets(1184,5): message :       ComputeIntermediateSatelliteAssemblies;
       C:\Program Files\dotnet\sdk\9.0.308\Sdks\Microsoft.NET.Sdk\targets\Microsoft.NET.Sdk.targets(1184,5): message :       GenerateSatelliteAssemblies
       C:\Program Files\dotnet\sdk\9.0.308\Sdks\Microsoft.NET.Sdk\targets\Microsoft.NET.Sdk.targets(1184,5): message :     ") konum: C:\Program Files\dotnet\sdk\9.0.308\Sdks\Microsoft.NET.Sdk\targets\Microsoft.NET.Sdk.targets (1184,5)
       C:\Program Files\dotnet\sdk\9.0.308\Sdks\Microsoft.SourceLink.GitLab\build\Microsoft.SourceLink.GitLab.targets(12,5): message : Özellik yeniden ataması: $(SourceLinkUrlInitializerTargets)=";_InitializeGitHubSourceLinkUrl;_InitializeGitLabSourceLinkUrl" (önceki değer: ";_InitializeGitHubSourceLinkUrl") konum: C:\Program Files\dotnet\sdk\9.0.308\Sdks\Microsoft.SourceLink.GitLab\build\Microsoft.SourceLink.GitLab.targets (12,5)
       C:\Program Files\dotnet\sdk\9.0.308\Sdks\Microsoft.SourceLink.GitLab\build\Microsoft.SourceLink.GitLab.targets(13,5): message : Özellik yeniden ataması: $(SourceControlManagerUrlTranslationTargets)=";TranslateGitHubUrlsInSourceControlInformation;TranslateGitLabUrlsInSourceControlInformation" (önceki değer: ";TranslateGitHubUrlsInSourceControlInformation") konum: C:\Program Files\dotnet\sdk\9.0.308\Sdks\Microsoft.SourceLink.GitLab\build\Microsoft.SourceLink.GitLab.targets (13,5)
       C:\Program Files\dotnet\sdk\9.0.308\Sdks\Microsoft.SourceLink.AzureRepos.Git\build\Microsoft.SourceLink.AzureRepos.Git.targets(12,5): message : Özellik yeniden ataması: $(SourceLinkUrlInitializerTargets)=";_InitializeGitHubSourceLinkUrl;_InitializeGitLabSourceLinkUrl;_InitializeAzureReposGitSourceLinkUrl" (önceki değer: ";_InitializeGitHubSourceLinkUrl;_InitializeGitLabSourceLinkUrl") konum: C:\Program Files\dotnet\sdk\9.0.308\Sdks\Microsoft.SourceLink.AzureRepos.Git\build\Microsoft.SourceLink.AzureRepos.Git.targets (12,5)
       C:\Program Files\dotnet\sdk\9.0.308\Sdks\Microsoft.SourceLink.AzureRepos.Git\build\Microsoft.SourceLink.AzureRepos.Git.targets(13,5): message : Özellik yeniden ataması: $(SourceControlManagerUrlTranslationTargets)=";TranslateGitHubUrlsInSourceControlInformation;TranslateGitLabUrlsInSourceControlInformation;TranslateAzureReposGitUrlsInSourceControlInformation" (önceki değer: ";TranslateGitHubUrlsInSourceControlInformation;TranslateGitLabUrlsInSourceControlInformation") konum: C:\Program Files\dotnet\sdk\9.0.308\Sdks\Microsoft.SourceLink.AzureRepos.Git\build\Microsoft.SourceLink.AzureRepos.Git.targets (13,5)
       C:\Program Files\dotnet\sdk\9.0.308\Sdks\Microsoft.SourceLink.Bitbucket.Git\build\Microsoft.SourceLink.Bitbucket.Git.targets(12,5): message : Özellik yeniden ataması: $(SourceLinkUrlInitializerTargets)=";_InitializeGitHubSourceLinkUrl;_InitializeGitLabSourceLinkUrl;_InitializeAzureReposGitSourceLinkUrl;_InitializeBitbucketGitSourceLinkUrl" (önceki değer: ";_InitializeGitHubSourceLinkUrl;_InitializeGitLabSourceLinkUrl;_InitializeAzureReposGitSourceLinkUrl") konum: C:\Program Files\dotnet\sdk\9.0.308\Sdks\Microsoft.SourceLink.Bitbucket.Git\build\Microsoft.SourceLink.Bitbucket.Git.targets (12,5)
       C:\Program Files\dotnet\sdk\9.0.308\Sdks\Microsoft.SourceLink.Bitbucket.Git\build\Microsoft.SourceLink.Bitbucket.Git.targets(13,5): message : Özellik yeniden ataması: $(SourceControlManagerUrlTranslationTargets)=";TranslateGitHubUrlsInSourceControlInformation;TranslateGitLabUrlsInSourceControlInformation;TranslateAzureReposGitUrlsInSourceControlInformation;TranslateBitbucketGitUrlsInSourceControlInformation" (önceki değer: ";TranslateGitHubUrlsInSourceControlInformation;TranslateGitLabUrlsInSourceControlInformation;TranslateAzureReposGitUrlsInSourceControlInformation") konum: C:\Program Files\dotnet\sdk\9.0.308\Sdks\Microsoft.SourceLink.Bitbucket.Git\build\Microsoft.SourceLink.Bitbucket.Git.targets (13,5)
       C:\Program Files\dotnet\sdk\9.0.308\Sdks\Microsoft.NET.Sdk\targets\Microsoft.NET.DesignerSupport.targets(21,5): message : Özellik yeniden ataması: $(DesignerRuntimeImplementationProjectOutputGroupDependsOn)="
       C:\Program Files\dotnet\sdk\9.0.308\Sdks\Microsoft.NET.Sdk\targets\Microsoft.NET.DesignerSupport.targets(21,5): message :       
       C:\Program Files\dotnet\sdk\9.0.308\Sdks\Microsoft.NET.Sdk\targets\Microsoft.NET.DesignerSupport.targets(21,5): message :       ;
       C:\Program Files\dotnet\sdk\9.0.308\Sdks\Microsoft.NET.Sdk\targets\Microsoft.NET.DesignerSupport.targets(21,5): message :       
       C:\Program Files\dotnet\sdk\9.0.308\Sdks\Microsoft.NET.Sdk\targets\Microsoft.NET.DesignerSupport.targets(21,5): message :       ;
       C:\Program Files\dotnet\sdk\9.0.308\Sdks\Microsoft.NET.Sdk\targets\Microsoft.NET.DesignerSupport.targets(21,5): message :       BuildOnlySettings;
       C:\Program Files\dotnet\sdk\9.0.308\Sdks\Microsoft.NET.Sdk\targets\Microsoft.NET.DesignerSupport.targets(21,5): message :       PrepareForBuild;
       C:\Program Files\dotnet\sdk\9.0.308\Sdks\Microsoft.NET.Sdk\targets\Microsoft.NET.DesignerSupport.targets(21,5): message :       AssignTargetPaths;
       C:\Program Files\dotnet\sdk\9.0.308\Sdks\Microsoft.NET.Sdk\targets\Microsoft.NET.DesignerSupport.targets(21,5): message :       ResolveReferences
       C:\Program Files\dotnet\sdk\9.0.308\Sdks\Microsoft.NET.Sdk\targets\Microsoft.NET.DesignerSupport.targets(21,5): message :     
       C:\Program Files\dotnet\sdk\9.0.308\Sdks\Microsoft.NET.Sdk\targets\Microsoft.NET.DesignerSupport.targets(21,5): message :     ;
       C:\Program Files\dotnet\sdk\9.0.308\Sdks\Microsoft.NET.Sdk\targets\Microsoft.NET.DesignerSupport.targets(21,5): message :       _GenerateDesignerDepsFile;
       C:\Program Files\dotnet\sdk\9.0.308\Sdks\Microsoft.NET.Sdk\targets\Microsoft.NET.DesignerSupport.targets(21,5): message :       _GenerateDesignerRuntimeConfigFile;
       C:\Program Files\dotnet\sdk\9.0.308\Sdks\Microsoft.NET.Sdk\targets\Microsoft.NET.DesignerSupport.targets(21,5): message :       GetCopyToOutputDirectoryItems;
       C:\Program Files\dotnet\sdk\9.0.308\Sdks\Microsoft.NET.Sdk\targets\Microsoft.NET.DesignerSupport.targets(21,5): message :       _GatherDesignerShadowCopyFiles;
       C:\Program Files\dotnet\sdk\9.0.308\Sdks\Microsoft.NET.Sdk\targets\Microsoft.NET.DesignerSupport.targets(21,5): message :     " (önceki değer: "
       C:\Program Files\dotnet\sdk\9.0.308\Sdks\Microsoft.NET.Sdk\targets\Microsoft.NET.DesignerSupport.targets(21,5): message :       ;
       C:\Program Files\dotnet\sdk\9.0.308\Sdks\Microsoft.NET.Sdk\targets\Microsoft.NET.DesignerSupport.targets(21,5): message :       
       C:\Program Files\dotnet\sdk\9.0.308\Sdks\Microsoft.NET.Sdk\targets\Microsoft.NET.DesignerSupport.targets(21,5): message :       ;
       C:\Program Files\dotnet\sdk\9.0.308\Sdks\Microsoft.NET.Sdk\targets\Microsoft.NET.DesignerSupport.targets(21,5): message :       BuildOnlySettings;
       C:\Program Files\dotnet\sdk\9.0.308\Sdks\Microsoft.NET.Sdk\targets\Microsoft.NET.DesignerSupport.targets(21,5): message :       PrepareForBuild;
       C:\Program Files\dotnet\sdk\9.0.308\Sdks\Microsoft.NET.Sdk\targets\Microsoft.NET.DesignerSupport.targets(21,5): message :       AssignTargetPaths;
       C:\Program Files\dotnet\sdk\9.0.308\Sdks\Microsoft.NET.Sdk\targets\Microsoft.NET.DesignerSupport.targets(21,5): message :       ResolveReferences
       C:\Program Files\dotnet\sdk\9.0.308\Sdks\Microsoft.NET.Sdk\targets\Microsoft.NET.DesignerSupport.targets(21,5): message :     
       C:\Program Files\dotnet\sdk\9.0.308\Sdks\Microsoft.NET.Sdk\targets\Microsoft.NET.DesignerSupport.targets(21,5): message :     ") konum: C:\Program Files\dotnet\sdk\9.0.308\Sdks\Microsoft.NET.Sdk\targets\Microsoft.NET.DesignerSupport.targets (21,5)
       C:\Program Files\dotnet\sdk\9.0.308\Sdks\Microsoft.NET.Sdk\targets\Microsoft.NET.PackTool.targets(68,5): message : Özellik yeniden ataması: $(_GenerateToolsSettingsFileCacheFile)="C:\Users\Muhammet\Documents\GitHub\Wonderland-Private-Server\RCLibrary\obj\Debug\net462\RCLibrary.toolssettingsinput.cache" (önceki değer: "obj\Debug\net462\RCLibrary.toolssettingsinput.cache") konum: C:\Program Files\dotnet\sdk\9.0.308\Sdks\Microsoft.NET.Sdk\targets\Microsoft.NET.PackTool.targets (68,5)
       C:\Program Files\dotnet\sdk\9.0.308\Sdks\Microsoft.NET.Sdk\targets\Microsoft.NET.PackTool.targets(137,5): message : Özellik yeniden ataması: $(_ShimInputCacheFile)="C:\Users\Muhammet\Documents\GitHub\Wonderland-Private-Server\RCLibrary\obj\Debug\net462\RCLibrary.shiminput.cache" (önceki değer: "obj\Debug\net462\RCLibrary.shiminput.cache") konum: C:\Program Files\dotnet\sdk\9.0.308\Sdks\Microsoft.NET.Sdk\targets\Microsoft.NET.PackTool.targets (137,5)
       C:\Program Files\dotnet\sdk\9.0.308\Sdks\Microsoft.NET.Sdk\targets\Microsoft.NET.PackTool.targets(139,5): message : Özellik yeniden ataması: $(_ShimCreatedSentinelFile)="C:\Users\Muhammet\Documents\GitHub\Wonderland-Private-Server\RCLibrary\obj\Debug\net462\RCLibrary.shimcreated.sentinel" (önceki değer: "obj\Debug\net462\RCLibrary.shimcreated.sentinel") konum: C:\Program Files\dotnet\sdk\9.0.308\Sdks\Microsoft.NET.Sdk\targets\Microsoft.NET.PackTool.targets (139,5)
       C:\Program Files\dotnet\sdk\9.0.308\Sdks\Microsoft.NET.Sdk\targets\Microsoft.NET.Sdk.CSharp.targets(31,5): message : Özellik yeniden ataması: $(DefineConstants)="TRACE;DEBUG" (önceki değer: "TRACE") konum: C:\Program Files\dotnet\sdk\9.0.308\Sdks\Microsoft.NET.Sdk\targets\Microsoft.NET.Sdk.CSharp.targets (31,5)
       C:\Program Files\dotnet\sdk\9.0.308\Sdks\Microsoft.NET.Sdk\targets\Microsoft.NET.Sdk.CSharp.targets(34,5): message : Özellik yeniden ataması: $(DefineConstants)="TRACE;DEBUG;NETFRAMEWORK;NET462;" (önceki değer: "TRACE;DEBUG") konum: C:\Program Files\dotnet\sdk\9.0.308\Sdks\Microsoft.NET.Sdk\targets\Microsoft.NET.Sdk.CSharp.targets (34,5)
       C:\Program Files\dotnet\sdk\9.0.308\Sdks\Microsoft.NET.Sdk\targets\Microsoft.NET.Windows.targets(44,5): message : Özellik yeniden ataması: $(SupportedOSPlatformVersion)="7.0" (önceki değer: "") konum: C:\Program Files\dotnet\sdk\9.0.308\Sdks\Microsoft.NET.Sdk\targets\Microsoft.NET.Windows.targets (44,5)
       C:\Program Files\dotnet\sdk\9.0.308\Sdks\Microsoft.NET.Sdk\targets\Microsoft.NET.Windows.targets(45,5): message : Özellik yeniden ataması: $(TargetPlatformMinVersion)="7.0" (önceki değer: "") konum: C:\Program Files\dotnet\sdk\9.0.308\Sdks\Microsoft.NET.Sdk\targets\Microsoft.NET.Windows.targets (45,5)
       C:\Program Files\dotnet\sdk\9.0.308\Sdks\Microsoft.NET.Sdk.WindowsDesktop\targets\Microsoft.NET.Sdk.WindowsDesktop.targets(51,5): message : Özellik yeniden ataması: $(_TargetFrameworkVersionValue)="4.6.2" (önceki değer: "0.0") konum: C:\Program Files\dotnet\sdk\9.0.308\Sdks\Microsoft.NET.Sdk.WindowsDesktop\targets\Microsoft.NET.Sdk.WindowsDesktop.targets (51,5)
       C:\Program Files\dotnet\sdk\9.0.308\Sdks\Microsoft.NET.Sdk.WindowsDesktop\targets\Microsoft.WinFX.targets(61,7): message : Özellik yeniden ataması: $(PrepareResourceNamesDependsOn)="
       C:\Program Files\dotnet\sdk\9.0.308\Sdks\Microsoft.NET.Sdk.WindowsDesktop\targets\Microsoft.WinFX.targets(61,7): message :                     AssignWinFXEmbeddedResource;
       C:\Program Files\dotnet\sdk\9.0.308\Sdks\Microsoft.NET.Sdk.WindowsDesktop\targets\Microsoft.WinFX.targets(61,7): message :                     
       C:\Program Files\dotnet\sdk\9.0.308\Sdks\Microsoft.NET.Sdk.WindowsDesktop\targets\Microsoft.WinFX.targets(61,7): message :       AssignTargetPaths;
       C:\Program Files\dotnet\sdk\9.0.308\Sdks\Microsoft.NET.Sdk.WindowsDesktop\targets\Microsoft.WinFX.targets(61,7): message :       SplitResourcesByCulture;
       C:\Program Files\dotnet\sdk\9.0.308\Sdks\Microsoft.NET.Sdk.WindowsDesktop\targets\Microsoft.WinFX.targets(61,7): message :       CreateManifestResourceNames;
       C:\Program Files\dotnet\sdk\9.0.308\Sdks\Microsoft.NET.Sdk.WindowsDesktop\targets\Microsoft.WinFX.targets(61,7): message :       CreateCustomManifestResourceNames
       C:\Program Files\dotnet\sdk\9.0.308\Sdks\Microsoft.NET.Sdk.WindowsDesktop\targets\Microsoft.WinFX.targets(61,7): message :     
       C:\Program Files\dotnet\sdk\9.0.308\Sdks\Microsoft.NET.Sdk.WindowsDesktop\targets\Microsoft.WinFX.targets(61,7): message :       " (önceki değer: "
       C:\Program Files\dotnet\sdk\9.0.308\Sdks\Microsoft.NET.Sdk.WindowsDesktop\targets\Microsoft.WinFX.targets(61,7): message :       AssignTargetPaths;
       C:\Program Files\dotnet\sdk\9.0.308\Sdks\Microsoft.NET.Sdk.WindowsDesktop\targets\Microsoft.WinFX.targets(61,7): message :       SplitResourcesByCulture;
       C:\Program Files\dotnet\sdk\9.0.308\Sdks\Microsoft.NET.Sdk.WindowsDesktop\targets\Microsoft.WinFX.targets(61,7): message :       CreateManifestResourceNames;
       C:\Program Files\dotnet\sdk\9.0.308\Sdks\Microsoft.NET.Sdk.WindowsDesktop\targets\Microsoft.WinFX.targets(61,7): message :       CreateCustomManifestResourceNames
       C:\Program Files\dotnet\sdk\9.0.308\Sdks\Microsoft.NET.Sdk.WindowsDesktop\targets\Microsoft.WinFX.targets(61,7): message :     ") konum: C:\Program Files\dotnet\sdk\9.0.308\Sdks\Microsoft.NET.Sdk.WindowsDesktop\targets\Microsoft.WinFX.targets (61,7)
       C:\Program Files\dotnet\sdk\9.0.308\Sdks\Microsoft.NET.Sdk.WindowsDesktop\targets\Microsoft.WinFX.targets(69,7): message : Özellik yeniden ataması: $(PrepareResourcesDependsOn)="
       C:\Program Files\dotnet\sdk\9.0.308\Sdks\Microsoft.NET.Sdk.WindowsDesktop\targets\Microsoft.WinFX.targets(69,7): message :                 MarkupCompilePass1;
       C:\Program Files\dotnet\sdk\9.0.308\Sdks\Microsoft.NET.Sdk.WindowsDesktop\targets\Microsoft.WinFX.targets(69,7): message :                 AfterMarkupCompilePass1;
       C:\Program Files\dotnet\sdk\9.0.308\Sdks\Microsoft.NET.Sdk.WindowsDesktop\targets\Microsoft.WinFX.targets(69,7): message :                 MarkupCompilePass2ForMainAssembly;
       C:\Program Files\dotnet\sdk\9.0.308\Sdks\Microsoft.NET.Sdk.WindowsDesktop\targets\Microsoft.WinFX.targets(69,7): message :                 FileClassification;
       C:\Program Files\dotnet\sdk\9.0.308\Sdks\Microsoft.NET.Sdk.WindowsDesktop\targets\Microsoft.WinFX.targets(69,7): message :                 MainResourcesGeneration;
       C:\Program Files\dotnet\sdk\9.0.308\Sdks\Microsoft.NET.Sdk.WindowsDesktop\targets\Microsoft.WinFX.targets(69,7): message :                 
       C:\Program Files\dotnet\sdk\9.0.308\Sdks\Microsoft.NET.Sdk.WindowsDesktop\targets\Microsoft.WinFX.targets(69,7): message :       ResolvePackageDependenciesForBuild;
       C:\Program Files\dotnet\sdk\9.0.308\Sdks\Microsoft.NET.Sdk.WindowsDesktop\targets\Microsoft.WinFX.targets(69,7): message :       _HandlePackageFileConflicts;
       C:\Program Files\dotnet\sdk\9.0.308\Sdks\Microsoft.NET.Sdk.WindowsDesktop\targets\Microsoft.WinFX.targets(69,7): message :       
       C:\Program Files\dotnet\sdk\9.0.308\Sdks\Microsoft.NET.Sdk.WindowsDesktop\targets\Microsoft.WinFX.targets(69,7): message :       ;
       C:\Program Files\dotnet\sdk\9.0.308\Sdks\Microsoft.NET.Sdk.WindowsDesktop\targets\Microsoft.WinFX.targets(69,7): message :       PrepareResourceNames;
       C:\Program Files\dotnet\sdk\9.0.308\Sdks\Microsoft.NET.Sdk.WindowsDesktop\targets\Microsoft.WinFX.targets(69,7): message :       ResGen;
       C:\Program Files\dotnet\sdk\9.0.308\Sdks\Microsoft.NET.Sdk.WindowsDesktop\targets\Microsoft.WinFX.targets(69,7): message :       CompileLicxFiles
       C:\Program Files\dotnet\sdk\9.0.308\Sdks\Microsoft.NET.Sdk.WindowsDesktop\targets\Microsoft.WinFX.targets(69,7): message :     
       C:\Program Files\dotnet\sdk\9.0.308\Sdks\Microsoft.NET.Sdk.WindowsDesktop\targets\Microsoft.WinFX.targets(69,7): message :     
       C:\Program Files\dotnet\sdk\9.0.308\Sdks\Microsoft.NET.Sdk.WindowsDesktop\targets\Microsoft.WinFX.targets(69,7): message :       " (önceki değer: "
       C:\Program Files\dotnet\sdk\9.0.308\Sdks\Microsoft.NET.Sdk.WindowsDesktop\targets\Microsoft.WinFX.targets(69,7): message :       ResolvePackageDependenciesForBuild;
       C:\Program Files\dotnet\sdk\9.0.308\Sdks\Microsoft.NET.Sdk.WindowsDesktop\targets\Microsoft.WinFX.targets(69,7): message :       _HandlePackageFileConflicts;
       C:\Program Files\dotnet\sdk\9.0.308\Sdks\Microsoft.NET.Sdk.WindowsDesktop\targets\Microsoft.WinFX.targets(69,7): message :       
       C:\Program Files\dotnet\sdk\9.0.308\Sdks\Microsoft.NET.Sdk.WindowsDesktop\targets\Microsoft.WinFX.targets(69,7): message :       ;
       C:\Program Files\dotnet\sdk\9.0.308\Sdks\Microsoft.NET.Sdk.WindowsDesktop\targets\Microsoft.WinFX.targets(69,7): message :       PrepareResourceNames;
       C:\Program Files\dotnet\sdk\9.0.308\Sdks\Microsoft.NET.Sdk.WindowsDesktop\targets\Microsoft.WinFX.targets(69,7): message :       ResGen;
       C:\Program Files\dotnet\sdk\9.0.308\Sdks\Microsoft.NET.Sdk.WindowsDesktop\targets\Microsoft.WinFX.targets(69,7): message :       CompileLicxFiles
       C:\Program Files\dotnet\sdk\9.0.308\Sdks\Microsoft.NET.Sdk.WindowsDesktop\targets\Microsoft.WinFX.targets(69,7): message :     
       C:\Program Files\dotnet\sdk\9.0.308\Sdks\Microsoft.NET.Sdk.WindowsDesktop\targets\Microsoft.WinFX.targets(69,7): message :     ") konum: C:\Program Files\dotnet\sdk\9.0.308\Sdks\Microsoft.NET.Sdk.WindowsDesktop\targets\Microsoft.WinFX.targets (69,7)
       C:\Program Files\dotnet\sdk\9.0.308\Sdks\Microsoft.NET.Sdk.WindowsDesktop\targets\Microsoft.WinFX.targets(136,5): message : Özellik yeniden ataması: $(CompileDependsOn)="
       C:\Program Files\dotnet\sdk\9.0.308\Sdks\Microsoft.NET.Sdk.WindowsDesktop\targets\Microsoft.WinFX.targets(136,5): message :         
       C:\Program Files\dotnet\sdk\9.0.308\Sdks\Microsoft.NET.Sdk.WindowsDesktop\targets\Microsoft.WinFX.targets(136,5): message :       
       C:\Program Files\dotnet\sdk\9.0.308\Sdks\Microsoft.NET.Sdk.WindowsDesktop\targets\Microsoft.WinFX.targets(136,5): message :       ResolveReferences;
       C:\Program Files\dotnet\sdk\9.0.308\Sdks\Microsoft.NET.Sdk.WindowsDesktop\targets\Microsoft.WinFX.targets(136,5): message :       ResolveKeySource;
       C:\Program Files\dotnet\sdk\9.0.308\Sdks\Microsoft.NET.Sdk.WindowsDesktop\targets\Microsoft.WinFX.targets(136,5): message :       SetWin32ManifestProperties;
       C:\Program Files\dotnet\sdk\9.0.308\Sdks\Microsoft.NET.Sdk.WindowsDesktop\targets\Microsoft.WinFX.targets(136,5): message :       _SetPreferNativeArm64Win32ManifestProperties;
       C:\Program Files\dotnet\sdk\9.0.308\Sdks\Microsoft.NET.Sdk.WindowsDesktop\targets\Microsoft.WinFX.targets(136,5): message :       FindReferenceAssembliesForReferences;
       C:\Program Files\dotnet\sdk\9.0.308\Sdks\Microsoft.NET.Sdk.WindowsDesktop\targets\Microsoft.WinFX.targets(136,5): message :       _GenerateCompileInputs;
       C:\Program Files\dotnet\sdk\9.0.308\Sdks\Microsoft.NET.Sdk.WindowsDesktop\targets\Microsoft.WinFX.targets(136,5): message :       BeforeCompile;
       C:\Program Files\dotnet\sdk\9.0.308\Sdks\Microsoft.NET.Sdk.WindowsDesktop\targets\Microsoft.WinFX.targets(136,5): message :       _TimeStampBeforeCompile;
       C:\Program Files\dotnet\sdk\9.0.308\Sdks\Microsoft.NET.Sdk.WindowsDesktop\targets\Microsoft.WinFX.targets(136,5): message :       _GenerateCompileDependencyCache;
       C:\Program Files\dotnet\sdk\9.0.308\Sdks\Microsoft.NET.Sdk.WindowsDesktop\targets\Microsoft.WinFX.targets(136,5): message :       CoreCompile;
       C:\Program Files\dotnet\sdk\9.0.308\Sdks\Microsoft.NET.Sdk.WindowsDesktop\targets\Microsoft.WinFX.targets(136,5): message :       _TimeStampAfterCompile;
       C:\Program Files\dotnet\sdk\9.0.308\Sdks\Microsoft.NET.Sdk.WindowsDesktop\targets\Microsoft.WinFX.targets(136,5): message :       AfterCompile;
       C:\Program Files\dotnet\sdk\9.0.308\Sdks\Microsoft.NET.Sdk.WindowsDesktop\targets\Microsoft.WinFX.targets(136,5): message :     ;
       C:\Program Files\dotnet\sdk\9.0.308\Sdks\Microsoft.NET.Sdk.WindowsDesktop\targets\Microsoft.WinFX.targets(136,5): message :       _CreateAppHost;
       C:\Program Files\dotnet\sdk\9.0.308\Sdks\Microsoft.NET.Sdk.WindowsDesktop\targets\Microsoft.WinFX.targets(136,5): message :       _CreateComHost;
       C:\Program Files\dotnet\sdk\9.0.308\Sdks\Microsoft.NET.Sdk.WindowsDesktop\targets\Microsoft.WinFX.targets(136,5): message :       _GetIjwHostPaths;
       C:\Program Files\dotnet\sdk\9.0.308\Sdks\Microsoft.NET.Sdk.WindowsDesktop\targets\Microsoft.WinFX.targets(136,5): message :     ;
       C:\Program Files\dotnet\sdk\9.0.308\Sdks\Microsoft.NET.Sdk.WindowsDesktop\targets\Microsoft.WinFX.targets(136,5): message :         _AfterCompileWinFXInternal
       C:\Program Files\dotnet\sdk\9.0.308\Sdks\Microsoft.NET.Sdk.WindowsDesktop\targets\Microsoft.WinFX.targets(136,5): message :     " (önceki değer: "
       C:\Program Files\dotnet\sdk\9.0.308\Sdks\Microsoft.NET.Sdk.WindowsDesktop\targets\Microsoft.WinFX.targets(136,5): message :       
       C:\Program Files\dotnet\sdk\9.0.308\Sdks\Microsoft.NET.Sdk.WindowsDesktop\targets\Microsoft.WinFX.targets(136,5): message :       ResolveReferences;
       C:\Program Files\dotnet\sdk\9.0.308\Sdks\Microsoft.NET.Sdk.WindowsDesktop\targets\Microsoft.WinFX.targets(136,5): message :       ResolveKeySource;
       C:\Program Files\dotnet\sdk\9.0.308\Sdks\Microsoft.NET.Sdk.WindowsDesktop\targets\Microsoft.WinFX.targets(136,5): message :       SetWin32ManifestProperties;
       C:\Program Files\dotnet\sdk\9.0.308\Sdks\Microsoft.NET.Sdk.WindowsDesktop\targets\Microsoft.WinFX.targets(136,5): message :       _SetPreferNativeArm64Win32ManifestProperties;
       C:\Program Files\dotnet\sdk\9.0.308\Sdks\Microsoft.NET.Sdk.WindowsDesktop\targets\Microsoft.WinFX.targets(136,5): message :       FindReferenceAssembliesForReferences;
       C:\Program Files\dotnet\sdk\9.0.308\Sdks\Microsoft.NET.Sdk.WindowsDesktop\targets\Microsoft.WinFX.targets(136,5): message :       _GenerateCompileInputs;
       C:\Program Files\dotnet\sdk\9.0.308\Sdks\Microsoft.NET.Sdk.WindowsDesktop\targets\Microsoft.WinFX.targets(136,5): message :       BeforeCompile;
       C:\Program Files\dotnet\sdk\9.0.308\Sdks\Microsoft.NET.Sdk.WindowsDesktop\targets\Microsoft.WinFX.targets(136,5): message :       _TimeStampBeforeCompile;
       C:\Program Files\dotnet\sdk\9.0.308\Sdks\Microsoft.NET.Sdk.WindowsDesktop\targets\Microsoft.WinFX.targets(136,5): message :       _GenerateCompileDependencyCache;
       C:\Program Files\dotnet\sdk\9.0.308\Sdks\Microsoft.NET.Sdk.WindowsDesktop\targets\Microsoft.WinFX.targets(136,5): message :       CoreCompile;
       C:\Program Files\dotnet\sdk\9.0.308\Sdks\Microsoft.NET.Sdk.WindowsDesktop\targets\Microsoft.WinFX.targets(136,5): message :       _TimeStampAfterCompile;
       C:\Program Files\dotnet\sdk\9.0.308\Sdks\Microsoft.NET.Sdk.WindowsDesktop\targets\Microsoft.WinFX.targets(136,5): message :       AfterCompile;
       C:\Program Files\dotnet\sdk\9.0.308\Sdks\Microsoft.NET.Sdk.WindowsDesktop\targets\Microsoft.WinFX.targets(136,5): message :     ;
       C:\Program Files\dotnet\sdk\9.0.308\Sdks\Microsoft.NET.Sdk.WindowsDesktop\targets\Microsoft.WinFX.targets(136,5): message :       _CreateAppHost;
       C:\Program Files\dotnet\sdk\9.0.308\Sdks\Microsoft.NET.Sdk.WindowsDesktop\targets\Microsoft.WinFX.targets(136,5): message :       _CreateComHost;
       C:\Program Files\dotnet\sdk\9.0.308\Sdks\Microsoft.NET.Sdk.WindowsDesktop\targets\Microsoft.WinFX.targets(136,5): message :       _GetIjwHostPaths;
       C:\Program Files\dotnet\sdk\9.0.308\Sdks\Microsoft.NET.Sdk.WindowsDesktop\targets\Microsoft.WinFX.targets(136,5): message :     ") konum: C:\Program Files\dotnet\sdk\9.0.308\Sdks\Microsoft.NET.Sdk.WindowsDesktop\targets\Microsoft.WinFX.targets (136,5)
       C:\Program Files\dotnet\sdk\9.0.308\Sdks\Microsoft.NET.Sdk.WindowsDesktop\targets\Microsoft.WinFX.targets(803,9): message : Özellik yeniden ataması: $(PublishBuildDependsOn)="
       C:\Program Files\dotnet\sdk\9.0.308\Sdks\Microsoft.NET.Sdk.WindowsDesktop\targets\Microsoft.WinFX.targets(803,9): message :             BuildOnlySettings;
       C:\Program Files\dotnet\sdk\9.0.308\Sdks\Microsoft.NET.Sdk.WindowsDesktop\targets\Microsoft.WinFX.targets(803,9): message :             PrepareForBuild;
       C:\Program Files\dotnet\sdk\9.0.308\Sdks\Microsoft.NET.Sdk.WindowsDesktop\targets\Microsoft.WinFX.targets(803,9): message :             ResolveReferences;
       C:\Program Files\dotnet\sdk\9.0.308\Sdks\Microsoft.NET.Sdk.WindowsDesktop\targets\Microsoft.WinFX.targets(803,9): message :             PrepareResources;
       C:\Program Files\dotnet\sdk\9.0.308\Sdks\Microsoft.NET.Sdk.WindowsDesktop\targets\Microsoft.WinFX.targets(803,9): message :             ResolveKeySource;
       C:\Program Files\dotnet\sdk\9.0.308\Sdks\Microsoft.NET.Sdk.WindowsDesktop\targets\Microsoft.WinFX.targets(803,9): message :             PrepareResourcesForSatelliteAssemblies;
       C:\Program Files\dotnet\sdk\9.0.308\Sdks\Microsoft.NET.Sdk.WindowsDesktop\targets\Microsoft.WinFX.targets(803,9): message :             GenerateSerializationAssemblies;
       C:\Program Files\dotnet\sdk\9.0.308\Sdks\Microsoft.NET.Sdk.WindowsDesktop\targets\Microsoft.WinFX.targets(803,9): message :             CreateSatelliteAssemblies;
       C:\Program Files\dotnet\sdk\9.0.308\Sdks\Microsoft.NET.Sdk.WindowsDesktop\targets\Microsoft.WinFX.targets(803,9): message :         " (önceki değer: "
       C:\Program Files\dotnet\sdk\9.0.308\Sdks\Microsoft.NET.Sdk.WindowsDesktop\targets\Microsoft.WinFX.targets(803,9): message :       BuildOnlySettings;
       C:\Program Files\dotnet\sdk\9.0.308\Sdks\Microsoft.NET.Sdk.WindowsDesktop\targets\Microsoft.WinFX.targets(803,9): message :       PrepareForBuild;
       C:\Program Files\dotnet\sdk\9.0.308\Sdks\Microsoft.NET.Sdk.WindowsDesktop\targets\Microsoft.WinFX.targets(803,9): message :       ResolveReferences;
       C:\Program Files\dotnet\sdk\9.0.308\Sdks\Microsoft.NET.Sdk.WindowsDesktop\targets\Microsoft.WinFX.targets(803,9): message :       PrepareResources;
       C:\Program Files\dotnet\sdk\9.0.308\Sdks\Microsoft.NET.Sdk.WindowsDesktop\targets\Microsoft.WinFX.targets(803,9): message :       ResolveKeySource;
       C:\Program Files\dotnet\sdk\9.0.308\Sdks\Microsoft.NET.Sdk.WindowsDesktop\targets\Microsoft.WinFX.targets(803,9): message :       GenerateSerializationAssemblies;
       C:\Program Files\dotnet\sdk\9.0.308\Sdks\Microsoft.NET.Sdk.WindowsDesktop\targets\Microsoft.WinFX.targets(803,9): message :       CreateSatelliteAssemblies;
       C:\Program Files\dotnet\sdk\9.0.308\Sdks\Microsoft.NET.Sdk.WindowsDesktop\targets\Microsoft.WinFX.targets(803,9): message :     ") konum: C:\Program Files\dotnet\sdk\9.0.308\Sdks\Microsoft.NET.Sdk.WindowsDesktop\targets\Microsoft.WinFX.targets (803,9)
       C:\Program Files\dotnet\sdk\9.0.308\Sdks\NuGet.Build.Tasks.Pack\build\NuGet.Build.Tasks.Pack.targets(34,5): message : Özellik yeniden ataması: $(PackageDescription)="Package Description" (önceki değer: "") konum: C:\Program Files\dotnet\sdk\9.0.308\Sdks\NuGet.Build.Tasks.Pack\build\NuGet.Build.Tasks.Pack.targets (34,5)
       C:\Program Files\dotnet\sdk\9.0.308\Sdks\Microsoft.NET.Sdk\targets\Microsoft.NET.TargetFrameworkInference.targets(69,5): message : Özellik yeniden ataması: $(TargetPlatformVersion)="" (önceki değer: "0.0") konum: C:\Program Files\dotnet\sdk\9.0.308\Sdks\Microsoft.NET.Sdk\targets\Microsoft.NET.TargetFrameworkInference.targets (69,5)
       C:\Program Files\dotnet\sdk\9.0.308\Sdks\NuGet.Build.Tasks.Pack\build\NuGet.Build.Tasks.Pack.targets(59,5): message : Özellik yeniden ataması: $(GenerateNuspecDependsOn)="Build;_LoadPackInputItems; _GetTargetFrameworksOutput; _WalkEachTargetPerFramework; _GetPackageFiles; " (önceki değer: "_LoadPackInputItems; _GetTargetFrameworksOutput; _WalkEachTargetPerFramework; _GetPackageFiles; ") konum: C:\Program Files\dotnet\sdk\9.0.308\Sdks\NuGet.Build.Tasks.Pack\build\NuGet.Build.Tasks.Pack.targets (59,5)
       C:\Program Files\dotnet\sdk\9.0.308\Sdks\Microsoft.NET.Sdk\Sdk\Sdk.targets(60,5): message : Özellik yeniden ataması: $(_IsNotSetContainersTargetsDir)="true" (önceki değer: "false") konum: C:\Program Files\dotnet\sdk\9.0.308\Sdks\Microsoft.NET.Sdk\Sdk\Sdk.targets (60,5)
       C:\Program Files\dotnet\sdk\9.0.308\Containers\build\Microsoft.NET.Build.Containers.targets(5,5): message : Özellik yeniden ataması: $(_IsSDKContainerAllowedVersion)="true" (önceki değer: "false") konum: C:\Program Files\dotnet\sdk\9.0.308\Containers\build\Microsoft.NET.Build.Containers.targets (5,5)
       C:\Program Files\dotnet\sdk\9.0.308\Sdks\Microsoft.NET.Sdk\targets\Microsoft.NET.DefaultOutputPaths.targets(122,5): message : Özellik yeniden ataması: $(DefaultItemExcludes)=";bin\Debug\/**;obj\Debug\/**" (önceki değer: ";bin\Debug\/**") konum: C:\Program Files\dotnet\sdk\9.0.308\Sdks\Microsoft.NET.Sdk\targets\Microsoft.NET.DefaultOutputPaths.targets (122,5)
       C:\Program Files\dotnet\sdk\9.0.308\Sdks\Microsoft.NET.Sdk\targets\Microsoft.NET.DefaultOutputPaths.targets(137,5): message : Özellik yeniden ataması: $(OutputPath)="bin\Debug\net462\" (önceki değer: "bin\Debug\") konum: C:\Program Files\dotnet\sdk\9.0.308\Sdks\Microsoft.NET.Sdk\targets\Microsoft.NET.DefaultOutputPaths.targets (137,5)
       C:\Program Files\dotnet\sdk\9.0.308\Sdks\Microsoft.NET.Sdk\targets\Microsoft.NET.DefaultOutputPaths.targets(142,5): message : Özellik yeniden ataması: $(IntermediateOutputPath)="obj\Debug\net462\" (önceki değer: "obj\Debug\") konum: C:\Program Files\dotnet\sdk\9.0.308\Sdks\Microsoft.NET.Sdk\targets\Microsoft.NET.DefaultOutputPaths.targets (142,5)
       "C:\Program Files\dotnet\sdk\9.0.308\Microsoft.NETFramework.CurrentVersion.targets" projesindeki "GetFrameworkPaths" hedefi kullanılarak "C:\Program Files\dotnet\sdk\9.0.308\Microsoft.Common.CurrentVersion.targets" projesindeki "GetFrameworkPaths" hedefinin üzerine yazılıyor.
       "C:\Program Files\dotnet\sdk\9.0.308\Sdks\Microsoft.NET.Sdk\targets\Microsoft.NET.Sdk.FrameworkReferenceResolution.targets" projesindeki "ResolveFrameworkReferences" hedefi kullanılarak "C:\Program Files\dotnet\sdk\9.0.308\Microsoft.Common.CurrentVersion.targets" projesindeki "ResolveFrameworkReferences" hedefinin üzerine yazılıyor.
       "C:\Program Files\dotnet\sdk\9.0.308\Sdks\Microsoft.NET.Sdk\targets\Microsoft.NET.Sdk.targets" projesindeki "Run" hedefi kullanılarak "C:\Program Files\dotnet\sdk\9.0.308\Microsoft.Common.CurrentVersion.targets" projesindeki "Run" hedefinin üzerine yazılıyor.
       "C:\Program Files\dotnet\sdk\9.0.308\Sdks\Microsoft.NET.Sdk\targets\Microsoft.NET.Sdk.targets" projesindeki "GenerateSupportedTargetFrameworkAlias" hedefi kullanılarak "C:\Program Files\dotnet\sdk\9.0.308\Microsoft.Common.CurrentVersion.targets" projesindeki "GenerateSupportedTargetFrameworkAlias" hedefinin üzerine yazılıyor.
       "C:\Program Files\dotnet\sdk\9.0.308\Sdks\Microsoft.NET.Sdk\targets\Microsoft.NET.DesignerSupport.targets" projesindeki "DesignerRuntimeImplementationProjectOutputGroup" hedefi kullanılarak "C:\Program Files\dotnet\sdk\9.0.308\Microsoft.Common.CurrentVersion.targets" projesindeki "DesignerRuntimeImplementationProjectOutputGroup" hedefinin üzerine yazılıyor.
       "C:\Program Files\dotnet\sdk\9.0.308\Sdks\Microsoft.NET.Sdk\targets\Microsoft.NET.Publish.targets" projesindeki "Publish" hedefi kullanılarak "C:\Program Files\dotnet\sdk\9.0.308\Microsoft.Common.CurrentVersion.targets" projesindeki "Publish" hedefinin üzerine yazılıyor.
       "C:\Program Files\dotnet\sdk\9.0.308\Sdks\Microsoft.NET.Sdk\targets\Microsoft.NET.Publish.targets" projesindeki "ResolveReadyToRunCompilers" hedefi kullanılarak "C:\Program Files\dotnet\sdk\9.0.308\Sdks\Microsoft.NET.Sdk\targets\Microsoft.NET.CrossGen.targets" projesindeki "ResolveReadyToRunCompilers" hedefinin üzerine yazılıyor.
       "C:\Program Files\dotnet\sdk\9.0.308\Sdks\Microsoft.NET.Sdk\targets\Microsoft.NET.Publish.targets" projesindeki "GetCopyToPublishDirectoryItems" hedefi kullanılarak "C:\Program Files\dotnet\sdk\9.0.308\Microsoft.Common.CurrentVersion.targets" projesindeki "GetCopyToPublishDirectoryItems" hedefinin üzerine yazılıyor.
       "C:\Program Files\dotnet\sdk\9.0.308\Sdks\Microsoft.NET.Sdk.WindowsDesktop\targets\Microsoft.WinFX.targets" projesindeki "SatelliteDllsProjectOutputGroup" hedefi kullanılarak "C:\Program Files\dotnet\sdk\9.0.308\Microsoft.Common.CurrentVersion.targets" projesindeki "SatelliteDllsProjectOutputGroup" hedefinin üzerine yazılıyor.
       C:\Program Files\dotnet\sdk\9.0.308\Sdks\Microsoft.NET.Sdk\targets\Microsoft.NET.Sdk.BeforeCommon.targets(189,5): message : Özellik yeniden ataması: $(_FrameworkIdentifierForImplicitDefine)="NET" (önceki değer: "NETFRAMEWORK") konum: C:\Program Files\dotnet\sdk\9.0.308\Sdks\Microsoft.NET.Sdk\targets\Microsoft.NET.Sdk.BeforeCommon.targets (189,5)
       C:\Program Files\dotnet\sdk\9.0.308\Sdks\Microsoft.NET.Sdk\targets\Microsoft.NET.Sdk.BeforeCommon.targets(192,5): message : Özellik yeniden ataması: $(_FrameworkVersionForImplicitDefine)="4_6_2" (önceki değer: "4.6.2") konum: C:\Program Files\dotnet\sdk\9.0.308\Sdks\Microsoft.NET.Sdk\targets\Microsoft.NET.Sdk.BeforeCommon.targets (192,5)
       C:\Program Files\dotnet\sdk\9.0.308\Sdks\Microsoft.NET.Sdk\targets\Microsoft.NET.Sdk.BeforeCommon.targets(193,5): message : Özellik yeniden ataması: $(_FrameworkVersionForImplicitDefine)="462" (önceki değer: "4_6_2") konum: C:\Program Files\dotnet\sdk\9.0.308\Sdks\Microsoft.NET.Sdk\targets\Microsoft.NET.Sdk.BeforeCommon.targets (193,5)
       C:\Program Files\dotnet\sdk\9.0.308\Roslyn\Microsoft.CSharp.Core.targets(200,5): message : Özellik yeniden ataması: $(CommandLineArgsForDesignTimeEvaluation)="-langversion:11.0 -define:TRACE" (önceki değer: "-langversion:11.0") konum: C:\Program Files\dotnet\sdk\9.0.308\Roslyn\Microsoft.CSharp.Core.targets (200,5)
       C:\Program Files\dotnet\sdk\9.0.308\Microsoft.NETFramework.CurrentVersion.props(117,5): message : Özellik yeniden ataması: $(AvailablePlatforms)="Any CPU,x86,x64,ARM64" (önceki değer: "Any CPU,x86,x64") konum: C:\Program Files\dotnet\sdk\9.0.308\Microsoft.NETFramework.CurrentVersion.props (117,5)
       C:\Program Files\dotnet\sdk\9.0.308\Microsoft.Common.CurrentVersion.targets(89,5): message : Özellik yeniden ataması: $(TargetPlatformIdentifier)="Windows" (önceki değer: "") konum: C:\Program Files\dotnet\sdk\9.0.308\Microsoft.Common.CurrentVersion.targets (89,5)
       C:\Program Files\dotnet\sdk\9.0.308\Microsoft.Common.CurrentVersion.targets(90,5): message : Özellik yeniden ataması: $(TargetPlatformVersion)="7.0" (önceki değer: "") konum: C:\Program Files\dotnet\sdk\9.0.308\Microsoft.Common.CurrentVersion.targets (90,5)
       C:\Program Files\dotnet\sdk\9.0.308\Microsoft.Common.CurrentVersion.targets(175,5): message : Özellik yeniden ataması: $(_DebugSymbolsProduced)="true" (önceki değer: "false") konum: C:\Program Files\dotnet\sdk\9.0.308\Microsoft.Common.CurrentVersion.targets (175,5)
       C:\Program Files\dotnet\sdk\9.0.308\Microsoft.Common.CurrentVersion.targets(185,5): message : Özellik yeniden ataması: $(_DocumentationFileProduced)="false" (önceki değer: "true") konum: C:\Program Files\dotnet\sdk\9.0.308\Microsoft.Common.CurrentVersion.targets (185,5)
       C:\Program Files\dotnet\sdk\9.0.308\Microsoft.Common.CurrentVersion.targets(392,5): message : Özellik yeniden ataması: $(MSBuildCopyMarkerName)="PhoenixD.76BE957A" (önceki değer: "PhoenixData.csproj") konum: C:\Program Files\dotnet\sdk\9.0.308\Microsoft.Common.CurrentVersion.targets (392,5)
       C:\Program Files\dotnet\sdk\9.0.308\Microsoft.Common.CurrentVersion.targets(393,5): message : Özellik yeniden ataması: $(MSBuildCopyMarkerName)="PhoenixD.76BE957A.Up2Date" (önceki değer: "PhoenixD.76BE957A") konum: C:\Program Files\dotnet\sdk\9.0.308\Microsoft.Common.CurrentVersion.targets (393,5)
       C:\Program Files\dotnet\sdk\9.0.308\Microsoft.Common.CurrentVersion.targets(541,5): message : Özellik yeniden ataması: $(ProcessorArchitecture)="msil" (önceki değer: "") konum: C:\Program Files\dotnet\sdk\9.0.308\Microsoft.Common.CurrentVersion.targets (541,5)
       C:\Program Files\dotnet\sdk\9.0.308\Microsoft.Common.CurrentVersion.targets(580,5): message : Özellik yeniden ataması: $(DelaySign)="" (önceki değer: "false") konum: C:\Program Files\dotnet\sdk\9.0.308\Microsoft.Common.CurrentVersion.targets (580,5)
       C:\Program Files\dotnet\sdk\9.0.308\Microsoft.Common.CurrentVersion.targets(2619,5): message : 'C:\Users\Muhammet\AppData\Local' değerine sahip 'LOCALAPPDATA' özelliği ortamdan genişletildi.
       C:\Program Files\dotnet\sdk\9.0.308\Microsoft.Common.CurrentVersion.targets(3947,5): message : Özellik yeniden ataması: $(_SGenGenerateSerializationAssembliesConfig)="Auto" (önceki değer: "") konum: C:\Program Files\dotnet\sdk\9.0.308\Microsoft.Common.CurrentVersion.targets (3947,5)
       C:\Program Files\dotnet\sdk\9.0.308\Microsoft.Common.CurrentVersion.targets(3948,5): message : Özellik yeniden ataması: $(_SGenGenerateSerializationAssembliesConfig)="Off" (önceki değer: "Auto") konum: C:\Program Files\dotnet\sdk\9.0.308\Microsoft.Common.CurrentVersion.targets (3948,5)
       C:\Program Files\dotnet\sdk\9.0.308\Microsoft.Common.CurrentVersion.targets(5159,5): message : Özellik yeniden ataması: $(_TargetsThatPrepareProjectReferences)="
       C:\Program Files\dotnet\sdk\9.0.308\Microsoft.Common.CurrentVersion.targets(5159,5): message :       AssignProjectConfiguration;
       C:\Program Files\dotnet\sdk\9.0.308\Microsoft.Common.CurrentVersion.targets(5159,5): message :       _SplitProjectReferencesByFileExistence
       C:\Program Files\dotnet\sdk\9.0.308\Microsoft.Common.CurrentVersion.targets(5159,5): message :     " (önceki değer: "_SplitProjectReferencesByFileExistence") konum: C:\Program Files\dotnet\sdk\9.0.308\Microsoft.Common.CurrentVersion.targets (5159,5)
       C:\Program Files\dotnet\sdk\9.0.308\Microsoft.Common.CurrentVersion.targets(6954,5): message : 'C:\Program Files\dotnet\sdk\9.0.308' değerine sahip 'MSBuildExtensionsPath32' özelliği ortamdan genişletildi.
       C:\Program Files\dotnet\sdk\9.0.308\Microsoft.NETFramework.CurrentVersion.targets(74,5): message : Özellik yeniden ataması: $(ResolveReferencesDependsOn)="
       C:\Program Files\dotnet\sdk\9.0.308\Microsoft.NETFramework.CurrentVersion.targets(74,5): message :       
       C:\Program Files\dotnet\sdk\9.0.308\Microsoft.NETFramework.CurrentVersion.targets(74,5): message :       BeforeResolveReferences;
       C:\Program Files\dotnet\sdk\9.0.308\Microsoft.NETFramework.CurrentVersion.targets(74,5): message :       AssignProjectConfiguration;
       C:\Program Files\dotnet\sdk\9.0.308\Microsoft.NETFramework.CurrentVersion.targets(74,5): message :       ResolveProjectReferences;
       C:\Program Files\dotnet\sdk\9.0.308\Microsoft.NETFramework.CurrentVersion.targets(74,5): message :       FindInvalidProjectReferences;
       C:\Program Files\dotnet\sdk\9.0.308\Microsoft.NETFramework.CurrentVersion.targets(74,5): message :       ResolveNativeReferences;
       C:\Program Files\dotnet\sdk\9.0.308\Microsoft.NETFramework.CurrentVersion.targets(74,5): message :       ResolveAssemblyReferences;
       C:\Program Files\dotnet\sdk\9.0.308\Microsoft.NETFramework.CurrentVersion.targets(74,5): message :       GenerateBindingRedirects;
       C:\Program Files\dotnet\sdk\9.0.308\Microsoft.NETFramework.CurrentVersion.targets(74,5): message :       GenerateBindingRedirectsUpdateAppConfig;
       C:\Program Files\dotnet\sdk\9.0.308\Microsoft.NETFramework.CurrentVersion.targets(74,5): message :       ResolveComReferences;
       C:\Program Files\dotnet\sdk\9.0.308\Microsoft.NETFramework.CurrentVersion.targets(74,5): message :       AfterResolveReferences
       C:\Program Files\dotnet\sdk\9.0.308\Microsoft.NETFramework.CurrentVersion.targets(74,5): message :     ;
       C:\Program Files\dotnet\sdk\9.0.308\Microsoft.NETFramework.CurrentVersion.targets(74,5): message :       ImplicitlyExpandDesignTimeFacades
       C:\Program Files\dotnet\sdk\9.0.308\Microsoft.NETFramework.CurrentVersion.targets(74,5): message :     " (önceki değer: "
       C:\Program Files\dotnet\sdk\9.0.308\Microsoft.NETFramework.CurrentVersion.targets(74,5): message :       BeforeResolveReferences;
       C:\Program Files\dotnet\sdk\9.0.308\Microsoft.NETFramework.CurrentVersion.targets(74,5): message :       AssignProjectConfiguration;
       C:\Program Files\dotnet\sdk\9.0.308\Microsoft.NETFramework.CurrentVersion.targets(74,5): message :       ResolveProjectReferences;
       C:\Program Files\dotnet\sdk\9.0.308\Microsoft.NETFramework.CurrentVersion.targets(74,5): message :       FindInvalidProjectReferences;
       C:\Program Files\dotnet\sdk\9.0.308\Microsoft.NETFramework.CurrentVersion.targets(74,5): message :       ResolveNativeReferences;
       C:\Program Files\dotnet\sdk\9.0.308\Microsoft.NETFramework.CurrentVersion.targets(74,5): message :       ResolveAssemblyReferences;
       C:\Program Files\dotnet\sdk\9.0.308\Microsoft.NETFramework.CurrentVersion.targets(74,5): message :       GenerateBindingRedirects;
       C:\Program Files\dotnet\sdk\9.0.308\Microsoft.NETFramework.CurrentVersion.targets(74,5): message :       GenerateBindingRedirectsUpdateAppConfig;
       C:\Program Files\dotnet\sdk\9.0.308\Microsoft.NETFramework.CurrentVersion.targets(74,5): message :       ResolveComReferences;
       C:\Program Files\dotnet\sdk\9.0.308\Microsoft.NETFramework.CurrentVersion.targets(74,5): message :       AfterResolveReferences
       C:\Program Files\dotnet\sdk\9.0.308\Microsoft.NETFramework.CurrentVersion.targets(74,5): message :     ") konum: C:\Program Files\dotnet\sdk\9.0.308\Microsoft.NETFramework.CurrentVersion.targets (74,5)
   1:3>"c:\Users\Muhammet\Documents\GitHub\Wonderland-Private-Server\wlo.pserver.core\wlo.pserver.core.csproj" projesi (1:3) 2 düğümünde "c:\Users\Muhammet\Documents\GitHub\Wonderland-Private-Server\RCLibrary\RCLibrary.csproj" (2) oluşturuyor (_GenerateRestoreProjectPathWalk hedef).
     2>Yanlış koşul nedeniyle "_GenerateRestoreProjectPathItemsAllFrameworks" hedefi atlandı; ( '$(TargetFrameworks)' != '' ), ( '' != '' ) olarak değerlendirildi.
     2>"c:\Users\Muhammet\Documents\GitHub\Wonderland-Private-Server\RCLibrary\RCLibrary.csproj" projesinin "C:\Program Files\dotnet\sdk\9.0.308\NuGet.targets" dosyasındaki "_GenerateRestoreProjectPathItemsPerFramework" hedefi ("_GenerateRestoreProjectPathItemsCurrentProject" hedefi buna bağımlı):
       "Microsoft.Build.Tasks.Core, Version=15.1.0.0, Culture=neutral, PublicKeyToken=b03f5f7f11d50a3a" derlemesindeki "ConvertToAbsolutePath" görevi kullanılıyor.
       "ConvertToAbsolutePath" görevi
       "ConvertToAbsolutePath" görevini yürütme tamamlandı.
     2>"RCLibrary.csproj" projesinde "_GenerateRestoreProjectPathItemsPerFramework" hedefini oluşturma tamamlandı.
     2>"c:\Users\Muhammet\Documents\GitHub\Wonderland-Private-Server\RCLibrary\RCLibrary.csproj" projesinin "C:\Program Files\dotnet\sdk\9.0.308\NuGet.targets" dosyasındaki "_GenerateRestoreProjectPathItemsCurrentProject" hedefi ("_GenerateRestoreProjectPathItems" hedefi buna bağımlı):
     2>"RCLibrary.csproj" projesinde "_GenerateRestoreProjectPathItemsCurrentProject" hedefini oluşturma tamamlandı.
     2>"c:\Users\Muhammet\Documents\GitHub\Wonderland-Private-Server\RCLibrary\RCLibrary.csproj" projesinin "C:\Program Files\dotnet\sdk\9.0.308\NuGet.targets" dosyasındaki "_GenerateRestoreProjectPathItems" hedefi ("_GenerateRestoreProjectPathWalk" hedefi buna bağımlı):
       "Microsoft.Build.Tasks.Core, Version=15.1.0.0, Culture=neutral, PublicKeyToken=b03f5f7f11d50a3a" derlemesindeki "RemoveDuplicates" görevi kullanılıyor.
       "RemoveDuplicates" görevi
       "RemoveDuplicates" görevini yürütme tamamlandı.
     2>"RCLibrary.csproj" projesinde "_GenerateRestoreProjectPathItems" hedefini oluşturma tamamlandı.
     2>"c:\Users\Muhammet\Documents\GitHub\Wonderland-Private-Server\RCLibrary\RCLibrary.csproj" projesinin "C:\Program Files\dotnet\sdk\9.0.308\NuGet.targets" dosyasındaki "_GenerateRestoreProjectPathWalk" hedefi (giriş noktası):
       "Microsoft.Build.Tasks.Core, Version=15.1.0.0, Culture=neutral, PublicKeyToken=b03f5f7f11d50a3a" derlemesindeki "MSBuild" görevi kullanılıyor.
       "MSBuild" görevi
       "MSBuild" görevini yürütme tamamlandı.
       Yanlış koşul nedeniyle "MSBuild" görevi atlandı; ( '$(RestoreUseSkipNonexistentTargets)' != 'true' ), ( 'true' != 'true' ) olarak değerlendirildi.
       "RemoveDuplicates" görevi
       "RemoveDuplicates" görevini yürütme tamamlandı.
     2>"RCLibrary.csproj" projesinde "_GenerateRestoreProjectPathWalk" hedefini oluşturma tamamlandı.
     2>"c:\Users\Muhammet\Documents\GitHub\Wonderland-Private-Server\RCLibrary\RCLibrary.csproj" Projesini Oluşturma İşlemi Tamamlandı (_GenerateRestoreProjectPathWalk hedef).
     0>C:\Program Files\dotnet\sdk\9.0.308\Sdks\Microsoft.NET.Sdk\targets\Microsoft.PackageDependencyResolution.targets(24,5): message : Özellik yeniden ataması: $(ProjectAssetsFile)="c:\Users\Muhammet\Documents\GitHub\Wonderland-Private-Server\PhoenixData\obj\project.assets.json" (önceki değer: "c:\Users\Muhammet\Documents\GitHub\Wonderland-Private-Server\PhoenixData\obj\/project.assets.json") konum: C:\Program Files\dotnet\sdk\9.0.308\Sdks\Microsoft.NET.Sdk\targets\Microsoft.PackageDependencyResolution.targets (24,5)
       C:\Program Files\dotnet\sdk\9.0.308\Sdks\Microsoft.NET.Sdk\targets\Microsoft.PackageDependencyResolution.targets(29,5): message : Özellik yeniden ataması: $(ProjectAssetsCacheFile)="c:\Users\Muhammet\Documents\GitHub\Wonderland-Private-Server\PhoenixData\obj\Debug\net462\PhoenixData.assets.cache" (önceki değer: "obj\Debug\net462\PhoenixData.assets.cache") konum: C:\Program Files\dotnet\sdk\9.0.308\Sdks\Microsoft.NET.Sdk\targets\Microsoft.PackageDependencyResolution.targets (29,5)
       C:\Program Files\dotnet\sdk\9.0.308\Sdks\Microsoft.NET.Sdk\targets\Microsoft.PackageDependencyResolution.targets(80,5): message : Özellik yeniden ataması: $(ResolveAssemblyReferencesDependsOn)="
       C:\Program Files\dotnet\sdk\9.0.308\Sdks\Microsoft.NET.Sdk\targets\Microsoft.PackageDependencyResolution.targets(80,5): message :       
       C:\Program Files\dotnet\sdk\9.0.308\Sdks\Microsoft.NET.Sdk\targets\Microsoft.PackageDependencyResolution.targets(80,5): message :       ResolveProjectReferences;
       C:\Program Files\dotnet\sdk\9.0.308\Sdks\Microsoft.NET.Sdk\targets\Microsoft.PackageDependencyResolution.targets(80,5): message :       FindInvalidProjectReferences;
       C:\Program Files\dotnet\sdk\9.0.308\Sdks\Microsoft.NET.Sdk\targets\Microsoft.PackageDependencyResolution.targets(80,5): message :       GetFrameworkPaths;
       C:\Program Files\dotnet\sdk\9.0.308\Sdks\Microsoft.NET.Sdk\targets\Microsoft.PackageDependencyResolution.targets(80,5): message :       GetReferenceAssemblyPaths;
       C:\Program Files\dotnet\sdk\9.0.308\Sdks\Microsoft.NET.Sdk\targets\Microsoft.PackageDependencyResolution.targets(80,5): message :       PrepareForBuild;
       C:\Program Files\dotnet\sdk\9.0.308\Sdks\Microsoft.NET.Sdk\targets\Microsoft.PackageDependencyResolution.targets(80,5): message :       ResolveSDKReferences;
       C:\Program Files\dotnet\sdk\9.0.308\Sdks\Microsoft.NET.Sdk\targets\Microsoft.PackageDependencyResolution.targets(80,5): message :       ExpandSDKReferences;
       C:\Program Files\dotnet\sdk\9.0.308\Sdks\Microsoft.NET.Sdk\targets\Microsoft.PackageDependencyResolution.targets(80,5): message :     ;
       C:\Program Files\dotnet\sdk\9.0.308\Sdks\Microsoft.NET.Sdk\targets\Microsoft.PackageDependencyResolution.targets(80,5): message :       ResolvePackageDependenciesForBuild;
       C:\Program Files\dotnet\sdk\9.0.308\Sdks\Microsoft.NET.Sdk\targets\Microsoft.PackageDependencyResolution.targets(80,5): message :       _HandlePackageFileConflicts;
       C:\Program Files\dotnet\sdk\9.0.308\Sdks\Microsoft.NET.Sdk\targets\Microsoft.PackageDependencyResolution.targets(80,5): message :     " (önceki değer: "
       C:\Program Files\dotnet\sdk\9.0.308\Sdks\Microsoft.NET.Sdk\targets\Microsoft.PackageDependencyResolution.targets(80,5): message :       ResolveProjectReferences;
       C:\Program Files\dotnet\sdk\9.0.308\Sdks\Microsoft.NET.Sdk\targets\Microsoft.PackageDependencyResolution.targets(80,5): message :       FindInvalidProjectReferences;
       C:\Program Files\dotnet\sdk\9.0.308\Sdks\Microsoft.NET.Sdk\targets\Microsoft.PackageDependencyResolution.targets(80,5): message :       GetFrameworkPaths;
       C:\Program Files\dotnet\sdk\9.0.308\Sdks\Microsoft.NET.Sdk\targets\Microsoft.PackageDependencyResolution.targets(80,5): message :       GetReferenceAssemblyPaths;
       C:\Program Files\dotnet\sdk\9.0.308\Sdks\Microsoft.NET.Sdk\targets\Microsoft.PackageDependencyResolution.targets(80,5): message :       PrepareForBuild;
       C:\Program Files\dotnet\sdk\9.0.308\Sdks\Microsoft.NET.Sdk\targets\Microsoft.PackageDependencyResolution.targets(80,5): message :       ResolveSDKReferences;
       C:\Program Files\dotnet\sdk\9.0.308\Sdks\Microsoft.NET.Sdk\targets\Microsoft.PackageDependencyResolution.targets(80,5): message :       ExpandSDKReferences;
       C:\Program Files\dotnet\sdk\9.0.308\Sdks\Microsoft.NET.Sdk\targets\Microsoft.PackageDependencyResolution.targets(80,5): message :     ") konum: C:\Program Files\dotnet\sdk\9.0.308\Sdks\Microsoft.NET.Sdk\targets\Microsoft.PackageDependencyResolution.targets (80,5)
       C:\Program Files\dotnet\sdk\9.0.308\Sdks\Microsoft.NET.Sdk\targets\Microsoft.PackageDependencyResolution.targets(86,5): message : Özellik yeniden ataması: $(PrepareResourcesDependsOn)="
       C:\Program Files\dotnet\sdk\9.0.308\Sdks\Microsoft.NET.Sdk\targets\Microsoft.PackageDependencyResolution.targets(86,5): message :       ResolvePackageDependenciesForBuild;
       C:\Program Files\dotnet\sdk\9.0.308\Sdks\Microsoft.NET.Sdk\targets\Microsoft.PackageDependencyResolution.targets(86,5): message :       _HandlePackageFileConflicts;
       C:\Program Files\dotnet\sdk\9.0.308\Sdks\Microsoft.NET.Sdk\targets\Microsoft.PackageDependencyResolution.targets(86,5): message :       
       C:\Program Files\dotnet\sdk\9.0.308\Sdks\Microsoft.NET.Sdk\targets\Microsoft.PackageDependencyResolution.targets(86,5): message :       ;
       C:\Program Files\dotnet\sdk\9.0.308\Sdks\Microsoft.NET.Sdk\targets\Microsoft.PackageDependencyResolution.targets(86,5): message :       PrepareResourceNames;
       C:\Program Files\dotnet\sdk\9.0.308\Sdks\Microsoft.NET.Sdk\targets\Microsoft.PackageDependencyResolution.targets(86,5): message :       ResGen;
       C:\Program Files\dotnet\sdk\9.0.308\Sdks\Microsoft.NET.Sdk\targets\Microsoft.PackageDependencyResolution.targets(86,5): message :       CompileLicxFiles
       C:\Program Files\dotnet\sdk\9.0.308\Sdks\Microsoft.NET.Sdk\targets\Microsoft.PackageDependencyResolution.targets(86,5): message :     
       C:\Program Files\dotnet\sdk\9.0.308\Sdks\Microsoft.NET.Sdk\targets\Microsoft.PackageDependencyResolution.targets(86,5): message :     " (önceki değer: "
       C:\Program Files\dotnet\sdk\9.0.308\Sdks\Microsoft.NET.Sdk\targets\Microsoft.PackageDependencyResolution.targets(86,5): message :       ;
       C:\Program Files\dotnet\sdk\9.0.308\Sdks\Microsoft.NET.Sdk\targets\Microsoft.PackageDependencyResolution.targets(86,5): message :       PrepareResourceNames;
       C:\Program Files\dotnet\sdk\9.0.308\Sdks\Microsoft.NET.Sdk\targets\Microsoft.PackageDependencyResolution.targets(86,5): message :       ResGen;
       C:\Program Files\dotnet\sdk\9.0.308\Sdks\Microsoft.NET.Sdk\targets\Microsoft.PackageDependencyResolution.targets(86,5): message :       CompileLicxFiles
       C:\Program Files\dotnet\sdk\9.0.308\Sdks\Microsoft.NET.Sdk\targets\Microsoft.PackageDependencyResolution.targets(86,5): message :     ") konum: C:\Program Files\dotnet\sdk\9.0.308\Sdks\Microsoft.NET.Sdk\targets\Microsoft.PackageDependencyResolution.targets (86,5)
       C:\Program Files\dotnet\sdk\9.0.308\Sdks\Microsoft.NET.Sdk\targets\Microsoft.NET.Sdk.DefaultItems.targets(27,5): message : Özellik yeniden ataması: $(DefaultItemExcludes)=";bin\Debug\/**;obj\Debug\/**;bin\/**" (önceki değer: ";bin\Debug\/**;obj\Debug\/**") konum: C:\Program Files\dotnet\sdk\9.0.308\Sdks\Microsoft.NET.Sdk\targets\Microsoft.NET.Sdk.DefaultItems.targets (27,5)
       C:\Program Files\dotnet\sdk\9.0.308\Sdks\Microsoft.NET.Sdk\targets\Microsoft.NET.Sdk.DefaultItems.targets(29,5): message : Özellik yeniden ataması: $(DefaultItemExcludes)=";bin\Debug\/**;obj\Debug\/**;bin\/**;obj\/**" (önceki değer: ";bin\Debug\/**;obj\Debug\/**;bin\/**") konum: C:\Program Files\dotnet\sdk\9.0.308\Sdks\Microsoft.NET.Sdk\targets\Microsoft.NET.Sdk.DefaultItems.targets (29,5)
       C:\Program Files\dotnet\sdk\9.0.308\Sdks\Microsoft.NET.Sdk\targets\Microsoft.NET.Sdk.DefaultItems.targets(32,5): message : Özellik yeniden ataması: $(DefaultItemExcludes)=";bin\Debug\/**;obj\Debug\/**;bin\/**;obj\/**;**/*.user" (önceki değer: ";bin\Debug\/**;obj\Debug\/**;bin\/**;obj\/**") konum: C:\Program Files\dotnet\sdk\9.0.308\Sdks\Microsoft.NET.Sdk\targets\Microsoft.NET.Sdk.DefaultItems.targets (32,5)
       C:\Program Files\dotnet\sdk\9.0.308\Sdks\Microsoft.NET.Sdk\targets\Microsoft.NET.Sdk.DefaultItems.targets(33,5): message : Özellik yeniden ataması: $(DefaultItemExcludes)=";bin\Debug\/**;obj\Debug\/**;bin\/**;obj\/**;**/*.user;**/*.*proj" (önceki değer: ";bin\Debug\/**;obj\Debug\/**;bin\/**;obj\/**;**/*.user") konum: C:\Program Files\dotnet\sdk\9.0.308\Sdks\Microsoft.NET.Sdk\targets\Microsoft.NET.Sdk.DefaultItems.targets (33,5)
       C:\Program Files\dotnet\sdk\9.0.308\Sdks\Microsoft.NET.Sdk\targets\Microsoft.NET.Sdk.DefaultItems.targets(34,5): message : Özellik yeniden ataması: $(DefaultItemExcludes)=";bin\Debug\/**;obj\Debug\/**;bin\/**;obj\/**;**/*.user;**/*.*proj;**/*.sln" (önceki değer: ";bin\Debug\/**;obj\Debug\/**;bin\/**;obj\/**;**/*.user;**/*.*proj") konum: C:\Program Files\dotnet\sdk\9.0.308\Sdks\Microsoft.NET.Sdk\targets\Microsoft.NET.Sdk.DefaultItems.targets (34,5)
       C:\Program Files\dotnet\sdk\9.0.308\Sdks\Microsoft.NET.Sdk\targets\Microsoft.NET.Sdk.DefaultItems.targets(35,5): message : Özellik yeniden ataması: $(DefaultItemExcludes)=";bin\Debug\/**;obj\Debug\/**;bin\/**;obj\/**;**/*.user;**/*.*proj;**/*.sln;**/*.slnx" (önceki değer: ";bin\Debug\/**;obj\Debug\/**;bin\/**;obj\/**;**/*.user;**/*.*proj;**/*.sln") konum: C:\Program Files\dotnet\sdk\9.0.308\Sdks\Microsoft.NET.Sdk\targets\Microsoft.NET.Sdk.DefaultItems.targets (35,5)
       C:\Program Files\dotnet\sdk\9.0.308\Sdks\Microsoft.NET.Sdk\targets\Microsoft.NET.Sdk.DefaultItems.targets(36,5): message : Özellik yeniden ataması: $(DefaultItemExcludes)=";bin\Debug\/**;obj\Debug\/**;bin\/**;obj\/**;**/*.user;**/*.*proj;**/*.sln;**/*.slnx;**/*.vssscc" (önceki değer: ";bin\Debug\/**;obj\Debug\/**;bin\/**;obj\/**;**/*.user;**/*.*proj;**/*.sln;**/*.slnx") konum: C:\Program Files\dotnet\sdk\9.0.308\Sdks\Microsoft.NET.Sdk\targets\Microsoft.NET.Sdk.DefaultItems.targets (36,5)
       C:\Program Files\dotnet\sdk\9.0.308\Sdks\Microsoft.NET.Sdk\targets\Microsoft.NET.Sdk.DefaultItems.targets(37,5): message : Özellik yeniden ataması: $(DefaultItemExcludes)=";bin\Debug\/**;obj\Debug\/**;bin\/**;obj\/**;**/*.user;**/*.*proj;**/*.sln;**/*.slnx;**/*.vssscc;**/.DS_Store" (önceki değer: ";bin\Debug\/**;obj\Debug\/**;bin\/**;obj\/**;**/*.user;**/*.*proj;**/*.sln;**/*.slnx;**/*.vssscc") konum: C:\Program Files\dotnet\sdk\9.0.308\Sdks\Microsoft.NET.Sdk\targets\Microsoft.NET.Sdk.DefaultItems.targets (37,5)
       C:\Program Files\dotnet\sdk\9.0.308\Sdks\Microsoft.NET.Sdk\targets\Microsoft.NET.Sdk.FrameworkReferenceResolution.targets(14,5): message : Özellik yeniden ataması: $(ResolveAssemblyReferencesDependsOn)="
       C:\Program Files\dotnet\sdk\9.0.308\Sdks\Microsoft.NET.Sdk\targets\Microsoft.NET.Sdk.FrameworkReferenceResolution.targets(14,5): message :       
       C:\Program Files\dotnet\sdk\9.0.308\Sdks\Microsoft.NET.Sdk\targets\Microsoft.NET.Sdk.FrameworkReferenceResolution.targets(14,5): message :       
       C:\Program Files\dotnet\sdk\9.0.308\Sdks\Microsoft.NET.Sdk\targets\Microsoft.NET.Sdk.FrameworkReferenceResolution.targets(14,5): message :       ResolveProjectReferences;
       C:\Program Files\dotnet\sdk\9.0.308\Sdks\Microsoft.NET.Sdk\targets\Microsoft.NET.Sdk.FrameworkReferenceResolution.targets(14,5): message :       FindInvalidProjectReferences;
       C:\Program Files\dotnet\sdk\9.0.308\Sdks\Microsoft.NET.Sdk\targets\Microsoft.NET.Sdk.FrameworkReferenceResolution.targets(14,5): message :       GetFrameworkPaths;
       C:\Program Files\dotnet\sdk\9.0.308\Sdks\Microsoft.NET.Sdk\targets\Microsoft.NET.Sdk.FrameworkReferenceResolution.targets(14,5): message :       GetReferenceAssemblyPaths;
       C:\Program Files\dotnet\sdk\9.0.308\Sdks\Microsoft.NET.Sdk\targets\Microsoft.NET.Sdk.FrameworkReferenceResolution.targets(14,5): message :       PrepareForBuild;
       C:\Program Files\dotnet\sdk\9.0.308\Sdks\Microsoft.NET.Sdk\targets\Microsoft.NET.Sdk.FrameworkReferenceResolution.targets(14,5): message :       ResolveSDKReferences;
       C:\Program Files\dotnet\sdk\9.0.308\Sdks\Microsoft.NET.Sdk\targets\Microsoft.NET.Sdk.FrameworkReferenceResolution.targets(14,5): message :       ExpandSDKReferences;
       C:\Program Files\dotnet\sdk\9.0.308\Sdks\Microsoft.NET.Sdk\targets\Microsoft.NET.Sdk.FrameworkReferenceResolution.targets(14,5): message :     ;
       C:\Program Files\dotnet\sdk\9.0.308\Sdks\Microsoft.NET.Sdk\targets\Microsoft.NET.Sdk.FrameworkReferenceResolution.targets(14,5): message :       ResolvePackageDependenciesForBuild;
       C:\Program Files\dotnet\sdk\9.0.308\Sdks\Microsoft.NET.Sdk\targets\Microsoft.NET.Sdk.FrameworkReferenceResolution.targets(14,5): message :       _HandlePackageFileConflicts;
       C:\Program Files\dotnet\sdk\9.0.308\Sdks\Microsoft.NET.Sdk\targets\Microsoft.NET.Sdk.FrameworkReferenceResolution.targets(14,5): message :     ;
       C:\Program Files\dotnet\sdk\9.0.308\Sdks\Microsoft.NET.Sdk\targets\Microsoft.NET.Sdk.FrameworkReferenceResolution.targets(14,5): message :       ResolveTargetingPackAssets;
       C:\Program Files\dotnet\sdk\9.0.308\Sdks\Microsoft.NET.Sdk\targets\Microsoft.NET.Sdk.FrameworkReferenceResolution.targets(14,5): message :     " (önceki değer: "
       C:\Program Files\dotnet\sdk\9.0.308\Sdks\Microsoft.NET.Sdk\targets\Microsoft.NET.Sdk.FrameworkReferenceResolution.targets(14,5): message :       
       C:\Program Files\dotnet\sdk\9.0.308\Sdks\Microsoft.NET.Sdk\targets\Microsoft.NET.Sdk.FrameworkReferenceResolution.targets(14,5): message :       ResolveProjectReferences;
       C:\Program Files\dotnet\sdk\9.0.308\Sdks\Microsoft.NET.Sdk\targets\Microsoft.NET.Sdk.FrameworkReferenceResolution.targets(14,5): message :       FindInvalidProjectReferences;
       C:\Program Files\dotnet\sdk\9.0.308\Sdks\Microsoft.NET.Sdk\targets\Microsoft.NET.Sdk.FrameworkReferenceResolution.targets(14,5): message :       GetFrameworkPaths;
       C:\Program Files\dotnet\sdk\9.0.308\Sdks\Microsoft.NET.Sdk\targets\Microsoft.NET.Sdk.FrameworkReferenceResolution.targets(14,5): message :       GetReferenceAssemblyPaths;
       C:\Program Files\dotnet\sdk\9.0.308\Sdks\Microsoft.NET.Sdk\targets\Microsoft.NET.Sdk.FrameworkReferenceResolution.targets(14,5): message :       PrepareForBuild;
       C:\Program Files\dotnet\sdk\9.0.308\Sdks\Microsoft.NET.Sdk\targets\Microsoft.NET.Sdk.FrameworkReferenceResolution.targets(14,5): message :       ResolveSDKReferences;
       C:\Program Files\dotnet\sdk\9.0.308\Sdks\Microsoft.NET.Sdk\targets\Microsoft.NET.Sdk.FrameworkReferenceResolution.targets(14,5): message :       ExpandSDKReferences;
       C:\Program Files\dotnet\sdk\9.0.308\Sdks\Microsoft.NET.Sdk\targets\Microsoft.NET.Sdk.FrameworkReferenceResolution.targets(14,5): message :     ;
       C:\Program Files\dotnet\sdk\9.0.308\Sdks\Microsoft.NET.Sdk\targets\Microsoft.NET.Sdk.FrameworkReferenceResolution.targets(14,5): message :       ResolvePackageDependenciesForBuild;
       C:\Program Files\dotnet\sdk\9.0.308\Sdks\Microsoft.NET.Sdk\targets\Microsoft.NET.Sdk.FrameworkReferenceResolution.targets(14,5): message :       _HandlePackageFileConflicts;
       C:\Program Files\dotnet\sdk\9.0.308\Sdks\Microsoft.NET.Sdk\targets\Microsoft.NET.Sdk.FrameworkReferenceResolution.targets(14,5): message :     ") konum: C:\Program Files\dotnet\sdk\9.0.308\Sdks\Microsoft.NET.Sdk\targets\Microsoft.NET.Sdk.FrameworkReferenceResolution.targets (14,5)
       C:\Program Files\dotnet\sdk\9.0.308\Sdks\Microsoft.NET.Sdk\targets\Microsoft.NET.Sdk.targets(44,5): message : Özellik yeniden ataması: $(_GenerateRuntimeConfigurationPropertyInputsCache)="c:\Users\Muhammet\Documents\GitHub\Wonderland-Private-Server\PhoenixData\obj\Debug\net462\PhoenixData.genruntimeconfig.cache" (önceki değer: "obj\Debug\net462\PhoenixData.genruntimeconfig.cache") konum: C:\Program Files\dotnet\sdk\9.0.308\Sdks\Microsoft.NET.Sdk\targets\Microsoft.NET.Sdk.targets (44,5)
       C:\Program Files\dotnet\sdk\9.0.308\Sdks\Microsoft.NET.Sdk\targets\Microsoft.NET.Sdk.targets(46,5): message : Özellik yeniden ataması: $(_GeneratePublishDependencyFilePropertyInputsCache)="c:\Users\Muhammet\Documents\GitHub\Wonderland-Private-Server\PhoenixData\obj\Debug\net462\PhoenixData.genpublishdeps.cache" (önceki değer: "obj\Debug\net462\PhoenixData.genpublishdeps.cache") konum: C:\Program Files\dotnet\sdk\9.0.308\Sdks\Microsoft.NET.Sdk\targets\Microsoft.NET.Sdk.targets (46,5)
       C:\Program Files\dotnet\sdk\9.0.308\Sdks\Microsoft.NET.Sdk\targets\Microsoft.NET.Sdk.targets(48,5): message : Özellik yeniden ataması: $(_GenerateSingleFileBundlePropertyInputsCache)="c:\Users\Muhammet\Documents\GitHub\Wonderland-Private-Server\PhoenixData\obj\Debug\net462\PhoenixData.genbundle.cache" (önceki değer: "obj\Debug\net462\PhoenixData.genbundle.cache") konum: C:\Program Files\dotnet\sdk\9.0.308\Sdks\Microsoft.NET.Sdk\targets\Microsoft.NET.Sdk.targets (48,5)
       C:\Program Files\dotnet\sdk\9.0.308\Sdks\Microsoft.NET.Sdk\targets\Microsoft.NET.Sdk.targets(97,5): message : 'C:\Users\Muhammet' değerine sahip 'USERPROFILE' özelliği ortamdan genişletildi.
       C:\Program Files\dotnet\sdk\9.0.308\Sdks\Microsoft.NET.Sdk\targets\Microsoft.NET.Sdk.targets(97,5): message : Özellik yeniden ataması: $(_DefaultUserProfileRuntimeStorePath)="C:\Users\Muhammet" (önceki değer: "") konum: C:\Program Files\dotnet\sdk\9.0.308\Sdks\Microsoft.NET.Sdk\targets\Microsoft.NET.Sdk.targets (97,5)
       C:\Program Files\dotnet\sdk\9.0.308\Sdks\Microsoft.NET.Sdk\targets\Microsoft.NET.Sdk.targets(98,5): message : Özellik yeniden ataması: $(_DefaultUserProfileRuntimeStorePath)="C:\Users\Muhammet\.dotnet\store" (önceki değer: "C:\Users\Muhammet") konum: C:\Program Files\dotnet\sdk\9.0.308\Sdks\Microsoft.NET.Sdk\targets\Microsoft.NET.Sdk.targets (98,5)
       C:\Program Files\dotnet\sdk\9.0.308\Sdks\Microsoft.NET.Sdk\targets\Microsoft.NET.Sdk.targets(201,5): message : Özellik yeniden ataması: $(CoreBuildDependsOn)="
       C:\Program Files\dotnet\sdk\9.0.308\Sdks\Microsoft.NET.Sdk\targets\Microsoft.NET.Sdk.targets(201,5): message :       _CheckForBuildWithNoBuild;
       C:\Program Files\dotnet\sdk\9.0.308\Sdks\Microsoft.NET.Sdk\targets\Microsoft.NET.Sdk.targets(201,5): message :       
       C:\Program Files\dotnet\sdk\9.0.308\Sdks\Microsoft.NET.Sdk\targets\Microsoft.NET.Sdk.targets(201,5): message :       BuildOnlySettings;
       C:\Program Files\dotnet\sdk\9.0.308\Sdks\Microsoft.NET.Sdk\targets\Microsoft.NET.Sdk.targets(201,5): message :       PrepareForBuild;
       C:\Program Files\dotnet\sdk\9.0.308\Sdks\Microsoft.NET.Sdk\targets\Microsoft.NET.Sdk.targets(201,5): message :       PreBuildEvent;
       C:\Program Files\dotnet\sdk\9.0.308\Sdks\Microsoft.NET.Sdk\targets\Microsoft.NET.Sdk.targets(201,5): message :       ResolveReferences;
       C:\Program Files\dotnet\sdk\9.0.308\Sdks\Microsoft.NET.Sdk\targets\Microsoft.NET.Sdk.targets(201,5): message :       PrepareResources;
       C:\Program Files\dotnet\sdk\9.0.308\Sdks\Microsoft.NET.Sdk\targets\Microsoft.NET.Sdk.targets(201,5): message :       ResolveKeySource;
       C:\Program Files\dotnet\sdk\9.0.308\Sdks\Microsoft.NET.Sdk\targets\Microsoft.NET.Sdk.targets(201,5): message :       Compile;
       C:\Program Files\dotnet\sdk\9.0.308\Sdks\Microsoft.NET.Sdk\targets\Microsoft.NET.Sdk.targets(201,5): message :       ExportWindowsMDFile;
       C:\Program Files\dotnet\sdk\9.0.308\Sdks\Microsoft.NET.Sdk\targets\Microsoft.NET.Sdk.targets(201,5): message :       UnmanagedUnregistration;
       C:\Program Files\dotnet\sdk\9.0.308\Sdks\Microsoft.NET.Sdk\targets\Microsoft.NET.Sdk.targets(201,5): message :       GenerateSerializationAssemblies;
       C:\Program Files\dotnet\sdk\9.0.308\Sdks\Microsoft.NET.Sdk\targets\Microsoft.NET.Sdk.targets(201,5): message :       CreateSatelliteAssemblies;
       C:\Program Files\dotnet\sdk\9.0.308\Sdks\Microsoft.NET.Sdk\targets\Microsoft.NET.Sdk.targets(201,5): message :       GenerateManifests;
       C:\Program Files\dotnet\sdk\9.0.308\Sdks\Microsoft.NET.Sdk\targets\Microsoft.NET.Sdk.targets(201,5): message :       GetTargetPath;
       C:\Program Files\dotnet\sdk\9.0.308\Sdks\Microsoft.NET.Sdk\targets\Microsoft.NET.Sdk.targets(201,5): message :       PrepareForRun;
       C:\Program Files\dotnet\sdk\9.0.308\Sdks\Microsoft.NET.Sdk\targets\Microsoft.NET.Sdk.targets(201,5): message :       UnmanagedRegistration;
       C:\Program Files\dotnet\sdk\9.0.308\Sdks\Microsoft.NET.Sdk\targets\Microsoft.NET.Sdk.targets(201,5): message :       IncrementalClean;
       C:\Program Files\dotnet\sdk\9.0.308\Sdks\Microsoft.NET.Sdk\targets\Microsoft.NET.Sdk.targets(201,5): message :       PostBuildEvent
       C:\Program Files\dotnet\sdk\9.0.308\Sdks\Microsoft.NET.Sdk\targets\Microsoft.NET.Sdk.targets(201,5): message :     ;
       C:\Program Files\dotnet\sdk\9.0.308\Sdks\Microsoft.NET.Sdk\targets\Microsoft.NET.Sdk.targets(201,5): message :       GenerateBuildDependencyFile;
       C:\Program Files\dotnet\sdk\9.0.308\Sdks\Microsoft.NET.Sdk\targets\Microsoft.NET.Sdk.targets(201,5): message :       GenerateBuildRuntimeConfigurationFiles
       C:\Program Files\dotnet\sdk\9.0.308\Sdks\Microsoft.NET.Sdk\targets\Microsoft.NET.Sdk.targets(201,5): message :     " (önceki değer: "
       C:\Program Files\dotnet\sdk\9.0.308\Sdks\Microsoft.NET.Sdk\targets\Microsoft.NET.Sdk.targets(201,5): message :       BuildOnlySettings;
       C:\Program Files\dotnet\sdk\9.0.308\Sdks\Microsoft.NET.Sdk\targets\Microsoft.NET.Sdk.targets(201,5): message :       PrepareForBuild;
       C:\Program Files\dotnet\sdk\9.0.308\Sdks\Microsoft.NET.Sdk\targets\Microsoft.NET.Sdk.targets(201,5): message :       PreBuildEvent;
       C:\Program Files\dotnet\sdk\9.0.308\Sdks\Microsoft.NET.Sdk\targets\Microsoft.NET.Sdk.targets(201,5): message :       ResolveReferences;
       C:\Program Files\dotnet\sdk\9.0.308\Sdks\Microsoft.NET.Sdk\targets\Microsoft.NET.Sdk.targets(201,5): message :       PrepareResources;
       C:\Program Files\dotnet\sdk\9.0.308\Sdks\Microsoft.NET.Sdk\targets\Microsoft.NET.Sdk.targets(201,5): message :       ResolveKeySource;
       C:\Program Files\dotnet\sdk\9.0.308\Sdks\Microsoft.NET.Sdk\targets\Microsoft.NET.Sdk.targets(201,5): message :       Compile;
       C:\Program Files\dotnet\sdk\9.0.308\Sdks\Microsoft.NET.Sdk\targets\Microsoft.NET.Sdk.targets(201,5): message :       ExportWindowsMDFile;
       C:\Program Files\dotnet\sdk\9.0.308\Sdks\Microsoft.NET.Sdk\targets\Microsoft.NET.Sdk.targets(201,5): message :       UnmanagedUnregistration;
       C:\Program Files\dotnet\sdk\9.0.308\Sdks\Microsoft.NET.Sdk\targets\Microsoft.NET.Sdk.targets(201,5): message :       GenerateSerializationAssemblies;
       C:\Program Files\dotnet\sdk\9.0.308\Sdks\Microsoft.NET.Sdk\targets\Microsoft.NET.Sdk.targets(201,5): message :       CreateSatelliteAssemblies;
       C:\Program Files\dotnet\sdk\9.0.308\Sdks\Microsoft.NET.Sdk\targets\Microsoft.NET.Sdk.targets(201,5): message :       GenerateManifests;
       C:\Program Files\dotnet\sdk\9.0.308\Sdks\Microsoft.NET.Sdk\targets\Microsoft.NET.Sdk.targets(201,5): message :       GetTargetPath;
       C:\Program Files\dotnet\sdk\9.0.308\Sdks\Microsoft.NET.Sdk\targets\Microsoft.NET.Sdk.targets(201,5): message :       PrepareForRun;
       C:\Program Files\dotnet\sdk\9.0.308\Sdks\Microsoft.NET.Sdk\targets\Microsoft.NET.Sdk.targets(201,5): message :       UnmanagedRegistration;
       C:\Program Files\dotnet\sdk\9.0.308\Sdks\Microsoft.NET.Sdk\targets\Microsoft.NET.Sdk.targets(201,5): message :       IncrementalClean;
       C:\Program Files\dotnet\sdk\9.0.308\Sdks\Microsoft.NET.Sdk\targets\Microsoft.NET.Sdk.targets(201,5): message :       PostBuildEvent
       C:\Program Files\dotnet\sdk\9.0.308\Sdks\Microsoft.NET.Sdk\targets\Microsoft.NET.Sdk.targets(201,5): message :     ") konum: C:\Program Files\dotnet\sdk\9.0.308\Sdks\Microsoft.NET.Sdk\targets\Microsoft.NET.Sdk.targets (201,5)
       C:\Program Files\dotnet\sdk\9.0.308\Sdks\Microsoft.NET.Sdk\targets\Microsoft.NET.Sdk.targets(210,5): message : Özellik yeniden ataması: $(CoreCleanDependsOn)="
       C:\Program Files\dotnet\sdk\9.0.308\Sdks\Microsoft.NET.Sdk\targets\Microsoft.NET.Sdk.targets(210,5): message :       _SdkBeforeClean;
       C:\Program Files\dotnet\sdk\9.0.308\Sdks\Microsoft.NET.Sdk\targets\Microsoft.NET.Sdk.targets(210,5): message :       
       C:\Program Files\dotnet\sdk\9.0.308\Sdks\Microsoft.NET.Sdk\targets\Microsoft.NET.Sdk.targets(210,5): message :     " (önceki değer: "") konum: C:\Program Files\dotnet\sdk\9.0.308\Sdks\Microsoft.NET.Sdk\targets\Microsoft.NET.Sdk.targets (210,5)
       C:\Program Files\dotnet\sdk\9.0.308\Sdks\Microsoft.NET.Sdk\targets\Microsoft.NET.Sdk.targets(217,5): message : Özellik yeniden ataması: $(RebuildDependsOn)="
       C:\Program Files\dotnet\sdk\9.0.308\Sdks\Microsoft.NET.Sdk\targets\Microsoft.NET.Sdk.targets(217,5): message :       _SdkBeforeRebuild;
       C:\Program Files\dotnet\sdk\9.0.308\Sdks\Microsoft.NET.Sdk\targets\Microsoft.NET.Sdk.targets(217,5): message :       
       C:\Program Files\dotnet\sdk\9.0.308\Sdks\Microsoft.NET.Sdk\targets\Microsoft.NET.Sdk.targets(217,5): message :       BeforeRebuild;
       C:\Program Files\dotnet\sdk\9.0.308\Sdks\Microsoft.NET.Sdk\targets\Microsoft.NET.Sdk.targets(217,5): message :       Clean;
       C:\Program Files\dotnet\sdk\9.0.308\Sdks\Microsoft.NET.Sdk\targets\Microsoft.NET.Sdk.targets(217,5): message :       Build;
       C:\Program Files\dotnet\sdk\9.0.308\Sdks\Microsoft.NET.Sdk\targets\Microsoft.NET.Sdk.targets(217,5): message :       AfterRebuild;
       C:\Program Files\dotnet\sdk\9.0.308\Sdks\Microsoft.NET.Sdk\targets\Microsoft.NET.Sdk.targets(217,5): message :     
       C:\Program Files\dotnet\sdk\9.0.308\Sdks\Microsoft.NET.Sdk\targets\Microsoft.NET.Sdk.targets(217,5): message :     " (önceki değer: "
       C:\Program Files\dotnet\sdk\9.0.308\Sdks\Microsoft.NET.Sdk\targets\Microsoft.NET.Sdk.targets(217,5): message :       BeforeRebuild;
       C:\Program Files\dotnet\sdk\9.0.308\Sdks\Microsoft.NET.Sdk\targets\Microsoft.NET.Sdk.targets(217,5): message :       Clean;
       C:\Program Files\dotnet\sdk\9.0.308\Sdks\Microsoft.NET.Sdk\targets\Microsoft.NET.Sdk.targets(217,5): message :       Build;
       C:\Program Files\dotnet\sdk\9.0.308\Sdks\Microsoft.NET.Sdk\targets\Microsoft.NET.Sdk.targets(217,5): message :       AfterRebuild;
       C:\Program Files\dotnet\sdk\9.0.308\Sdks\Microsoft.NET.Sdk\targets\Microsoft.NET.Sdk.targets(217,5): message :     ") konum: C:\Program Files\dotnet\sdk\9.0.308\Sdks\Microsoft.NET.Sdk\targets\Microsoft.NET.Sdk.targets (217,5)
       C:\Program Files\dotnet\sdk\9.0.308\Sdks\Microsoft.NET.Sdk\targets\Microsoft.NET.Sdk.targets(784,5): message : Özellik yeniden ataması: $(CompileDependsOn)="
       C:\Program Files\dotnet\sdk\9.0.308\Sdks\Microsoft.NET.Sdk\targets\Microsoft.NET.Sdk.targets(784,5): message :       
       C:\Program Files\dotnet\sdk\9.0.308\Sdks\Microsoft.NET.Sdk\targets\Microsoft.NET.Sdk.targets(784,5): message :       ResolveReferences;
       C:\Program Files\dotnet\sdk\9.0.308\Sdks\Microsoft.NET.Sdk\targets\Microsoft.NET.Sdk.targets(784,5): message :       ResolveKeySource;
       C:\Program Files\dotnet\sdk\9.0.308\Sdks\Microsoft.NET.Sdk\targets\Microsoft.NET.Sdk.targets(784,5): message :       SetWin32ManifestProperties;
       C:\Program Files\dotnet\sdk\9.0.308\Sdks\Microsoft.NET.Sdk\targets\Microsoft.NET.Sdk.targets(784,5): message :       _SetPreferNativeArm64Win32ManifestProperties;
       C:\Program Files\dotnet\sdk\9.0.308\Sdks\Microsoft.NET.Sdk\targets\Microsoft.NET.Sdk.targets(784,5): message :       FindReferenceAssembliesForReferences;
       C:\Program Files\dotnet\sdk\9.0.308\Sdks\Microsoft.NET.Sdk\targets\Microsoft.NET.Sdk.targets(784,5): message :       _GenerateCompileInputs;
       C:\Program Files\dotnet\sdk\9.0.308\Sdks\Microsoft.NET.Sdk\targets\Microsoft.NET.Sdk.targets(784,5): message :       BeforeCompile;
       C:\Program Files\dotnet\sdk\9.0.308\Sdks\Microsoft.NET.Sdk\targets\Microsoft.NET.Sdk.targets(784,5): message :       _TimeStampBeforeCompile;
       C:\Program Files\dotnet\sdk\9.0.308\Sdks\Microsoft.NET.Sdk\targets\Microsoft.NET.Sdk.targets(784,5): message :       _GenerateCompileDependencyCache;
       C:\Program Files\dotnet\sdk\9.0.308\Sdks\Microsoft.NET.Sdk\targets\Microsoft.NET.Sdk.targets(784,5): message :       CoreCompile;
       C:\Program Files\dotnet\sdk\9.0.308\Sdks\Microsoft.NET.Sdk\targets\Microsoft.NET.Sdk.targets(784,5): message :       _TimeStampAfterCompile;
       C:\Program Files\dotnet\sdk\9.0.308\Sdks\Microsoft.NET.Sdk\targets\Microsoft.NET.Sdk.targets(784,5): message :       AfterCompile;
       C:\Program Files\dotnet\sdk\9.0.308\Sdks\Microsoft.NET.Sdk\targets\Microsoft.NET.Sdk.targets(784,5): message :     ;
       C:\Program Files\dotnet\sdk\9.0.308\Sdks\Microsoft.NET.Sdk\targets\Microsoft.NET.Sdk.targets(784,5): message :       _CreateAppHost;
       C:\Program Files\dotnet\sdk\9.0.308\Sdks\Microsoft.NET.Sdk\targets\Microsoft.NET.Sdk.targets(784,5): message :       _CreateComHost;
       C:\Program Files\dotnet\sdk\9.0.308\Sdks\Microsoft.NET.Sdk\targets\Microsoft.NET.Sdk.targets(784,5): message :       _GetIjwHostPaths;
       C:\Program Files\dotnet\sdk\9.0.308\Sdks\Microsoft.NET.Sdk\targets\Microsoft.NET.Sdk.targets(784,5): message :     " (önceki değer: "
       C:\Program Files\dotnet\sdk\9.0.308\Sdks\Microsoft.NET.Sdk\targets\Microsoft.NET.Sdk.targets(784,5): message :       ResolveReferences;
       C:\Program Files\dotnet\sdk\9.0.308\Sdks\Microsoft.NET.Sdk\targets\Microsoft.NET.Sdk.targets(784,5): message :       ResolveKeySource;
       C:\Program Files\dotnet\sdk\9.0.308\Sdks\Microsoft.NET.Sdk\targets\Microsoft.NET.Sdk.targets(784,5): message :       SetWin32ManifestProperties;
       C:\Program Files\dotnet\sdk\9.0.308\Sdks\Microsoft.NET.Sdk\targets\Microsoft.NET.Sdk.targets(784,5): message :       _SetPreferNativeArm64Win32ManifestProperties;
       C:\Program Files\dotnet\sdk\9.0.308\Sdks\Microsoft.NET.Sdk\targets\Microsoft.NET.Sdk.targets(784,5): message :       FindReferenceAssembliesForReferences;
       C:\Program Files\dotnet\sdk\9.0.308\Sdks\Microsoft.NET.Sdk\targets\Microsoft.NET.Sdk.targets(784,5): message :       _GenerateCompileInputs;
       C:\Program Files\dotnet\sdk\9.0.308\Sdks\Microsoft.NET.Sdk\targets\Microsoft.NET.Sdk.targets(784,5): message :       BeforeCompile;
       C:\Program Files\dotnet\sdk\9.0.308\Sdks\Microsoft.NET.Sdk\targets\Microsoft.NET.Sdk.targets(784,5): message :       _TimeStampBeforeCompile;
       C:\Program Files\dotnet\sdk\9.0.308\Sdks\Microsoft.NET.Sdk\targets\Microsoft.NET.Sdk.targets(784,5): message :       _GenerateCompileDependencyCache;
       C:\Program Files\dotnet\sdk\9.0.308\Sdks\Microsoft.NET.Sdk\targets\Microsoft.NET.Sdk.targets(784,5): message :       CoreCompile;
       C:\Program Files\dotnet\sdk\9.0.308\Sdks\Microsoft.NET.Sdk\targets\Microsoft.NET.Sdk.targets(784,5): message :       _TimeStampAfterCompile;
       C:\Program Files\dotnet\sdk\9.0.308\Sdks\Microsoft.NET.Sdk\targets\Microsoft.NET.Sdk.targets(784,5): message :       AfterCompile;
       C:\Program Files\dotnet\sdk\9.0.308\Sdks\Microsoft.NET.Sdk\targets\Microsoft.NET.Sdk.targets(784,5): message :     ") konum: C:\Program Files\dotnet\sdk\9.0.308\Sdks\Microsoft.NET.Sdk\targets\Microsoft.NET.Sdk.targets (784,5)
       C:\Program Files\dotnet\sdk\9.0.308\Sdks\Microsoft.NET.Sdk\targets\Microsoft.NET.Sdk.targets(1184,5): message : Özellik yeniden ataması: $(CreateSatelliteAssembliesDependsOn)="
       C:\Program Files\dotnet\sdk\9.0.308\Sdks\Microsoft.NET.Sdk\targets\Microsoft.NET.Sdk.targets(1184,5): message :       
       C:\Program Files\dotnet\sdk\9.0.308\Sdks\Microsoft.NET.Sdk\targets\Microsoft.NET.Sdk.targets(1184,5): message :       ;
       C:\Program Files\dotnet\sdk\9.0.308\Sdks\Microsoft.NET.Sdk\targets\Microsoft.NET.Sdk.targets(1184,5): message :       _GenerateSatelliteAssemblyInputs;
       C:\Program Files\dotnet\sdk\9.0.308\Sdks\Microsoft.NET.Sdk\targets\Microsoft.NET.Sdk.targets(1184,5): message :       ComputeIntermediateSatelliteAssemblies;
       C:\Program Files\dotnet\sdk\9.0.308\Sdks\Microsoft.NET.Sdk\targets\Microsoft.NET.Sdk.targets(1184,5): message :       GenerateSatelliteAssemblies
       C:\Program Files\dotnet\sdk\9.0.308\Sdks\Microsoft.NET.Sdk\targets\Microsoft.NET.Sdk.targets(1184,5): message :     ;
       C:\Program Files\dotnet\sdk\9.0.308\Sdks\Microsoft.NET.Sdk\targets\Microsoft.NET.Sdk.targets(1184,5): message :       CoreGenerateSatelliteAssemblies
       C:\Program Files\dotnet\sdk\9.0.308\Sdks\Microsoft.NET.Sdk\targets\Microsoft.NET.Sdk.targets(1184,5): message :     " (önceki değer: "
       C:\Program Files\dotnet\sdk\9.0.308\Sdks\Microsoft.NET.Sdk\targets\Microsoft.NET.Sdk.targets(1184,5): message :       ;
       C:\Program Files\dotnet\sdk\9.0.308\Sdks\Microsoft.NET.Sdk\targets\Microsoft.NET.Sdk.targets(1184,5): message :       _GenerateSatelliteAssemblyInputs;
       C:\Program Files\dotnet\sdk\9.0.308\Sdks\Microsoft.NET.Sdk\targets\Microsoft.NET.Sdk.targets(1184,5): message :       ComputeIntermediateSatelliteAssemblies;
       C:\Program Files\dotnet\sdk\9.0.308\Sdks\Microsoft.NET.Sdk\targets\Microsoft.NET.Sdk.targets(1184,5): message :       GenerateSatelliteAssemblies
       C:\Program Files\dotnet\sdk\9.0.308\Sdks\Microsoft.NET.Sdk\targets\Microsoft.NET.Sdk.targets(1184,5): message :     ") konum: C:\Program Files\dotnet\sdk\9.0.308\Sdks\Microsoft.NET.Sdk\targets\Microsoft.NET.Sdk.targets (1184,5)
       C:\Program Files\dotnet\sdk\9.0.308\Sdks\Microsoft.SourceLink.GitLab\build\Microsoft.SourceLink.GitLab.targets(12,5): message : Özellik yeniden ataması: $(SourceLinkUrlInitializerTargets)=";_InitializeGitHubSourceLinkUrl;_InitializeGitLabSourceLinkUrl" (önceki değer: ";_InitializeGitHubSourceLinkUrl") konum: C:\Program Files\dotnet\sdk\9.0.308\Sdks\Microsoft.SourceLink.GitLab\build\Microsoft.SourceLink.GitLab.targets (12,5)
       C:\Program Files\dotnet\sdk\9.0.308\Sdks\Microsoft.SourceLink.GitLab\build\Microsoft.SourceLink.GitLab.targets(13,5): message : Özellik yeniden ataması: $(SourceControlManagerUrlTranslationTargets)=";TranslateGitHubUrlsInSourceControlInformation;TranslateGitLabUrlsInSourceControlInformation" (önceki değer: ";TranslateGitHubUrlsInSourceControlInformation") konum: C:\Program Files\dotnet\sdk\9.0.308\Sdks\Microsoft.SourceLink.GitLab\build\Microsoft.SourceLink.GitLab.targets (13,5)
       C:\Program Files\dotnet\sdk\9.0.308\Sdks\Microsoft.SourceLink.AzureRepos.Git\build\Microsoft.SourceLink.AzureRepos.Git.targets(12,5): message : Özellik yeniden ataması: $(SourceLinkUrlInitializerTargets)=";_InitializeGitHubSourceLinkUrl;_InitializeGitLabSourceLinkUrl;_InitializeAzureReposGitSourceLinkUrl" (önceki değer: ";_InitializeGitHubSourceLinkUrl;_InitializeGitLabSourceLinkUrl") konum: C:\Program Files\dotnet\sdk\9.0.308\Sdks\Microsoft.SourceLink.AzureRepos.Git\build\Microsoft.SourceLink.AzureRepos.Git.targets (12,5)
       C:\Program Files\dotnet\sdk\9.0.308\Sdks\Microsoft.SourceLink.AzureRepos.Git\build\Microsoft.SourceLink.AzureRepos.Git.targets(13,5): message : Özellik yeniden ataması: $(SourceControlManagerUrlTranslationTargets)=";TranslateGitHubUrlsInSourceControlInformation;TranslateGitLabUrlsInSourceControlInformation;TranslateAzureReposGitUrlsInSourceControlInformation" (önceki değer: ";TranslateGitHubUrlsInSourceControlInformation;TranslateGitLabUrlsInSourceControlInformation") konum: C:\Program Files\dotnet\sdk\9.0.308\Sdks\Microsoft.SourceLink.AzureRepos.Git\build\Microsoft.SourceLink.AzureRepos.Git.targets (13,5)
       C:\Program Files\dotnet\sdk\9.0.308\Sdks\Microsoft.SourceLink.Bitbucket.Git\build\Microsoft.SourceLink.Bitbucket.Git.targets(12,5): message : Özellik yeniden ataması: $(SourceLinkUrlInitializerTargets)=";_InitializeGitHubSourceLinkUrl;_InitializeGitLabSourceLinkUrl;_InitializeAzureReposGitSourceLinkUrl;_InitializeBitbucketGitSourceLinkUrl" (önceki değer: ";_InitializeGitHubSourceLinkUrl;_InitializeGitLabSourceLinkUrl;_InitializeAzureReposGitSourceLinkUrl") konum: C:\Program Files\dotnet\sdk\9.0.308\Sdks\Microsoft.SourceLink.Bitbucket.Git\build\Microsoft.SourceLink.Bitbucket.Git.targets (12,5)
       C:\Program Files\dotnet\sdk\9.0.308\Sdks\Microsoft.SourceLink.Bitbucket.Git\build\Microsoft.SourceLink.Bitbucket.Git.targets(13,5): message : Özellik yeniden ataması: $(SourceControlManagerUrlTranslationTargets)=";TranslateGitHubUrlsInSourceControlInformation;TranslateGitLabUrlsInSourceControlInformation;TranslateAzureReposGitUrlsInSourceControlInformation;TranslateBitbucketGitUrlsInSourceControlInformation" (önceki değer: ";TranslateGitHubUrlsInSourceControlInformation;TranslateGitLabUrlsInSourceControlInformation;TranslateAzureReposGitUrlsInSourceControlInformation") konum: C:\Program Files\dotnet\sdk\9.0.308\Sdks\Microsoft.SourceLink.Bitbucket.Git\build\Microsoft.SourceLink.Bitbucket.Git.targets (13,5)
       C:\Program Files\dotnet\sdk\9.0.308\Sdks\Microsoft.NET.Sdk\targets\Microsoft.NET.DesignerSupport.targets(21,5): message : Özellik yeniden ataması: $(DesignerRuntimeImplementationProjectOutputGroupDependsOn)="
       C:\Program Files\dotnet\sdk\9.0.308\Sdks\Microsoft.NET.Sdk\targets\Microsoft.NET.DesignerSupport.targets(21,5): message :       
       C:\Program Files\dotnet\sdk\9.0.308\Sdks\Microsoft.NET.Sdk\targets\Microsoft.NET.DesignerSupport.targets(21,5): message :       ;
       C:\Program Files\dotnet\sdk\9.0.308\Sdks\Microsoft.NET.Sdk\targets\Microsoft.NET.DesignerSupport.targets(21,5): message :       
       C:\Program Files\dotnet\sdk\9.0.308\Sdks\Microsoft.NET.Sdk\targets\Microsoft.NET.DesignerSupport.targets(21,5): message :       ;
       C:\Program Files\dotnet\sdk\9.0.308\Sdks\Microsoft.NET.Sdk\targets\Microsoft.NET.DesignerSupport.targets(21,5): message :       BuildOnlySettings;
       C:\Program Files\dotnet\sdk\9.0.308\Sdks\Microsoft.NET.Sdk\targets\Microsoft.NET.DesignerSupport.targets(21,5): message :       PrepareForBuild;
       C:\Program Files\dotnet\sdk\9.0.308\Sdks\Microsoft.NET.Sdk\targets\Microsoft.NET.DesignerSupport.targets(21,5): message :       AssignTargetPaths;
       C:\Program Files\dotnet\sdk\9.0.308\Sdks\Microsoft.NET.Sdk\targets\Microsoft.NET.DesignerSupport.targets(21,5): message :       ResolveReferences
       C:\Program Files\dotnet\sdk\9.0.308\Sdks\Microsoft.NET.Sdk\targets\Microsoft.NET.DesignerSupport.targets(21,5): message :     
       C:\Program Files\dotnet\sdk\9.0.308\Sdks\Microsoft.NET.Sdk\targets\Microsoft.NET.DesignerSupport.targets(21,5): message :     ;
       C:\Program Files\dotnet\sdk\9.0.308\Sdks\Microsoft.NET.Sdk\targets\Microsoft.NET.DesignerSupport.targets(21,5): message :       _GenerateDesignerDepsFile;
       C:\Program Files\dotnet\sdk\9.0.308\Sdks\Microsoft.NET.Sdk\targets\Microsoft.NET.DesignerSupport.targets(21,5): message :       _GenerateDesignerRuntimeConfigFile;
       C:\Program Files\dotnet\sdk\9.0.308\Sdks\Microsoft.NET.Sdk\targets\Microsoft.NET.DesignerSupport.targets(21,5): message :       GetCopyToOutputDirectoryItems;
       C:\Program Files\dotnet\sdk\9.0.308\Sdks\Microsoft.NET.Sdk\targets\Microsoft.NET.DesignerSupport.targets(21,5): message :       _GatherDesignerShadowCopyFiles;
       C:\Program Files\dotnet\sdk\9.0.308\Sdks\Microsoft.NET.Sdk\targets\Microsoft.NET.DesignerSupport.targets(21,5): message :     " (önceki değer: "
       C:\Program Files\dotnet\sdk\9.0.308\Sdks\Microsoft.NET.Sdk\targets\Microsoft.NET.DesignerSupport.targets(21,5): message :       ;
       C:\Program Files\dotnet\sdk\9.0.308\Sdks\Microsoft.NET.Sdk\targets\Microsoft.NET.DesignerSupport.targets(21,5): message :       
       C:\Program Files\dotnet\sdk\9.0.308\Sdks\Microsoft.NET.Sdk\targets\Microsoft.NET.DesignerSupport.targets(21,5): message :       ;
       C:\Program Files\dotnet\sdk\9.0.308\Sdks\Microsoft.NET.Sdk\targets\Microsoft.NET.DesignerSupport.targets(21,5): message :       BuildOnlySettings;
       C:\Program Files\dotnet\sdk\9.0.308\Sdks\Microsoft.NET.Sdk\targets\Microsoft.NET.DesignerSupport.targets(21,5): message :       PrepareForBuild;
       C:\Program Files\dotnet\sdk\9.0.308\Sdks\Microsoft.NET.Sdk\targets\Microsoft.NET.DesignerSupport.targets(21,5): message :       AssignTargetPaths;
       C:\Program Files\dotnet\sdk\9.0.308\Sdks\Microsoft.NET.Sdk\targets\Microsoft.NET.DesignerSupport.targets(21,5): message :       ResolveReferences
       C:\Program Files\dotnet\sdk\9.0.308\Sdks\Microsoft.NET.Sdk\targets\Microsoft.NET.DesignerSupport.targets(21,5): message :     
       C:\Program Files\dotnet\sdk\9.0.308\Sdks\Microsoft.NET.Sdk\targets\Microsoft.NET.DesignerSupport.targets(21,5): message :     ") konum: C:\Program Files\dotnet\sdk\9.0.308\Sdks\Microsoft.NET.Sdk\targets\Microsoft.NET.DesignerSupport.targets (21,5)
       C:\Program Files\dotnet\sdk\9.0.308\Sdks\Microsoft.NET.Sdk\targets\Microsoft.NET.PackTool.targets(68,5): message : Özellik yeniden ataması: $(_GenerateToolsSettingsFileCacheFile)="c:\Users\Muhammet\Documents\GitHub\Wonderland-Private-Server\PhoenixData\obj\Debug\net462\PhoenixData.toolssettingsinput.cache" (önceki değer: "obj\Debug\net462\PhoenixData.toolssettingsinput.cache") konum: C:\Program Files\dotnet\sdk\9.0.308\Sdks\Microsoft.NET.Sdk\targets\Microsoft.NET.PackTool.targets (68,5)
       C:\Program Files\dotnet\sdk\9.0.308\Sdks\Microsoft.NET.Sdk\targets\Microsoft.NET.PackTool.targets(137,5): message : Özellik yeniden ataması: $(_ShimInputCacheFile)="c:\Users\Muhammet\Documents\GitHub\Wonderland-Private-Server\PhoenixData\obj\Debug\net462\PhoenixData.shiminput.cache" (önceki değer: "obj\Debug\net462\PhoenixData.shiminput.cache") konum: C:\Program Files\dotnet\sdk\9.0.308\Sdks\Microsoft.NET.Sdk\targets\Microsoft.NET.PackTool.targets (137,5)
       C:\Program Files\dotnet\sdk\9.0.308\Sdks\Microsoft.NET.Sdk\targets\Microsoft.NET.PackTool.targets(139,5): message : Özellik yeniden ataması: $(_ShimCreatedSentinelFile)="c:\Users\Muhammet\Documents\GitHub\Wonderland-Private-Server\PhoenixData\obj\Debug\net462\PhoenixData.shimcreated.sentinel" (önceki değer: "obj\Debug\net462\PhoenixData.shimcreated.sentinel") konum: C:\Program Files\dotnet\sdk\9.0.308\Sdks\Microsoft.NET.Sdk\targets\Microsoft.NET.PackTool.targets (139,5)
       C:\Program Files\dotnet\sdk\9.0.308\Sdks\Microsoft.NET.Sdk\targets\Microsoft.NET.Sdk.CSharp.targets(31,5): message : Özellik yeniden ataması: $(DefineConstants)="TRACE;DEBUG" (önceki değer: "TRACE") konum: C:\Program Files\dotnet\sdk\9.0.308\Sdks\Microsoft.NET.Sdk\targets\Microsoft.NET.Sdk.CSharp.targets (31,5)
       C:\Program Files\dotnet\sdk\9.0.308\Sdks\Microsoft.NET.Sdk\targets\Microsoft.NET.Sdk.CSharp.targets(34,5): message : Özellik yeniden ataması: $(DefineConstants)="TRACE;DEBUG;NETFRAMEWORK;NET462;" (önceki değer: "TRACE;DEBUG") konum: C:\Program Files\dotnet\sdk\9.0.308\Sdks\Microsoft.NET.Sdk\targets\Microsoft.NET.Sdk.CSharp.targets (34,5)
       C:\Program Files\dotnet\sdk\9.0.308\Sdks\Microsoft.NET.Sdk\targets\Microsoft.NET.Windows.targets(44,5): message : Özellik yeniden ataması: $(SupportedOSPlatformVersion)="7.0" (önceki değer: "") konum: C:\Program Files\dotnet\sdk\9.0.308\Sdks\Microsoft.NET.Sdk\targets\Microsoft.NET.Windows.targets (44,5)
       C:\Program Files\dotnet\sdk\9.0.308\Sdks\Microsoft.NET.Sdk\targets\Microsoft.NET.Windows.targets(45,5): message : Özellik yeniden ataması: $(TargetPlatformMinVersion)="7.0" (önceki değer: "") konum: C:\Program Files\dotnet\sdk\9.0.308\Sdks\Microsoft.NET.Sdk\targets\Microsoft.NET.Windows.targets (45,5)
       C:\Program Files\dotnet\sdk\9.0.308\Sdks\NuGet.Build.Tasks.Pack\build\NuGet.Build.Tasks.Pack.targets(34,5): message : Özellik yeniden ataması: $(PackageDescription)="Package Description" (önceki değer: "") konum: C:\Program Files\dotnet\sdk\9.0.308\Sdks\NuGet.Build.Tasks.Pack\build\NuGet.Build.Tasks.Pack.targets (34,5)
       C:\Program Files\dotnet\sdk\9.0.308\Sdks\NuGet.Build.Tasks.Pack\build\NuGet.Build.Tasks.Pack.targets(59,5): message : Özellik yeniden ataması: $(GenerateNuspecDependsOn)="Build;_LoadPackInputItems; _GetTargetFrameworksOutput; _WalkEachTargetPerFramework; _GetPackageFiles; " (önceki değer: "_LoadPackInputItems; _GetTargetFrameworksOutput; _WalkEachTargetPerFramework; _GetPackageFiles; ") konum: C:\Program Files\dotnet\sdk\9.0.308\Sdks\NuGet.Build.Tasks.Pack\build\NuGet.Build.Tasks.Pack.targets (59,5)
       C:\Program Files\dotnet\sdk\9.0.308\Sdks\Microsoft.NET.Sdk\Sdk\Sdk.targets(60,5): message : Özellik yeniden ataması: $(_IsNotSetContainersTargetsDir)="true" (önceki değer: "false") konum: C:\Program Files\dotnet\sdk\9.0.308\Sdks\Microsoft.NET.Sdk\Sdk\Sdk.targets (60,5)
       C:\Program Files\dotnet\sdk\9.0.308\Containers\build\Microsoft.NET.Build.Containers.targets(5,5): message : Özellik yeniden ataması: $(_IsSDKContainerAllowedVersion)="true" (önceki değer: "false") konum: C:\Program Files\dotnet\sdk\9.0.308\Containers\build\Microsoft.NET.Build.Containers.targets (5,5)
       "C:\Program Files\dotnet\sdk\9.0.308\Microsoft.NETFramework.CurrentVersion.targets" projesindeki "GetFrameworkPaths" hedefi kullanılarak "C:\Program Files\dotnet\sdk\9.0.308\Microsoft.Common.CurrentVersion.targets" projesindeki "GetFrameworkPaths" hedefinin üzerine yazılıyor.
       "C:\Program Files\dotnet\sdk\9.0.308\Sdks\Microsoft.NET.Sdk\targets\Microsoft.NET.Sdk.FrameworkReferenceResolution.targets" projesindeki "ResolveFrameworkReferences" hedefi kullanılarak "C:\Program Files\dotnet\sdk\9.0.308\Microsoft.Common.CurrentVersion.targets" projesindeki "ResolveFrameworkReferences" hedefinin üzerine yazılıyor.
       "C:\Program Files\dotnet\sdk\9.0.308\Sdks\Microsoft.NET.Sdk\targets\Microsoft.NET.Sdk.targets" projesindeki "Run" hedefi kullanılarak "C:\Program Files\dotnet\sdk\9.0.308\Microsoft.Common.CurrentVersion.targets" projesindeki "Run" hedefinin üzerine yazılıyor.
       "C:\Program Files\dotnet\sdk\9.0.308\Sdks\Microsoft.NET.Sdk\targets\Microsoft.NET.Sdk.targets" projesindeki "GenerateSupportedTargetFrameworkAlias" hedefi kullanılarak "C:\Program Files\dotnet\sdk\9.0.308\Microsoft.Common.CurrentVersion.targets" projesindeki "GenerateSupportedTargetFrameworkAlias" hedefinin üzerine yazılıyor.
       "C:\Program Files\dotnet\sdk\9.0.308\Sdks\Microsoft.NET.Sdk\targets\Microsoft.NET.DesignerSupport.targets" projesindeki "DesignerRuntimeImplementationProjectOutputGroup" hedefi kullanılarak "C:\Program Files\dotnet\sdk\9.0.308\Microsoft.Common.CurrentVersion.targets" projesindeki "DesignerRuntimeImplementationProjectOutputGroup" hedefinin üzerine yazılıyor.
       "C:\Program Files\dotnet\sdk\9.0.308\Sdks\Microsoft.NET.Sdk\targets\Microsoft.NET.Publish.targets" projesindeki "Publish" hedefi kullanılarak "C:\Program Files\dotnet\sdk\9.0.308\Microsoft.Common.CurrentVersion.targets" projesindeki "Publish" hedefinin üzerine yazılıyor.
       "C:\Program Files\dotnet\sdk\9.0.308\Sdks\Microsoft.NET.Sdk\targets\Microsoft.NET.Publish.targets" projesindeki "ResolveReadyToRunCompilers" hedefi kullanılarak "C:\Program Files\dotnet\sdk\9.0.308\Sdks\Microsoft.NET.Sdk\targets\Microsoft.NET.CrossGen.targets" projesindeki "ResolveReadyToRunCompilers" hedefinin üzerine yazılıyor.
       "C:\Program Files\dotnet\sdk\9.0.308\Sdks\Microsoft.NET.Sdk\targets\Microsoft.NET.Publish.targets" projesindeki "GetCopyToPublishDirectoryItems" hedefi kullanılarak "C:\Program Files\dotnet\sdk\9.0.308\Microsoft.Common.CurrentVersion.targets" projesindeki "GetCopyToPublishDirectoryItems" hedefinin üzerine yazılıyor.
   1:3>"c:\Users\Muhammet\Documents\GitHub\Wonderland-Private-Server\wlo.pserver.core\wlo.pserver.core.csproj" projesi (1:3) 1 düğümünde "c:\Users\Muhammet\Documents\GitHub\Wonderland-Private-Server\PhoenixData\PhoenixData.csproj" (3) oluşturuyor (_GenerateRestoreProjectPathWalk hedef).
     3>Yanlış koşul nedeniyle "_GenerateRestoreProjectPathItemsAllFrameworks" hedefi atlandı; ( '$(TargetFrameworks)' != '' ), ( '' != '' ) olarak değerlendirildi.
     3>"c:\Users\Muhammet\Documents\GitHub\Wonderland-Private-Server\PhoenixData\PhoenixData.csproj" projesinin "C:\Program Files\dotnet\sdk\9.0.308\NuGet.targets" dosyasındaki "_GenerateRestoreProjectPathItemsPerFramework" hedefi ("_GenerateRestoreProjectPathItemsCurrentProject" hedefi buna bağımlı):
       "ConvertToAbsolutePath" görevi
       "ConvertToAbsolutePath" görevini yürütme tamamlandı.
     3>"PhoenixData.csproj" projesinde "_GenerateRestoreProjectPathItemsPerFramework" hedefini oluşturma tamamlandı.
     3>"c:\Users\Muhammet\Documents\GitHub\Wonderland-Private-Server\PhoenixData\PhoenixData.csproj" projesinin "C:\Program Files\dotnet\sdk\9.0.308\NuGet.targets" dosyasındaki "_GenerateRestoreProjectPathItemsCurrentProject" hedefi ("_GenerateRestoreProjectPathItems" hedefi buna bağımlı):
     3>"PhoenixData.csproj" projesinde "_GenerateRestoreProjectPathItemsCurrentProject" hedefini oluşturma tamamlandı.
     3>"c:\Users\Muhammet\Documents\GitHub\Wonderland-Private-Server\PhoenixData\PhoenixData.csproj" projesinin "C:\Program Files\dotnet\sdk\9.0.308\NuGet.targets" dosyasındaki "_GenerateRestoreProjectPathItems" hedefi ("_GenerateRestoreProjectPathWalk" hedefi buna bağımlı):
       "RemoveDuplicates" görevi
       "RemoveDuplicates" görevini yürütme tamamlandı.
     3>"PhoenixData.csproj" projesinde "_GenerateRestoreProjectPathItems" hedefini oluşturma tamamlandı.
     3>"c:\Users\Muhammet\Documents\GitHub\Wonderland-Private-Server\PhoenixData\PhoenixData.csproj" projesinin "C:\Program Files\dotnet\sdk\9.0.308\NuGet.targets" dosyasındaki "_GenerateRestoreProjectPathWalk" hedefi (giriş noktası):
       "MSBuild" görevi
       "MSBuild" görevini yürütme tamamlandı.
       Yanlış koşul nedeniyle "MSBuild" görevi atlandı; ( '$(RestoreUseSkipNonexistentTargets)' != 'true' ), ( 'true' != 'true' ) olarak değerlendirildi.
       "RemoveDuplicates" görevi
       "RemoveDuplicates" görevini yürütme tamamlandı.
     3>"PhoenixData.csproj" projesinde "_GenerateRestoreProjectPathWalk" hedefini oluşturma tamamlandı.
     3>"c:\Users\Muhammet\Documents\GitHub\Wonderland-Private-Server\PhoenixData\PhoenixData.csproj" Projesini Oluşturma İşlemi Tamamlandı (_GenerateRestoreProjectPathWalk hedef).
   1:3>"MSBuild" görevini yürütme tamamlandı.
       Yanlış koşul nedeniyle "MSBuild" görevi atlandı; ( '$(RestoreUseSkipNonexistentTargets)' != 'true' ), ( 'true' != 'true' ) olarak değerlendirildi.
       "RemoveDuplicates" görevi
       "RemoveDuplicates" görevini yürütme tamamlandı.
   1:3>"wlo.pserver.core.csproj" projesinde "_GenerateRestoreProjectPathWalk" hedefini oluşturma tamamlandı.
   1:3>"c:\Users\Muhammet\Documents\GitHub\Wonderland-Private-Server\wlo.pserver.core\wlo.pserver.core.csproj" Projesini Oluşturma İşlemi Tamamlandı (_GenerateRestoreProjectPathWalk hedef).
     1>"MSBuild" görevini yürütme tamamlandı.
       Yanlış koşul nedeniyle "MSBuild" görevi atlandı; ( '$(RestoreUseSkipNonexistentTargets)' != 'true' ), ( 'true' != 'true' ) olarak değerlendirildi.
       "RemoveDuplicates" görevi
       "RemoveDuplicates" görevini yürütme tamamlandı.
       "MSBuild" görevi
         Genel Özellikler:
           ExcludeRestorePackageImports=true
     1>"c:\Users\Muhammet\Documents\GitHub\Wonderland-Private-Server\wlo.pserver.core\wlo.pserver.core.csproj" projesi (1) 1 düğümünde "c:\Users\Muhammet\Documents\GitHub\Wonderland-Private-Server\wlo.pserver.core\wlo.pserver.core.csproj" (1:4) oluşturuyor (_IsProjectRestoreSupported hedef).
   1:4>"_IsProjectRestoreSupported" hedefi atlandı. Önceden başarılı bir şekilde derlenmişti.
   1:4>"c:\Users\Muhammet\Documents\GitHub\Wonderland-Private-Server\wlo.pserver.core\wlo.pserver.core.csproj" Projesini Oluşturma İşlemi Tamamlandı (_IsProjectRestoreSupported hedef).
     1>"c:\Users\Muhammet\Documents\GitHub\Wonderland-Private-Server\wlo.pserver.core\wlo.pserver.core.csproj" projesi (1) 1 düğümünde "c:\Users\Muhammet\Documents\GitHub\Wonderland-Private-Server\PhoenixData\PhoenixData.csproj" (3:2) oluşturuyor (_IsProjectRestoreSupported hedef).
   3:2>"c:\Users\Muhammet\Documents\GitHub\Wonderland-Private-Server\PhoenixData\PhoenixData.csproj" projesinin "C:\Program Files\dotnet\sdk\9.0.308\NuGet.targets" dosyasındaki "_IsProjectRestoreSupported" hedefi (giriş noktası):
   3:2>"PhoenixData.csproj" projesinde "_IsProjectRestoreSupported" hedefini oluşturma tamamlandı.
   3:2>"c:\Users\Muhammet\Documents\GitHub\Wonderland-Private-Server\PhoenixData\PhoenixData.csproj" Projesini Oluşturma İşlemi Tamamlandı (_IsProjectRestoreSupported hedef).
     1>"c:\Users\Muhammet\Documents\GitHub\Wonderland-Private-Server\wlo.pserver.core\wlo.pserver.core.csproj" projesi (1) 2 düğümünde "c:\Users\Muhammet\Documents\GitHub\Wonderland-Private-Server\RCLibrary\RCLibrary.csproj" (2:2) oluşturuyor (_IsProjectRestoreSupported hedef).
   2:2>"c:\Users\Muhammet\Documents\GitHub\Wonderland-Private-Server\RCLibrary\RCLibrary.csproj" projesinin "C:\Program Files\dotnet\sdk\9.0.308\NuGet.targets" dosyasındaki "_IsProjectRestoreSupported" hedefi (giriş noktası):
   2:2>"RCLibrary.csproj" projesinde "_IsProjectRestoreSupported" hedefini oluşturma tamamlandı.
   2:2>"c:\Users\Muhammet\Documents\GitHub\Wonderland-Private-Server\RCLibrary\RCLibrary.csproj" Projesini Oluşturma İşlemi Tamamlandı (_IsProjectRestoreSupported hedef).
     1>"MSBuild" görevini yürütme tamamlandı.
       Yanlış koşul nedeniyle "MSBuild" görevi atlandı; ( '$(RestoreUseSkipNonexistentTargets)' != 'true' ), ( 'true' != 'true' ) olarak değerlendirildi.
     1>"wlo.pserver.core.csproj" projesinde "_GetAllRestoreProjectPathItems" hedefini oluşturma tamamlandı.
     1>"c:\Users\Muhammet\Documents\GitHub\Wonderland-Private-Server\wlo.pserver.core\wlo.pserver.core.csproj" projesinin "C:\Program Files\dotnet\sdk\9.0.308\NuGet.targets" dosyasındaki "_GenerateRestoreGraph" hedefi ("Restore" hedefi buna bağımlı):
       "Microsoft.Build.Tasks.Core, Version=15.1.0.0, Culture=neutral, PublicKeyToken=b03f5f7f11d50a3a" derlemesindeki "Message" görevi kullanılıyor.
       "Message" görevi
         Generating dg file
       "Message" görevini yürütme tamamlandı.
       "Message" görevi
         c:\Users\Muhammet\Documents\GitHub\Wonderland-Private-Server\PhoenixData\PhoenixData.csproj
       "Message" görevini yürütme tamamlandı.
       "Message" görevi
         C:\Users\Muhammet\Documents\GitHub\Wonderland-Private-Server\RCLibrary\RCLibrary.csproj
       "Message" görevini yürütme tamamlandı.
       "Message" görevi
         c:\Users\Muhammet\Documents\GitHub\Wonderland-Private-Server\wlo.pserver.core\wlo.pserver.core.csproj
       "Message" görevini yürütme tamamlandı.
       "MSBuild" görevi
         Genel Özellikler:
           ExcludeRestorePackageImports=true
     1>"c:\Users\Muhammet\Documents\GitHub\Wonderland-Private-Server\wlo.pserver.core\wlo.pserver.core.csproj" projesi (1) 1 düğümünde "c:\Users\Muhammet\Documents\GitHub\Wonderland-Private-Server\PhoenixData\PhoenixData.csproj" (3:3) oluşturuyor (_GenerateRestoreGraphProjectEntry hedef).
   3:3>"c:\Users\Muhammet\Documents\GitHub\Wonderland-Private-Server\PhoenixData\PhoenixData.csproj" projesinin "C:\Program Files\dotnet\sdk\9.0.308\NuGet.targets" dosyasındaki "_GetProjectJsonPath" hedefi ("_GetRestoreProjectStyle" hedefi buna bağımlı):
   3:3>Yanlış koşul nedeniyle "GetRestoreProjectJsonPathTask" görevi atlandı; ( '$(RestoreProjectStyle)' == 'ProjectJson' OR '$(RestoreProjectStyle)' == '' ), ( 'PackageReference' == 'ProjectJson' OR 'PackageReference' == '' ) olarak değerlendirildi.
   3:3>"PhoenixData.csproj" projesinde "_GetProjectJsonPath" hedefini oluşturma tamamlandı.
       Yanlış koşul nedeniyle "_CheckForUnsupportedTargetPlatformIdentifier" hedefi atlandı; ('$(TargetPlatformIdentifier)' != '' and '$(TargetFrameworkIdentifier)' == '.NETCoreApp' and $([MSBuild]::VersionGreaterThanOrEquals($(TargetFrameworkVersion), 5.0)) And ('$(DesignTimeBuild)' != 'true' Or '@(MissingWorkloadPack)' == '')), ('Windows' != '' and '.NETFramework' == '.NETCoreApp' and False And ('' != 'true' Or '' == '')) olarak değerlendirildi.
       Yanlış koşul nedeniyle "_CheckForMissingWorkload" hedefi atlandı; ('@(MissingWorkloadPack)' != '' And '$(DesignTimeBuild)' != 'true'), ('' != '' And '' != 'true') olarak değerlendirildi.
       Yanlış koşul nedeniyle "_CheckForUnsupportedNETCoreVersion" hedefi atlandı; ('$(TargetFrameworkIdentifier)' == '.NETCoreApp' And '$(NETCoreAppMaximumVersion)' != ''), ('.NETFramework' == '.NETCoreApp' And '9.0' != '') olarak değerlendirildi.
       Yanlış koşul nedeniyle "_CheckForEolTargetFrameworks" hedefi atlandı; ('@(_EolNetCoreTargetFrameworkVersions->AnyHaveMetadataValue('Identity', '$(_TargetFrameworkVersionWithoutV)'))' and '$(TargetFrameworkIdentifier)' == '.NETCoreApp' and '$(CheckEolTargetFramework)' == 'true'), ('false' and '.NETFramework' == '.NETCoreApp' and '' == 'true') olarak değerlendirildi.
     1>"c:\Users\Muhammet\Documents\GitHub\Wonderland-Private-Server\wlo.pserver.core\wlo.pserver.core.csproj" projesi (1) 2 düğümünde "c:\Users\Muhammet\Documents\GitHub\Wonderland-Private-Server\RCLibrary\RCLibrary.csproj" (2:3) oluşturuyor (_GenerateRestoreGraphProjectEntry hedef).
   2:3>"c:\Users\Muhammet\Documents\GitHub\Wonderland-Private-Server\RCLibrary\RCLibrary.csproj" projesinin "C:\Program Files\dotnet\sdk\9.0.308\NuGet.targets" dosyasındaki "_GetProjectJsonPath" hedefi ("_GetRestoreProjectStyle" hedefi buna bağımlı):
   2:3>Yanlış koşul nedeniyle "GetRestoreProjectJsonPathTask" görevi atlandı; ( '$(RestoreProjectStyle)' == 'ProjectJson' OR '$(RestoreProjectStyle)' == '' ), ( 'PackageReference' == 'ProjectJson' OR 'PackageReference' == '' ) olarak değerlendirildi.
   3:3>Yanlış koşul nedeniyle "_CheckForEolWorkloads" hedefi atlandı; ('@(EolWorkload)' != '' and '$(CheckEolWorkloads)' == 'true'), ('' != '' and 'true' == 'true') olarak değerlendirildi.
       Yanlış koşul nedeniyle "_CheckForNotRecommendedNETStandardVersion" hedefi atlandı; ('$(TargetFrameworkIdentifier)' == '.NETStandard' and $([MSBuild]::VersionLessThan($(TargetFrameworkVersion), '2.0'))), ('.NETFramework' == '.NETStandard' and False) olarak değerlendirildi.
   3:3>"c:\Users\Muhammet\Documents\GitHub\Wonderland-Private-Server\PhoenixData\PhoenixData.csproj" projesinin "C:\Program Files\dotnet\sdk\9.0.308\Sdks\Microsoft.NET.Sdk\targets\Microsoft.NET.TargetFrameworkInference.targets" dosyasındaki "_CheckForUnsupportedCppNETCoreVersion" hedefi ("CollectPackageReferences" hedefi buna bağımlı):
       Yanlış koşul nedeniyle "NETSdkError" görevi atlandı; ('$(TargetFrameworkIdentifier)' == '.NETCoreApp' and '$(_TargetFrameworkVersionWithoutV)' < '3.1' and ('$(Language)' == 'C++' and '$(_EnablePackageReferencesInVCProjects)' != 'true')), ('.NETFramework' == '.NETCoreApp' and '4.6.2' < '3.1' and ('C#' == 'C++' and '' != 'true')) olarak değerlendirildi.
   3:3>"PhoenixData.csproj" projesinde "_CheckForUnsupportedCppNETCoreVersion" hedefini oluşturma tamamlandı.
       Yanlış koşul nedeniyle "_CheckForUnsupportedNETStandardVersion" hedefi atlandı; ('$(TargetFrameworkIdentifier)' == '.NETStandard' And '$(NETStandardMaximumVersion)' != ''), ('.NETFramework' == '.NETStandard' And '' != '') olarak değerlendirildi.
   3:3>"c:\Users\Muhammet\Documents\GitHub\Wonderland-Private-Server\PhoenixData\PhoenixData.csproj" projesinin "C:\Program Files\dotnet\sdk\9.0.308\Sdks\Microsoft.NET.Sdk\targets\Microsoft.NET.TargetFrameworkInference.targets" dosyasındaki "_CheckForUnsupportedTargetFrameworkAndFeatureCombination" hedefi ("CollectPackageReferences" hedefi buna bağımlı):
       Yanlış koşul nedeniyle "NETSdkError" görevi atlandı; ('$(UsingNETSdkDefaults)' != 'true'), ('true' != 'true') olarak değerlendirildi.
   3:3>"PhoenixData.csproj" projesinde "_CheckForUnsupportedTargetFrameworkAndFeatureCombination" hedefini oluşturma tamamlandı.
   2:3>"RCLibrary.csproj" projesinde "_GetProjectJsonPath" hedefini oluşturma tamamlandı.
   3:3>Yanlış koşul nedeniyle "UpdateAspNetToFrameworkReference" hedefi atlandı; ('$(TargetFrameworkIdentifier)' == '.NETCoreApp' And '$(_TargetFrameworkVersionWithoutV)' >= '3.0'), ('.NETFramework' == '.NETCoreApp' And '4.6.2' >= '3.0') olarak değerlendirildi.
   2:3>Yanlış koşul nedeniyle "_CheckForUnsupportedTargetPlatformIdentifier" hedefi atlandı; ('$(TargetPlatformIdentifier)' != '' and '$(TargetFrameworkIdentifier)' == '.NETCoreApp' and $([MSBuild]::VersionGreaterThanOrEquals($(TargetFrameworkVersion), 5.0)) And ('$(DesignTimeBuild)' != 'true' Or '@(MissingWorkloadPack)' == '')), ('Windows' != '' and '.NETFramework' == '.NETCoreApp' and False And ('' != 'true' Or '' == '')) olarak değerlendirildi.
       Yanlış koşul nedeniyle "_CheckForMissingWorkload" hedefi atlandı; ('@(MissingWorkloadPack)' != '' And '$(DesignTimeBuild)' != 'true'), ('' != '' And '' != 'true') olarak değerlendirildi.
       Yanlış koşul nedeniyle "_CheckForUnsupportedNETCoreVersion" hedefi atlandı; ('$(TargetFrameworkIdentifier)' == '.NETCoreApp' And '$(NETCoreAppMaximumVersion)' != ''), ('.NETFramework' == '.NETCoreApp' And '9.0' != '') olarak değerlendirildi.
       Yanlış koşul nedeniyle "_CheckForEolTargetFrameworks" hedefi atlandı; ('@(_EolNetCoreTargetFrameworkVersions->AnyHaveMetadataValue('Identity', '$(_TargetFrameworkVersionWithoutV)'))' and '$(TargetFrameworkIdentifier)' == '.NETCoreApp' and '$(CheckEolTargetFramework)' == 'true'), ('false' and '.NETFramework' == '.NETCoreApp' and '' == 'true') olarak değerlendirildi.
       Yanlış koşul nedeniyle "_CheckForEolWorkloads" hedefi atlandı; ('@(EolWorkload)' != '' and '$(CheckEolWorkloads)' == 'true'), ('' != '' and 'true' == 'true') olarak değerlendirildi.
       Yanlış koşul nedeniyle "_CheckForNotRecommendedNETStandardVersion" hedefi atlandı; ('$(TargetFrameworkIdentifier)' == '.NETStandard' and $([MSBuild]::VersionLessThan($(TargetFrameworkVersion), '2.0'))), ('.NETFramework' == '.NETStandard' and False) olarak değerlendirildi.
   3:3>"c:\Users\Muhammet\Documents\GitHub\Wonderland-Private-Server\PhoenixData\PhoenixData.csproj" projesinin "C:\Program Files\dotnet\sdk\9.0.308\Sdks\Microsoft.NET.Sdk\targets\Microsoft.NET.Sdk.FrameworkReferenceResolution.targets" dosyasındaki "IncludeTargetingPackReference" hedefi ("CheckForImplicitPackageReferenceOverrides" hedefi buna bağımlı):
   3:3>"Microsoft.Build.Tasks.Core, Version=15.1.0.0, Culture=neutral, PublicKeyToken=b03f5f7f11d50a3a" derlemesindeki "GetReferenceAssemblyPaths" görevi kullanılıyor.
       "GetReferenceAssemblyPaths" görevi
   2:3>"c:\Users\Muhammet\Documents\GitHub\Wonderland-Private-Server\RCLibrary\RCLibrary.csproj" projesinin "C:\Program Files\dotnet\sdk\9.0.308\Sdks\Microsoft.NET.Sdk\targets\Microsoft.NET.TargetFrameworkInference.targets" dosyasındaki "_CheckForUnsupportedCppNETCoreVersion" hedefi ("CollectPackageReferences" hedefi buna bağımlı):
   2:3>Yanlış koşul nedeniyle "NETSdkError" görevi atlandı; ('$(TargetFrameworkIdentifier)' == '.NETCoreApp' and '$(_TargetFrameworkVersionWithoutV)' < '3.1' and ('$(Language)' == 'C++' and '$(_EnablePackageReferencesInVCProjects)' != 'true')), ('.NETFramework' == '.NETCoreApp' and '4.6.2' < '3.1' and ('C#' == 'C++' and '' != 'true')) olarak değerlendirildi.
   2:3>"RCLibrary.csproj" projesinde "_CheckForUnsupportedCppNETCoreVersion" hedefini oluşturma tamamlandı.
       Yanlış koşul nedeniyle "_CheckForUnsupportedNETStandardVersion" hedefi atlandı; ('$(TargetFrameworkIdentifier)' == '.NETStandard' And '$(NETStandardMaximumVersion)' != ''), ('.NETFramework' == '.NETStandard' And '' != '') olarak değerlendirildi.
   2:3>"c:\Users\Muhammet\Documents\GitHub\Wonderland-Private-Server\RCLibrary\RCLibrary.csproj" projesinin "C:\Program Files\dotnet\sdk\9.0.308\Sdks\Microsoft.NET.Sdk\targets\Microsoft.NET.TargetFrameworkInference.targets" dosyasındaki "_CheckForUnsupportedTargetFrameworkAndFeatureCombination" hedefi ("CollectPackageReferences" hedefi buna bağımlı):
       Yanlış koşul nedeniyle "NETSdkError" görevi atlandı; ('$(UsingNETSdkDefaults)' != 'true'), ('true' != 'true') olarak değerlendirildi.
   2:3>"RCLibrary.csproj" projesinde "_CheckForUnsupportedTargetFrameworkAndFeatureCombination" hedefini oluşturma tamamlandı.
       Yanlış koşul nedeniyle "UpdateAspNetToFrameworkReference" hedefi atlandı; ('$(TargetFrameworkIdentifier)' == '.NETCoreApp' And '$(_TargetFrameworkVersionWithoutV)' >= '3.0'), ('.NETFramework' == '.NETCoreApp' And '4.6.2' >= '3.0') olarak değerlendirildi.
   3:3>"GetReferenceAssemblyPaths" görevini yürütme tamamlandı.
   2:3>"c:\Users\Muhammet\Documents\GitHub\Wonderland-Private-Server\RCLibrary\RCLibrary.csproj" projesinin "C:\Program Files\dotnet\sdk\9.0.308\Sdks\Microsoft.NET.Sdk\targets\Microsoft.NET.Sdk.FrameworkReferenceResolution.targets" dosyasındaki "IncludeTargetingPackReference" hedefi ("CheckForImplicitPackageReferenceOverrides" hedefi buna bağımlı):
   2:3>"Microsoft.Build.Tasks.Core, Version=15.1.0.0, Culture=neutral, PublicKeyToken=b03f5f7f11d50a3a" derlemesindeki "GetReferenceAssemblyPaths" görevi kullanılıyor.
       "GetReferenceAssemblyPaths" görevi
       "GetReferenceAssemblyPaths" görevini yürütme tamamlandı.
   3:3>"PhoenixData.csproj" projesinde "IncludeTargetingPackReference" hedefini oluşturma tamamlandı.
   2:3>"RCLibrary.csproj" projesinde "IncludeTargetingPackReference" hedefini oluşturma tamamlandı.
   2:3>"c:\Users\Muhammet\Documents\GitHub\Wonderland-Private-Server\RCLibrary\RCLibrary.csproj" projesinin "C:\Program Files\dotnet\sdk\9.0.308\Sdks\Microsoft.NET.Sdk\targets\Microsoft.NET.Sdk.DefaultItems.Shared.targets" dosyasındaki "CheckForImplicitPackageReferenceOverrides" hedefi ("ApplyImplicitVersions" hedefi buna bağımlı):
       "C:\Program Files\dotnet\sdk\9.0.308\Sdks\Microsoft.NET.Sdk\targets\..\tools\net9.0\Microsoft.NET.Build.Tasks.dll" derlemesindeki "CheckForImplicitPackageReferenceOverrides" görevi kullanılıyor.
       "CheckForImplicitPackageReferenceOverrides" görevi
       "CheckForImplicitPackageReferenceOverrides" görevini yürütme tamamlandı.
   2:3>"RCLibrary.csproj" projesinde "CheckForImplicitPackageReferenceOverrides" hedefini oluşturma tamamlandı.
   2:3>"c:\Users\Muhammet\Documents\GitHub\Wonderland-Private-Server\RCLibrary\RCLibrary.csproj" projesinin "C:\Program Files\dotnet\sdk\9.0.308\Sdks\Microsoft.NET.Sdk\targets\Microsoft.NET.Sdk.DefaultItems.Shared.targets" dosyasındaki "ApplyImplicitVersions" hedefi ("CollectPackageReferences" hedefi buna bağımlı):
       "C:\Program Files\dotnet\sdk\9.0.308\Sdks\Microsoft.NET.Sdk\targets\..\tools\net9.0\Microsoft.NET.Build.Tasks.dll" derlemesindeki "ApplyImplicitVersions" görevi kullanılıyor.
       "ApplyImplicitVersions" görevi
       "ApplyImplicitVersions" görevini yürütme tamamlandı.
   2:3>"RCLibrary.csproj" projesinde "ApplyImplicitVersions" hedefini oluşturma tamamlandı.
       "CheckForImplicitPackageReferenceOverrides" hedefi atlandı. Önceden başarılı bir şekilde derlenmişti.
       Yanlış koşul nedeniyle "ProcessFrameworkReferences" hedefi atlandı; ('@(FrameworkReference)' != '' Or '$(_RequiresILLinkPack)' == 'true'), ('' != '' Or '' == 'true') olarak değerlendirildi.
       Yanlış koşul nedeniyle "_NormalizeTargetPlatformVersion" hedefi atlandı; ('$(TargetPlatformVersion)' != '' and '$(TargetFrameworkIdentifier)' == '.NETCoreApp' and $([MSBuild]::VersionGreaterThanOrEquals($(TargetFrameworkVersion), 5.0)) and ('$(Language)' != 'C++' or '$(_EnablePackageReferencesInVCProjects)' == 'true')), ('7.0' != '' and '.NETFramework' == '.NETCoreApp' and False and ('C#' != 'C++' or '' == 'true')) olarak değerlendirildi.
   2:3>"c:\Users\Muhammet\Documents\GitHub\Wonderland-Private-Server\RCLibrary\RCLibrary.csproj" projesinin "C:\Program Files\dotnet\sdk\9.0.308\Sdks\Microsoft.NET.Sdk\targets\Microsoft.NET.RuntimeIdentifierInference.targets" dosyasındaki "_CheckForLanguageAndFeatureCombinationSupport" hedefi ("ProcessFrameworkReferences" hedefi buna bağımlı):
       Yanlış koşul nedeniyle "NETSdkError" görevi atlandı; (('$(Language)' == 'C++' and '$(_EnablePackageReferencesInVCProjects)' != 'true') and $(OutputType) != 'library' and '$(TargetFrameworkIdentifier)' == '.NETCoreApp'), (('C#' == 'C++' and '' != 'true') and Library != 'library' and '.NETFramework' == '.NETCoreApp') olarak değerlendirildi.
       Yanlış koşul nedeniyle "NETSdkError" görevi atlandı; (('$(Language)' == 'C++' and '$(_EnablePackageReferencesInVCProjects)' != 'true') and $(EnableComHosting) == 'true'), (('C#' == 'C++' and '' != 'true') and  == 'true') olarak değerlendirildi.
       Yanlış koşul nedeniyle "NETSdkError" görevi atlandı; (('$(Language)' == 'C++' and '$(_EnablePackageReferencesInVCProjects)' != 'true') and $(SelfContained) == 'true'), (('C#' == 'C++' and '' != 'true') and  == 'true') olarak değerlendirildi.
   2:3>"RCLibrary.csproj" projesinde "_CheckForLanguageAndFeatureCombinationSupport" hedefini oluşturma tamamlandı.
   2:3>"c:\Users\Muhammet\Documents\GitHub\Wonderland-Private-Server\RCLibrary\RCLibrary.csproj" projesinin "C:\Program Files\dotnet\sdk\9.0.308\Sdks\Microsoft.NET.Sdk\targets\Microsoft.NET.Publish.targets" dosyasındaki "_ComputeToolPackInputsToProcessFrameworkReferences" hedefi ("ProcessFrameworkReferences" hedefi buna bağımlı):
   2:3>"RCLibrary.csproj" projesinde "_ComputeToolPackInputsToProcessFrameworkReferences" hedefini oluşturma tamamlandı.
       "IncludeTargetingPackReference" hedefi atlandı. Önceden başarılı bir şekilde derlenmişti.
       Yanlış koşul nedeniyle "_CheckMicrosoftNetCompilersToolsetFrameworkPackageReference" hedefi atlandı; ('$(MSBuildRuntimeType)' == 'Full'), ('Core' == 'Full') olarak değerlendirildi.
   2:3>"c:\Users\Muhammet\Documents\GitHub\Wonderland-Private-Server\RCLibrary\RCLibrary.csproj" projesinin "C:\Program Files\dotnet\sdk\9.0.308\Sdks\Microsoft.NET.Sdk\targets\Microsoft.NET.ObsoleteReferences.targets" dosyasındaki "_CheckForObsoleteDotNetCliToolReferences" hedefi ("CollectPackageReferences" hedefi buna bağımlı):
       Yanlış koşul nedeniyle "NETSdkWarning" görevi atlandı; ( '%(_ReferenceToObsoleteDotNetCliTool.Identity)' != '' ), ( '' != '' ) olarak değerlendirildi.
   2:3>"RCLibrary.csproj" projesinde "_CheckForObsoleteDotNetCliToolReferences" hedefini oluşturma tamamlandı.
   2:3>"c:\Users\Muhammet\Documents\GitHub\Wonderland-Private-Server\RCLibrary\RCLibrary.csproj" projesinin "C:\Program Files\dotnet\sdk\9.0.308\NuGet.targets" dosyasındaki "CollectPackageReferences" hedefi ("_GetRestoreProjectStyle" hedefi buna bağımlı):
       "C:\Program Files\dotnet\sdk\9.0.308\NuGet.Build.Tasks.dll" derlemesindeki "CheckForDuplicateNuGetItemsTask" görevi kullanılıyor.
       "CheckForDuplicateNuGetItemsTask" görevi
       "CheckForDuplicateNuGetItemsTask" görevini yürütme tamamlandı.
   2:3>"RCLibrary.csproj" projesinde "CollectPackageReferences" hedefini oluşturma tamamlandı.
   2:3>"c:\Users\Muhammet\Documents\GitHub\Wonderland-Private-Server\RCLibrary\RCLibrary.csproj" projesinin "C:\Program Files\dotnet\sdk\9.0.308\NuGet.targets" dosyasındaki "_GetRestoreProjectStyle" hedefi ("_GenerateRestoreSpecs" hedefi buna bağımlı):
       "C:\Program Files\dotnet\sdk\9.0.308\NuGet.Build.Tasks.dll" derlemesindeki "GetRestoreProjectStyleTask" görevi kullanılıyor.
       "GetRestoreProjectStyleTask" görevi
       "GetRestoreProjectStyleTask" görevini yürütme tamamlandı.
   2:3>"RCLibrary.csproj" projesinde "_GetRestoreProjectStyle" hedefini oluşturma tamamlandı.
   2:3>"c:\Users\Muhammet\Documents\GitHub\Wonderland-Private-Server\RCLibrary\RCLibrary.csproj" projesinin "C:\Program Files\dotnet\sdk\9.0.308\NuGet.targets" dosyasındaki "_GenerateRestoreSpecs" hedefi ("_GenerateRestoreGraphProjectEntry" hedefi buna bağımlı):
       "Microsoft.Build.Tasks.Core, Version=15.1.0.0, Culture=neutral, PublicKeyToken=b03f5f7f11d50a3a" derlemesindeki "Message" görevi kullanılıyor.
       "Message" görevi
         Restore entry point C:\Users\Muhammet\Documents\GitHub\Wonderland-Private-Server\RCLibrary\RCLibrary.csproj
       "Message" görevini yürütme tamamlandı.
   2:3>"RCLibrary.csproj" projesinde "_GenerateRestoreSpecs" hedefini oluşturma tamamlandı.
   2:3>"c:\Users\Muhammet\Documents\GitHub\Wonderland-Private-Server\RCLibrary\RCLibrary.csproj" projesinin "C:\Program Files\dotnet\sdk\9.0.308\NuGet.targets" dosyasındaki "_GetRestoreSettingsOverrides" hedefi ("_GetRestoreSettings" hedefi buna bağımlı):
       Yanlış koşul nedeniyle "MSBuild" görevi atlandı; ( '$(RestorePackagesPath)' != '' ), ( '' != '' ) olarak değerlendirildi.
       Yanlış koşul nedeniyle "MSBuild" görevi atlandı; ( '$(RestoreRepositoryPathOverride)' != '' ), ( '' != '' ) olarak değerlendirildi.
       Yanlış koşul nedeniyle "MSBuild" görevi atlandı; ( '$(RestoreSources)' != '' ), ( '' != '' ) olarak değerlendirildi.
       Yanlış koşul nedeniyle "MSBuild" görevi atlandı; ( '$(RestoreFallbackFolders)' != '' ), ( '' != '' ) olarak değerlendirildi.
   3:3>"c:\Users\Muhammet\Documents\GitHub\Wonderland-Private-Server\PhoenixData\PhoenixData.csproj" projesinin "C:\Program Files\dotnet\sdk\9.0.308\Sdks\Microsoft.NET.Sdk\targets\Microsoft.NET.Sdk.DefaultItems.Shared.targets" dosyasındaki "CheckForImplicitPackageReferenceOverrides" hedefi ("ApplyImplicitVersions" hedefi buna bağımlı):
   3:3>"C:\Program Files\dotnet\sdk\9.0.308\Sdks\Microsoft.NET.Sdk\targets\..\tools\net9.0\Microsoft.NET.Build.Tasks.dll" derlemesindeki "CheckForImplicitPackageReferenceOverrides" görevi kullanılıyor.
       "CheckForImplicitPackageReferenceOverrides" görevi
   2:3>"RCLibrary.csproj" projesinde "_GetRestoreSettingsOverrides" hedefini oluşturma tamamlandı.
   2:3>"c:\Users\Muhammet\Documents\GitHub\Wonderland-Private-Server\RCLibrary\RCLibrary.csproj" projesinin "C:\Program Files\dotnet\sdk\9.0.308\NuGet.targets" dosyasındaki "_GetRestoreSettingsPerFramework" hedefi ("_GetRestoreSettingsCurrentProject" hedefi buna bağımlı):
   2:3>"RCLibrary.csproj" projesinde "_GetRestoreSettingsPerFramework" hedefini oluşturma tamamlandı.
   2:3>"c:\Users\Muhammet\Documents\GitHub\Wonderland-Private-Server\RCLibrary\RCLibrary.csproj" projesinin "C:\Program Files\dotnet\sdk\9.0.308\NuGet.targets" dosyasındaki "_GetRestoreSettingsCurrentProject" hedefi ("_GetRestoreSettings" hedefi buna bağımlı):
   2:3>"RCLibrary.csproj" projesinde "_GetRestoreSettingsCurrentProject" hedefini oluşturma tamamlandı.
       Yanlış koşul nedeniyle "_GetRestoreSettingsAllFrameworks" hedefi atlandı; ( '$(TargetFrameworks)' != '' AND '$(PackageReferenceCompatibleProjectStyle)' == 'true' ), ( '' != '' AND 'True' == 'true' ) olarak değerlendirildi.
   2:3>"c:\Users\Muhammet\Documents\GitHub\Wonderland-Private-Server\RCLibrary\RCLibrary.csproj" projesinin "C:\Program Files\dotnet\sdk\9.0.308\NuGet.targets" dosyasındaki "_GetRestoreSettings" hedefi ("_GenerateDotnetCliToolReferenceSpecs" hedefi buna bağımlı):
       "C:\Program Files\dotnet\sdk\9.0.308\NuGet.Build.Tasks.dll" derlemesindeki "GetRestoreSettingsTask" görevi kullanılıyor.
       "GetRestoreSettingsTask" görevi
       "GetRestoreSettingsTask" görevini yürütme tamamlandı.
   2:3>"RCLibrary.csproj" projesinde "_GetRestoreSettings" hedefini oluşturma tamamlandı.
   2:3>"c:\Users\Muhammet\Documents\GitHub\Wonderland-Private-Server\RCLibrary\RCLibrary.csproj" projesinin "C:\Program Files\dotnet\sdk\9.0.308\NuGet.targets" dosyasındaki "_GenerateDotnetCliToolReferenceSpecs" hedefi ("_GenerateRestoreGraphProjectEntry" hedefi buna bağımlı):
       "C:\Program Files\dotnet\sdk\9.0.308\NuGet.Build.Tasks.dll" derlemesindeki "GetRestoreDotnetCliToolsTask" görevi kullanılıyor.
   3:3>"CheckForImplicitPackageReferenceOverrides" görevini yürütme tamamlandı.
   2:3>"GetRestoreDotnetCliToolsTask" görevi
   3:3>"PhoenixData.csproj" projesinde "CheckForImplicitPackageReferenceOverrides" hedefini oluşturma tamamlandı.
   2:3>"GetRestoreDotnetCliToolsTask" görevini yürütme tamamlandı.
   2:3>"RCLibrary.csproj" projesinde "_GenerateDotnetCliToolReferenceSpecs" hedefini oluşturma tamamlandı.
   3:3>"c:\Users\Muhammet\Documents\GitHub\Wonderland-Private-Server\PhoenixData\PhoenixData.csproj" projesinin "C:\Program Files\dotnet\sdk\9.0.308\Sdks\Microsoft.NET.Sdk\targets\Microsoft.NET.Sdk.DefaultItems.Shared.targets" dosyasındaki "ApplyImplicitVersions" hedefi ("CollectPackageReferences" hedefi buna bağımlı):
   3:3>"C:\Program Files\dotnet\sdk\9.0.308\Sdks\Microsoft.NET.Sdk\targets\..\tools\net9.0\Microsoft.NET.Build.Tasks.dll" derlemesindeki "ApplyImplicitVersions" görevi kullanılıyor.
       "ApplyImplicitVersions" görevi
   2:3>"c:\Users\Muhammet\Documents\GitHub\Wonderland-Private-Server\RCLibrary\RCLibrary.csproj" projesinin "C:\Program Files\dotnet\sdk\9.0.308\NuGet.targets" dosyasındaki "_GenerateRestoreGraphProjectEntry" hedefi (giriş noktası):
   2:3>"RCLibrary.csproj" projesinde "_GenerateRestoreGraphProjectEntry" hedefini oluşturma tamamlandı.
   2:3>"c:\Users\Muhammet\Documents\GitHub\Wonderland-Private-Server\RCLibrary\RCLibrary.csproj" Projesini Oluşturma İşlemi Tamamlandı (_GenerateRestoreGraphProjectEntry hedef).
   3:3>"ApplyImplicitVersions" görevini yürütme tamamlandı.
   3:3>"PhoenixData.csproj" projesinde "ApplyImplicitVersions" hedefini oluşturma tamamlandı.
       "CheckForImplicitPackageReferenceOverrides" hedefi atlandı. Önceden başarılı bir şekilde derlenmişti.
       Yanlış koşul nedeniyle "ProcessFrameworkReferences" hedefi atlandı; ('@(FrameworkReference)' != '' Or '$(_RequiresILLinkPack)' == 'true'), ('' != '' Or '' == 'true') olarak değerlendirildi.
       Yanlış koşul nedeniyle "_NormalizeTargetPlatformVersion" hedefi atlandı; ('$(TargetPlatformVersion)' != '' and '$(TargetFrameworkIdentifier)' == '.NETCoreApp' and $([MSBuild]::VersionGreaterThanOrEquals($(TargetFrameworkVersion), 5.0)) and ('$(Language)' != 'C++' or '$(_EnablePackageReferencesInVCProjects)' == 'true')), ('7.0' != '' and '.NETFramework' == '.NETCoreApp' and False and ('C#' != 'C++' or '' == 'true')) olarak değerlendirildi.
   3:3>"c:\Users\Muhammet\Documents\GitHub\Wonderland-Private-Server\PhoenixData\PhoenixData.csproj" projesinin "C:\Program Files\dotnet\sdk\9.0.308\Sdks\Microsoft.NET.Sdk\targets\Microsoft.NET.RuntimeIdentifierInference.targets" dosyasındaki "_CheckForLanguageAndFeatureCombinationSupport" hedefi ("ProcessFrameworkReferences" hedefi buna bağımlı):
       Yanlış koşul nedeniyle "NETSdkError" görevi atlandı; (('$(Language)' == 'C++' and '$(_EnablePackageReferencesInVCProjects)' != 'true') and $(OutputType) != 'library' and '$(TargetFrameworkIdentifier)' == '.NETCoreApp'), (('C#' == 'C++' and '' != 'true') and Library != 'library' and '.NETFramework' == '.NETCoreApp') olarak değerlendirildi.
       Yanlış koşul nedeniyle "NETSdkError" görevi atlandı; (('$(Language)' == 'C++' and '$(_EnablePackageReferencesInVCProjects)' != 'true') and $(EnableComHosting) == 'true'), (('C#' == 'C++' and '' != 'true') and  == 'true') olarak değerlendirildi.
       Yanlış koşul nedeniyle "NETSdkError" görevi atlandı; (('$(Language)' == 'C++' and '$(_EnablePackageReferencesInVCProjects)' != 'true') and $(SelfContained) == 'true'), (('C#' == 'C++' and '' != 'true') and  == 'true') olarak değerlendirildi.
   3:3>"PhoenixData.csproj" projesinde "_CheckForLanguageAndFeatureCombinationSupport" hedefini oluşturma tamamlandı.
   3:3>"c:\Users\Muhammet\Documents\GitHub\Wonderland-Private-Server\PhoenixData\PhoenixData.csproj" projesinin "C:\Program Files\dotnet\sdk\9.0.308\Sdks\Microsoft.NET.Sdk\targets\Microsoft.NET.Publish.targets" dosyasındaki "_ComputeToolPackInputsToProcessFrameworkReferences" hedefi ("ProcessFrameworkReferences" hedefi buna bağımlı):
   3:3>"PhoenixData.csproj" projesinde "_ComputeToolPackInputsToProcessFrameworkReferences" hedefini oluşturma tamamlandı.
       "IncludeTargetingPackReference" hedefi atlandı. Önceden başarılı bir şekilde derlenmişti.
       Yanlış koşul nedeniyle "_CheckMicrosoftNetCompilersToolsetFrameworkPackageReference" hedefi atlandı; ('$(MSBuildRuntimeType)' == 'Full'), ('Core' == 'Full') olarak değerlendirildi.
   3:3>"c:\Users\Muhammet\Documents\GitHub\Wonderland-Private-Server\PhoenixData\PhoenixData.csproj" projesinin "C:\Program Files\dotnet\sdk\9.0.308\Sdks\Microsoft.NET.Sdk\targets\Microsoft.NET.ObsoleteReferences.targets" dosyasındaki "_CheckForObsoleteDotNetCliToolReferences" hedefi ("CollectPackageReferences" hedefi buna bağımlı):
       Yanlış koşul nedeniyle "NETSdkWarning" görevi atlandı; ( '%(_ReferenceToObsoleteDotNetCliTool.Identity)' != '' ), ( '' != '' ) olarak değerlendirildi.
   3:3>"PhoenixData.csproj" projesinde "_CheckForObsoleteDotNetCliToolReferences" hedefini oluşturma tamamlandı.
   3:3>"c:\Users\Muhammet\Documents\GitHub\Wonderland-Private-Server\PhoenixData\PhoenixData.csproj" projesinin "C:\Program Files\dotnet\sdk\9.0.308\NuGet.targets" dosyasındaki "CollectPackageReferences" hedefi ("_GetRestoreProjectStyle" hedefi buna bağımlı):
       "C:\Program Files\dotnet\sdk\9.0.308\NuGet.Build.Tasks.dll" derlemesindeki "CheckForDuplicateNuGetItemsTask" görevi kullanılıyor.
       "CheckForDuplicateNuGetItemsTask" görevi
       "CheckForDuplicateNuGetItemsTask" görevini yürütme tamamlandı.
   3:3>"PhoenixData.csproj" projesinde "CollectPackageReferences" hedefini oluşturma tamamlandı.
   3:3>"c:\Users\Muhammet\Documents\GitHub\Wonderland-Private-Server\PhoenixData\PhoenixData.csproj" projesinin "C:\Program Files\dotnet\sdk\9.0.308\NuGet.targets" dosyasındaki "_GetRestoreProjectStyle" hedefi ("_GenerateRestoreSpecs" hedefi buna bağımlı):
       "C:\Program Files\dotnet\sdk\9.0.308\NuGet.Build.Tasks.dll" derlemesindeki "GetRestoreProjectStyleTask" görevi kullanılıyor.
       "GetRestoreProjectStyleTask" görevi
       "GetRestoreProjectStyleTask" görevini yürütme tamamlandı.
   3:3>"PhoenixData.csproj" projesinde "_GetRestoreProjectStyle" hedefini oluşturma tamamlandı.
   3:3>"c:\Users\Muhammet\Documents\GitHub\Wonderland-Private-Server\PhoenixData\PhoenixData.csproj" projesinin "C:\Program Files\dotnet\sdk\9.0.308\NuGet.targets" dosyasındaki "_GenerateRestoreSpecs" hedefi ("_GenerateRestoreGraphProjectEntry" hedefi buna bağımlı):
       "Message" görevi
         Restore entry point c:\Users\Muhammet\Documents\GitHub\Wonderland-Private-Server\PhoenixData\PhoenixData.csproj
       "Message" görevini yürütme tamamlandı.
   3:3>"PhoenixData.csproj" projesinde "_GenerateRestoreSpecs" hedefini oluşturma tamamlandı.
   3:3>"c:\Users\Muhammet\Documents\GitHub\Wonderland-Private-Server\PhoenixData\PhoenixData.csproj" projesinin "C:\Program Files\dotnet\sdk\9.0.308\NuGet.targets" dosyasındaki "_GetRestoreSettingsOverrides" hedefi ("_GetRestoreSettings" hedefi buna bağımlı):
       Yanlış koşul nedeniyle "MSBuild" görevi atlandı; ( '$(RestorePackagesPath)' != '' ), ( '' != '' ) olarak değerlendirildi.
       Yanlış koşul nedeniyle "MSBuild" görevi atlandı; ( '$(RestoreRepositoryPathOverride)' != '' ), ( '' != '' ) olarak değerlendirildi.
       Yanlış koşul nedeniyle "MSBuild" görevi atlandı; ( '$(RestoreSources)' != '' ), ( '' != '' ) olarak değerlendirildi.
       Yanlış koşul nedeniyle "MSBuild" görevi atlandı; ( '$(RestoreFallbackFolders)' != '' ), ( '' != '' ) olarak değerlendirildi.
   3:3>"PhoenixData.csproj" projesinde "_GetRestoreSettingsOverrides" hedefini oluşturma tamamlandı.
   3:3>"c:\Users\Muhammet\Documents\GitHub\Wonderland-Private-Server\PhoenixData\PhoenixData.csproj" projesinin "C:\Program Files\dotnet\sdk\9.0.308\NuGet.targets" dosyasındaki "_GetRestoreSettingsPerFramework" hedefi ("_GetRestoreSettingsCurrentProject" hedefi buna bağımlı):
   3:3>"PhoenixData.csproj" projesinde "_GetRestoreSettingsPerFramework" hedefini oluşturma tamamlandı.
   3:3>"c:\Users\Muhammet\Documents\GitHub\Wonderland-Private-Server\PhoenixData\PhoenixData.csproj" projesinin "C:\Program Files\dotnet\sdk\9.0.308\NuGet.targets" dosyasındaki "_GetRestoreSettingsCurrentProject" hedefi ("_GetRestoreSettings" hedefi buna bağımlı):
   3:3>"PhoenixData.csproj" projesinde "_GetRestoreSettingsCurrentProject" hedefini oluşturma tamamlandı.
       Yanlış koşul nedeniyle "_GetRestoreSettingsAllFrameworks" hedefi atlandı; ( '$(TargetFrameworks)' != '' AND '$(PackageReferenceCompatibleProjectStyle)' == 'true' ), ( '' != '' AND 'True' == 'true' ) olarak değerlendirildi.
   3:3>"c:\Users\Muhammet\Documents\GitHub\Wonderland-Private-Server\PhoenixData\PhoenixData.csproj" projesinin "C:\Program Files\dotnet\sdk\9.0.308\NuGet.targets" dosyasındaki "_GetRestoreSettings" hedefi ("_GenerateDotnetCliToolReferenceSpecs" hedefi buna bağımlı):
       "C:\Program Files\dotnet\sdk\9.0.308\NuGet.Build.Tasks.dll" derlemesindeki "GetRestoreSettingsTask" görevi kullanılıyor.
       "GetRestoreSettingsTask" görevi
         Derleme TaskRun (NuGet.Build.Tasks.GetRestoreSettingsTask) sırasında yüklendi: NuGet.Configuration, Version=6.14.0.116, Culture=neutral, PublicKeyToken=31bf3856ad364e35 (konum: C:\Program Files\dotnet\sdk\9.0.308\NuGet.Configuration.dll, MVID: b0f2e3cc-b478-45a0-a863-e83c6e00406f, AssemblyLoadContext: MSBuild plugin C:\Program Files\dotnet\sdk\9.0.308\NuGet.Build.Tasks.dll)
       "GetRestoreSettingsTask" görevini yürütme tamamlandı.
   3:3>"PhoenixData.csproj" projesinde "_GetRestoreSettings" hedefini oluşturma tamamlandı.
   3:3>"c:\Users\Muhammet\Documents\GitHub\Wonderland-Private-Server\PhoenixData\PhoenixData.csproj" projesinin "C:\Program Files\dotnet\sdk\9.0.308\NuGet.targets" dosyasındaki "_GenerateDotnetCliToolReferenceSpecs" hedefi ("_GenerateRestoreGraphProjectEntry" hedefi buna bağımlı):
       "C:\Program Files\dotnet\sdk\9.0.308\NuGet.Build.Tasks.dll" derlemesindeki "GetRestoreDotnetCliToolsTask" görevi kullanılıyor.
       "GetRestoreDotnetCliToolsTask" görevi
       "GetRestoreDotnetCliToolsTask" görevini yürütme tamamlandı.
   3:3>"PhoenixData.csproj" projesinde "_GenerateDotnetCliToolReferenceSpecs" hedefini oluşturma tamamlandı.
   3:3>"c:\Users\Muhammet\Documents\GitHub\Wonderland-Private-Server\PhoenixData\PhoenixData.csproj" projesinin "C:\Program Files\dotnet\sdk\9.0.308\NuGet.targets" dosyasındaki "_GenerateRestoreGraphProjectEntry" hedefi (giriş noktası):
   3:3>"PhoenixData.csproj" projesinde "_GenerateRestoreGraphProjectEntry" hedefini oluşturma tamamlandı.
   3:3>"c:\Users\Muhammet\Documents\GitHub\Wonderland-Private-Server\PhoenixData\PhoenixData.csproj" Projesini Oluşturma İşlemi Tamamlandı (_GenerateRestoreGraphProjectEntry hedef).
     1>"c:\Users\Muhammet\Documents\GitHub\Wonderland-Private-Server\wlo.pserver.core\wlo.pserver.core.csproj" projesi (1) 1 düğümünde "c:\Users\Muhammet\Documents\GitHub\Wonderland-Private-Server\wlo.pserver.core\wlo.pserver.core.csproj" (1:5) oluşturuyor (_GenerateRestoreGraphProjectEntry hedef).
   1:5>Proje dosyası ToolsVersion="12.0" içeriyor. Bu araç seti bilinmiyor veya eksik olabilir; bu durumda uygun MSBuild sürümünü yükleyerek bu sorunu çözebilirsiniz. Derleme, ilke nedeniyle belirli bir ToolsVersion’a zorlanmış da olabilir. Projenin ToolsVersion="Current" değerine sahip olduğu kabul ediliyor. Daha fazla bilgi edinmek için bkz. http://go.microsoft.com/fwlink/?LinkId=293424.
   1:5>"c:\Users\Muhammet\Documents\GitHub\Wonderland-Private-Server\wlo.pserver.core\wlo.pserver.core.csproj" projesinin "C:\Program Files\dotnet\sdk\9.0.308\NuGet.targets" dosyasındaki "_GetProjectJsonPath" hedefi ("_GetRestoreProjectStyle" hedefi buna bağımlı):
       "C:\Program Files\dotnet\sdk\9.0.308\NuGet.Build.Tasks.dll" derlemesindeki "GetRestoreProjectJsonPathTask" görevi kullanılıyor.
       "GetRestoreProjectJsonPathTask" görevi
       "GetRestoreProjectJsonPathTask" görevini yürütme tamamlandı.
   1:5>"wlo.pserver.core.csproj" projesinde "_GetProjectJsonPath" hedefini oluşturma tamamlandı.
   1:5>"c:\Users\Muhammet\Documents\GitHub\Wonderland-Private-Server\wlo.pserver.core\wlo.pserver.core.csproj" projesinin "C:\Program Files\dotnet\sdk\9.0.308\NuGet.targets" dosyasındaki "CollectPackageReferences" hedefi ("_GetRestoreProjectStyle" hedefi buna bağımlı):
       "C:\Program Files\dotnet\sdk\9.0.308\NuGet.Build.Tasks.dll" derlemesindeki "CheckForDuplicateNuGetItemsTask" görevi kullanılıyor.
       "CheckForDuplicateNuGetItemsTask" görevi
       "CheckForDuplicateNuGetItemsTask" görevini yürütme tamamlandı.
   1:5>"wlo.pserver.core.csproj" projesinde "CollectPackageReferences" hedefini oluşturma tamamlandı.
   1:5>"c:\Users\Muhammet\Documents\GitHub\Wonderland-Private-Server\wlo.pserver.core\wlo.pserver.core.csproj" projesinin "C:\Program Files\dotnet\sdk\9.0.308\NuGet.targets" dosyasındaki "_GetRestoreProjectStyle" hedefi ("_GenerateRestoreSpecs" hedefi buna bağımlı):
       "C:\Program Files\dotnet\sdk\9.0.308\NuGet.Build.Tasks.dll" derlemesindeki "GetRestoreProjectStyleTask" görevi kullanılıyor.
       "GetRestoreProjectStyleTask" görevi
       "GetRestoreProjectStyleTask" görevini yürütme tamamlandı.
   1:5>"wlo.pserver.core.csproj" projesinde "_GetRestoreProjectStyle" hedefini oluşturma tamamlandı.
   1:5>"c:\Users\Muhammet\Documents\GitHub\Wonderland-Private-Server\wlo.pserver.core\wlo.pserver.core.csproj" projesinin "C:\Program Files\dotnet\sdk\9.0.308\NuGet.targets" dosyasındaki "_GenerateRestoreSpecs" hedefi ("_GenerateRestoreGraphProjectEntry" hedefi buna bağımlı):
       "Message" görevi
         Restore entry point c:\Users\Muhammet\Documents\GitHub\Wonderland-Private-Server\wlo.pserver.core\wlo.pserver.core.csproj
       "Message" görevini yürütme tamamlandı.
   1:5>"wlo.pserver.core.csproj" projesinde "_GenerateRestoreSpecs" hedefini oluşturma tamamlandı.
   1:5>"c:\Users\Muhammet\Documents\GitHub\Wonderland-Private-Server\wlo.pserver.core\wlo.pserver.core.csproj" projesinin "C:\Program Files\dotnet\sdk\9.0.308\NuGet.targets" dosyasındaki "_GetRestoreSettingsOverrides" hedefi ("_GetRestoreSettings" hedefi buna bağımlı):
       Yanlış koşul nedeniyle "MSBuild" görevi atlandı; ( '$(RestorePackagesPath)' != '' ), ( '' != '' ) olarak değerlendirildi.
       Yanlış koşul nedeniyle "MSBuild" görevi atlandı; ( '$(RestoreRepositoryPathOverride)' != '' ), ( '' != '' ) olarak değerlendirildi.
       Yanlış koşul nedeniyle "MSBuild" görevi atlandı; ( '$(RestoreSources)' != '' ), ( '' != '' ) olarak değerlendirildi.
       Yanlış koşul nedeniyle "MSBuild" görevi atlandı; ( '$(RestoreFallbackFolders)' != '' ), ( '' != '' ) olarak değerlendirildi.
   1:5>"wlo.pserver.core.csproj" projesinde "_GetRestoreSettingsOverrides" hedefini oluşturma tamamlandı.
       Yanlış koşul nedeniyle "_GetRestoreSettingsCurrentProject" hedefi atlandı; ( '$(TargetFrameworks)' == '' AND '$(PackageReferenceCompatibleProjectStyle)' == 'true' ), ( '' == '' AND 'False' == 'true' ) olarak değerlendirildi.
       Yanlış koşul nedeniyle "_GetRestoreSettingsAllFrameworks" hedefi atlandı; ( '$(TargetFrameworks)' != '' AND '$(PackageReferenceCompatibleProjectStyle)' == 'true' ), ( '' != '' AND 'False' == 'true' ) olarak değerlendirildi.
   1:5>"c:\Users\Muhammet\Documents\GitHub\Wonderland-Private-Server\wlo.pserver.core\wlo.pserver.core.csproj" projesinin "C:\Program Files\dotnet\sdk\9.0.308\NuGet.targets" dosyasındaki "_GetRestoreSettings" hedefi ("_GenerateDotnetCliToolReferenceSpecs" hedefi buna bağımlı):
       "C:\Program Files\dotnet\sdk\9.0.308\NuGet.Build.Tasks.dll" derlemesindeki "GetRestoreSettingsTask" görevi kullanılıyor.
       "GetRestoreSettingsTask" görevi
       "GetRestoreSettingsTask" görevini yürütme tamamlandı.
   1:5>"wlo.pserver.core.csproj" projesinde "_GetRestoreSettings" hedefini oluşturma tamamlandı.
   1:5>"c:\Users\Muhammet\Documents\GitHub\Wonderland-Private-Server\wlo.pserver.core\wlo.pserver.core.csproj" projesinin "C:\Program Files\dotnet\sdk\9.0.308\NuGet.targets" dosyasındaki "_GenerateDotnetCliToolReferenceSpecs" hedefi ("_GenerateRestoreGraphProjectEntry" hedefi buna bağımlı):
       "C:\Program Files\dotnet\sdk\9.0.308\NuGet.Build.Tasks.dll" derlemesindeki "GetRestoreDotnetCliToolsTask" görevi kullanılıyor.
       "GetRestoreDotnetCliToolsTask" görevi
       "GetRestoreDotnetCliToolsTask" görevini yürütme tamamlandı.
   1:5>"wlo.pserver.core.csproj" projesinde "_GenerateDotnetCliToolReferenceSpecs" hedefini oluşturma tamamlandı.
   1:5>"c:\Users\Muhammet\Documents\GitHub\Wonderland-Private-Server\wlo.pserver.core\wlo.pserver.core.csproj" projesinin "C:\Program Files\dotnet\sdk\9.0.308\NuGet.targets" dosyasındaki "_GenerateRestoreGraphProjectEntry" hedefi (giriş noktası):
   1:5>"wlo.pserver.core.csproj" projesinde "_GenerateRestoreGraphProjectEntry" hedefini oluşturma tamamlandı.
   1:5>"c:\Users\Muhammet\Documents\GitHub\Wonderland-Private-Server\wlo.pserver.core\wlo.pserver.core.csproj" Projesini Oluşturma İşlemi Tamamlandı (_GenerateRestoreGraphProjectEntry hedef).
     1>"MSBuild" görevini yürütme tamamlandı.
       "MSBuild" görevi
         Genel Özellikler:
           ExcludeRestorePackageImports=true
     1>"c:\Users\Muhammet\Documents\GitHub\Wonderland-Private-Server\wlo.pserver.core\wlo.pserver.core.csproj" projesi (1) 1 düğümünde "c:\Users\Muhammet\Documents\GitHub\Wonderland-Private-Server\PhoenixData\PhoenixData.csproj" (3:4) oluşturuyor (_GenerateProjectRestoreGraph hedef).
   3:4>"_GetRestoreProjectStyle" hedefi atlandı. Önceden başarılı bir şekilde derlenmişti.
       "_GetRestoreProjectStyle" hedefi atlandı. Önceden başarılı bir şekilde derlenmişti.
       "_GetRestoreProjectStyle" hedefi atlandı. Önceden başarılı bir şekilde derlenmişti.
   3:4>"c:\Users\Muhammet\Documents\GitHub\Wonderland-Private-Server\PhoenixData\PhoenixData.csproj" projesinin "C:\Program Files\dotnet\sdk\9.0.308\NuGet.targets" dosyasındaki "_GetRestoreTargetFrameworkOverride" hedefi ("_GetRestoreTargetFrameworksOutput" hedefi buna bağımlı):
       Yanlış koşul nedeniyle "GetGlobalPropertyValueTask" görevi atlandı; ( '$(TargetFrameworks)' != '' ), ( '' != '' ) olarak değerlendirildi.
   3:4>"PhoenixData.csproj" projesinde "_GetRestoreTargetFrameworkOverride" hedefini oluşturma tamamlandı.
     1>"c:\Users\Muhammet\Documents\GitHub\Wonderland-Private-Server\wlo.pserver.core\wlo.pserver.core.csproj" projesi (1) 2 düğümünde "c:\Users\Muhammet\Documents\GitHub\Wonderland-Private-Server\RCLibrary\RCLibrary.csproj" (2:4) oluşturuyor (_GenerateProjectRestoreGraph hedef).
   2:4>"_GetRestoreProjectStyle" hedefi atlandı. Önceden başarılı bir şekilde derlenmişti.
       "_GetRestoreProjectStyle" hedefi atlandı. Önceden başarılı bir şekilde derlenmişti.
       "_GetRestoreProjectStyle" hedefi atlandı. Önceden başarılı bir şekilde derlenmişti.
   3:4>"c:\Users\Muhammet\Documents\GitHub\Wonderland-Private-Server\PhoenixData\PhoenixData.csproj" projesinin "C:\Program Files\dotnet\sdk\9.0.308\NuGet.targets" dosyasındaki "_GetRestoreTargetFrameworksOutput" hedefi ("_GenerateRestoreProjectSpec" hedefi buna bağımlı):
   3:4>"C:\Program Files\dotnet\sdk\9.0.308\NuGet.Build.Tasks.dll" derlemesindeki "GetProjectTargetFrameworksTask" görevi kullanılıyor.
       "GetProjectTargetFrameworksTask" görevi
   2:4>"c:\Users\Muhammet\Documents\GitHub\Wonderland-Private-Server\RCLibrary\RCLibrary.csproj" projesinin "C:\Program Files\dotnet\sdk\9.0.308\NuGet.targets" dosyasındaki "_GetRestoreTargetFrameworkOverride" hedefi ("_GetRestoreTargetFrameworksOutput" hedefi buna bağımlı):
   2:4>Yanlış koşul nedeniyle "GetGlobalPropertyValueTask" görevi atlandı; ( '$(TargetFrameworks)' != '' ), ( '' != '' ) olarak değerlendirildi.
   2:4>"RCLibrary.csproj" projesinde "_GetRestoreTargetFrameworkOverride" hedefini oluşturma tamamlandı.
   2:4>"c:\Users\Muhammet\Documents\GitHub\Wonderland-Private-Server\RCLibrary\RCLibrary.csproj" projesinin "C:\Program Files\dotnet\sdk\9.0.308\NuGet.targets" dosyasındaki "_GetRestoreTargetFrameworksOutput" hedefi ("_GenerateRestoreProjectSpec" hedefi buna bağımlı):
       "C:\Program Files\dotnet\sdk\9.0.308\NuGet.Build.Tasks.dll" derlemesindeki "GetProjectTargetFrameworksTask" görevi kullanılıyor.
       "GetProjectTargetFrameworksTask" görevi
       "GetProjectTargetFrameworksTask" görevini yürütme tamamlandı.
   2:4>"RCLibrary.csproj" projesinde "_GetRestoreTargetFrameworksOutput" hedefini oluşturma tamamlandı.
   3:4>"GetProjectTargetFrameworksTask" görevini yürütme tamamlandı.
   2:4>"_GetRestoreSettings" hedefi atlandı. Önceden başarılı bir şekilde derlenmişti.
   3:4>"PhoenixData.csproj" projesinde "_GetRestoreTargetFrameworksOutput" hedefini oluşturma tamamlandı.
       "_GetRestoreSettings" hedefi atlandı. Önceden başarılı bir şekilde derlenmişti.
   2:4>"c:\Users\Muhammet\Documents\GitHub\Wonderland-Private-Server\RCLibrary\RCLibrary.csproj" projesinin "C:\Program Files\dotnet\sdk\9.0.308\NuGet.targets" dosyasındaki "_GenerateRestoreProjectSpec" hedefi ("_GenerateProjectRestoreGraph" hedefi buna bağımlı):
   2:4>"ConvertToAbsolutePath" görevi
       "ConvertToAbsolutePath" görevini yürütme tamamlandı.
   3:4>"c:\Users\Muhammet\Documents\GitHub\Wonderland-Private-Server\PhoenixData\PhoenixData.csproj" projesinin "C:\Program Files\dotnet\sdk\9.0.308\NuGet.targets" dosyasındaki "_GenerateRestoreProjectSpec" hedefi ("_GenerateProjectRestoreGraph" hedefi buna bağımlı):
   3:4>"ConvertToAbsolutePath" görevi
   2:4>"RCLibrary.csproj" projesinde "_GenerateRestoreProjectSpec" hedefini oluşturma tamamlandı.
       Yanlış koşul nedeniyle "_GenerateProjectRestoreGraphAllFrameworks" hedefi atlandı; ( '$(TargetFrameworks)' != '' ), ( '' != '' ) olarak değerlendirildi.
       "_GetRestoreProjectStyle" hedefi atlandı. Önceden başarılı bir şekilde derlenmişti.
       "CollectPackageReferences" hedefi atlandı. Önceden başarılı bir şekilde derlenmişti.
   3:4>"ConvertToAbsolutePath" görevini yürütme tamamlandı.
   2:4>Yanlış koşul nedeniyle "ProcessFrameworkReferences" hedefi atlandı; ('@(FrameworkReference)' != '' Or '$(_RequiresILLinkPack)' == 'true'), ('' != '' Or 'false' == 'true') olarak değerlendirildi.
       Yanlış koşul nedeniyle "_NormalizeTargetPlatformVersion" hedefi atlandı; ('$(TargetPlatformVersion)' != '' and '$(TargetFrameworkIdentifier)' == '.NETCoreApp' and $([MSBuild]::VersionGreaterThanOrEquals($(TargetFrameworkVersion), 5.0)) and ('$(Language)' != 'C++' or '$(_EnablePackageReferencesInVCProjects)' == 'true')), ('7.0' != '' and '.NETFramework' == '.NETCoreApp' and False and ('C#' != 'C++' or '' == 'true')) olarak değerlendirildi.
   3:4>"PhoenixData.csproj" projesinde "_GenerateRestoreProjectSpec" hedefini oluşturma tamamlandı.
       Yanlış koşul nedeniyle "_GenerateProjectRestoreGraphAllFrameworks" hedefi atlandı; ( '$(TargetFrameworks)' != '' ), ( '' != '' ) olarak değerlendirildi.
       "_GetRestoreProjectStyle" hedefi atlandı. Önceden başarılı bir şekilde derlenmişti.
       "CollectPackageReferences" hedefi atlandı. Önceden başarılı bir şekilde derlenmişti.
       Yanlış koşul nedeniyle "ProcessFrameworkReferences" hedefi atlandı; ('@(FrameworkReference)' != '' Or '$(_RequiresILLinkPack)' == 'true'), ('' != '' Or 'false' == 'true') olarak değerlendirildi.
       Yanlış koşul nedeniyle "_NormalizeTargetPlatformVersion" hedefi atlandı; ('$(TargetPlatformVersion)' != '' and '$(TargetFrameworkIdentifier)' == '.NETCoreApp' and $([MSBuild]::VersionGreaterThanOrEquals($(TargetFrameworkVersion), 5.0)) and ('$(Language)' != 'C++' or '$(_EnablePackageReferencesInVCProjects)' == 'true')), ('7.0' != '' and '.NETFramework' == '.NETCoreApp' and False and ('C#' != 'C++' or '' == 'true')) olarak değerlendirildi.
   3:4>"c:\Users\Muhammet\Documents\GitHub\Wonderland-Private-Server\PhoenixData\PhoenixData.csproj" projesinin "C:\Program Files\dotnet\sdk\9.0.308\NuGet.targets" dosyasındaki "CollectPackageDownloads" hedefi ("_CollectRestoreInputs" hedefi buna bağımlı):
       "CheckForDuplicateNuGetItemsTask" görevi
   2:4>"c:\Users\Muhammet\Documents\GitHub\Wonderland-Private-Server\RCLibrary\RCLibrary.csproj" projesinin "C:\Program Files\dotnet\sdk\9.0.308\NuGet.targets" dosyasındaki "CollectPackageDownloads" hedefi ("_CollectRestoreInputs" hedefi buna bağımlı):
   2:4>"CheckForDuplicateNuGetItemsTask" görevi
       "CheckForDuplicateNuGetItemsTask" görevini yürütme tamamlandı.
   2:4>"RCLibrary.csproj" projesinde "CollectPackageDownloads" hedefini oluşturma tamamlandı.
   2:4>"c:\Users\Muhammet\Documents\GitHub\Wonderland-Private-Server\RCLibrary\RCLibrary.csproj" projesinin "C:\Program Files\dotnet\sdk\9.0.308\NuGet.targets" dosyasındaki "CollectFrameworkReferences" hedefi ("_CollectRestoreInputs" hedefi buna bağımlı):
   2:4>"RCLibrary.csproj" projesinde "CollectFrameworkReferences" hedefini oluşturma tamamlandı.
   2:4>"c:\Users\Muhammet\Documents\GitHub\Wonderland-Private-Server\RCLibrary\RCLibrary.csproj" projesinin "C:\Program Files\dotnet\sdk\9.0.308\NuGet.targets" dosyasındaki "CollectCentralPackageVersions" hedefi ("_CollectRestoreInputs" hedefi buna bağımlı):
       "CheckForDuplicateNuGetItemsTask" görevi
   3:4>"CheckForDuplicateNuGetItemsTask" görevini yürütme tamamlandı.
   2:4>"CheckForDuplicateNuGetItemsTask" görevini yürütme tamamlandı.
   3:4>"PhoenixData.csproj" projesinde "CollectPackageDownloads" hedefini oluşturma tamamlandı.
   2:4>"RCLibrary.csproj" projesinde "CollectCentralPackageVersions" hedefini oluşturma tamamlandı.
   3:4>"c:\Users\Muhammet\Documents\GitHub\Wonderland-Private-Server\PhoenixData\PhoenixData.csproj" projesinin "C:\Program Files\dotnet\sdk\9.0.308\NuGet.targets" dosyasındaki "CollectFrameworkReferences" hedefi ("_CollectRestoreInputs" hedefi buna bağımlı):
   3:4>"PhoenixData.csproj" projesinde "CollectFrameworkReferences" hedefini oluşturma tamamlandı.
   2:4>"c:\Users\Muhammet\Documents\GitHub\Wonderland-Private-Server\RCLibrary\RCLibrary.csproj" projesinin "C:\Program Files\dotnet\sdk\9.0.308\NuGet.targets" dosyasındaki "CollectNuGetAuditSuppressions" hedefi ("_CollectRestoreInputs" hedefi buna bağımlı):
   2:4>"CheckForDuplicateNuGetItemsTask" görevi
       "CheckForDuplicateNuGetItemsTask" görevini yürütme tamamlandı.
   3:4>"c:\Users\Muhammet\Documents\GitHub\Wonderland-Private-Server\PhoenixData\PhoenixData.csproj" projesinin "C:\Program Files\dotnet\sdk\9.0.308\NuGet.targets" dosyasındaki "CollectCentralPackageVersions" hedefi ("_CollectRestoreInputs" hedefi buna bağımlı):
   3:4>"CheckForDuplicateNuGetItemsTask" görevi
   2:4>"RCLibrary.csproj" projesinde "CollectNuGetAuditSuppressions" hedefini oluşturma tamamlandı.
       Yanlış koşul nedeniyle "AddPrunePackageReferences" hedefi atlandı; ('$(RestoreEnablePackagePruning)' == 'true'), ('false' == 'true') olarak değerlendirildi.
   2:4>"c:\Users\Muhammet\Documents\GitHub\Wonderland-Private-Server\RCLibrary\RCLibrary.csproj" projesinin "C:\Program Files\dotnet\sdk\9.0.308\NuGet.targets" dosyasındaki "CollectPrunePackageReferences" hedefi ("_CollectRestoreInputs" hedefi buna bağımlı):
       "CheckForDuplicateNuGetItemsTask" görevi
       "CheckForDuplicateNuGetItemsTask" görevini yürütme tamamlandı.
   3:4>"CheckForDuplicateNuGetItemsTask" görevini yürütme tamamlandı.
   3:4>"PhoenixData.csproj" projesinde "CollectCentralPackageVersions" hedefini oluşturma tamamlandı.
   3:4>"c:\Users\Muhammet\Documents\GitHub\Wonderland-Private-Server\PhoenixData\PhoenixData.csproj" projesinin "C:\Program Files\dotnet\sdk\9.0.308\NuGet.targets" dosyasındaki "CollectNuGetAuditSuppressions" hedefi ("_CollectRestoreInputs" hedefi buna bağımlı):
       "CheckForDuplicateNuGetItemsTask" görevi
   2:4>"RCLibrary.csproj" projesinde "CollectPrunePackageReferences" hedefini oluşturma tamamlandı.
   3:4>"CheckForDuplicateNuGetItemsTask" görevini yürütme tamamlandı.
   3:4>"PhoenixData.csproj" projesinde "CollectNuGetAuditSuppressions" hedefini oluşturma tamamlandı.
       Yanlış koşul nedeniyle "AddPrunePackageReferences" hedefi atlandı; ('$(RestoreEnablePackagePruning)' == 'true'), ('false' == 'true') olarak değerlendirildi.
   3:4>"c:\Users\Muhammet\Documents\GitHub\Wonderland-Private-Server\PhoenixData\PhoenixData.csproj" projesinin "C:\Program Files\dotnet\sdk\9.0.308\NuGet.targets" dosyasındaki "CollectPrunePackageReferences" hedefi ("_CollectRestoreInputs" hedefi buna bağımlı):
       "CheckForDuplicateNuGetItemsTask" görevi
       "CheckForDuplicateNuGetItemsTask" görevini yürütme tamamlandı.
   3:4>"PhoenixData.csproj" projesinde "CollectPrunePackageReferences" hedefini oluşturma tamamlandı.
   3:4>"c:\Users\Muhammet\Documents\GitHub\Wonderland-Private-Server\PhoenixData\PhoenixData.csproj" projesinin "C:\Program Files\dotnet\sdk\9.0.308\NuGet.targets" dosyasındaki "_CollectRestoreInputs" hedefi ("_GenerateProjectRestoreGraphPerFramework" hedefi buna bağımlı):
   3:4>"PhoenixData.csproj" projesinde "_CollectRestoreInputs" hedefini oluşturma tamamlandı.
       Yanlış koşul nedeniyle "PrepRestoreForStoreProjects" hedefi atlandı; ('$(StorePackageName)' != ''), ('' != '') olarak değerlendirildi.
   2:4>"c:\Users\Muhammet\Documents\GitHub\Wonderland-Private-Server\RCLibrary\RCLibrary.csproj" projesinin "C:\Program Files\dotnet\sdk\9.0.308\NuGet.targets" dosyasındaki "_CollectRestoreInputs" hedefi ("_GenerateProjectRestoreGraphPerFramework" hedefi buna bağımlı):
   2:4>"RCLibrary.csproj" projesinde "_CollectRestoreInputs" hedefini oluşturma tamamlandı.
       Yanlış koşul nedeniyle "PrepRestoreForStoreProjects" hedefi atlandı; ('$(StorePackageName)' != ''), ('' != '') olarak değerlendirildi.
   3:4>"c:\Users\Muhammet\Documents\GitHub\Wonderland-Private-Server\PhoenixData\PhoenixData.csproj" projesinin "C:\Program Files\dotnet\sdk\9.0.308\NuGet.targets" dosyasındaki "_GenerateProjectRestoreGraphPerFramework" hedefi ("_GenerateProjectRestoreGraphCurrentProject" hedefi buna bağımlı):
   3:4>"C:\Program Files\dotnet\sdk\9.0.308\NuGet.Build.Tasks.dll" derlemesindeki "GetRestoreProjectReferencesTask" görevi kullanılıyor.
       "GetRestoreProjectReferencesTask" görevi
   2:4>"c:\Users\Muhammet\Documents\GitHub\Wonderland-Private-Server\RCLibrary\RCLibrary.csproj" projesinin "C:\Program Files\dotnet\sdk\9.0.308\NuGet.targets" dosyasındaki "_GenerateProjectRestoreGraphPerFramework" hedefi ("_GenerateProjectRestoreGraphCurrentProject" hedefi buna bağımlı):
   2:4>"C:\Program Files\dotnet\sdk\9.0.308\NuGet.Build.Tasks.dll" derlemesindeki "GetRestoreProjectReferencesTask" görevi kullanılıyor.
   3:4>"GetRestoreProjectReferencesTask" görevini yürütme tamamlandı.
   2:4>"GetRestoreProjectReferencesTask" görevi
       "GetRestoreProjectReferencesTask" görevini yürütme tamamlandı.
       "C:\Program Files\dotnet\sdk\9.0.308\NuGet.Build.Tasks.dll" derlemesindeki "GetRestorePackageReferencesTask" görevi kullanılıyor.
   3:4>_GenerateProjectRestoreGraphPerFramework:
       "C:\Program Files\dotnet\sdk\9.0.308\NuGet.Build.Tasks.dll" derlemesindeki "GetRestorePackageReferencesTask" görevi kullanılıyor.
   2:4>"GetRestorePackageReferencesTask" görevi
   3:4>"GetRestorePackageReferencesTask" görevi
   2:4>"GetRestorePackageReferencesTask" görevini yürütme tamamlandı.
       Yanlış koşul nedeniyle "GetCentralPackageVersionsTask" görevi atlandı; ( '$(PackageReferenceCompatibleProjectStyle)' == 'true' AND '$(_CentralPackageVersionsEnabled)' == 'true' ), ( 'True' == 'true' AND '' == 'true' ) olarak değerlendirildi.
       "C:\Program Files\dotnet\sdk\9.0.308\NuGet.Build.Tasks.dll" derlemesindeki "GetRestorePackageDownloadsTask" görevi kullanılıyor.
       "GetRestorePackageDownloadsTask" görevi
       "GetRestorePackageDownloadsTask" görevini yürütme tamamlandı.
       "C:\Program Files\dotnet\sdk\9.0.308\NuGet.Build.Tasks.dll" derlemesindeki "GetRestoreFrameworkReferencesTask" görevi kullanılıyor.
       "GetRestoreFrameworkReferencesTask" görevi
       "GetRestoreFrameworkReferencesTask" görevini yürütme tamamlandı.
       "C:\Program Files\dotnet\sdk\9.0.308\NuGet.Build.Tasks.dll" derlemesindeki "GetRestoreNuGetAuditSuppressionsTask" görevi kullanılıyor.
       "GetRestoreNuGetAuditSuppressionsTask" görevi
       "GetRestoreNuGetAuditSuppressionsTask" görevini yürütme tamamlandı.
       "C:\Program Files\dotnet\sdk\9.0.308\NuGet.Build.Tasks.dll" derlemesindeki "GetRestorePrunePackageReferencesTask" görevi kullanılıyor.
       "GetRestorePrunePackageReferencesTask" görevi
       "GetRestorePrunePackageReferencesTask" görevini yürütme tamamlandı.
   2:4>"RCLibrary.csproj" projesinde "_GenerateProjectRestoreGraphPerFramework" hedefini oluşturma tamamlandı.
   3:4>"GetRestorePackageReferencesTask" görevini yürütme tamamlandı.
   2:4>"c:\Users\Muhammet\Documents\GitHub\Wonderland-Private-Server\RCLibrary\RCLibrary.csproj" projesinin "C:\Program Files\dotnet\sdk\9.0.308\NuGet.targets" dosyasındaki "_GenerateProjectRestoreGraphCurrentProject" hedefi ("_GenerateRestoreDependencies" hedefi buna bağımlı):
   2:4>"RCLibrary.csproj" projesinde "_GenerateProjectRestoreGraphCurrentProject" hedefini oluşturma tamamlandı.
   3:4>_GenerateProjectRestoreGraphPerFramework:
       Yanlış koşul nedeniyle "GetCentralPackageVersionsTask" görevi atlandı; ( '$(PackageReferenceCompatibleProjectStyle)' == 'true' AND '$(_CentralPackageVersionsEnabled)' == 'true' ), ( 'True' == 'true' AND '' == 'true' ) olarak değerlendirildi.
       "C:\Program Files\dotnet\sdk\9.0.308\NuGet.Build.Tasks.dll" derlemesindeki "GetRestorePackageDownloadsTask" görevi kullanılıyor.
       "GetRestorePackageDownloadsTask" görevi
       "GetRestorePackageDownloadsTask" görevini yürütme tamamlandı.
   2:4>"c:\Users\Muhammet\Documents\GitHub\Wonderland-Private-Server\RCLibrary\RCLibrary.csproj" projesinin "C:\Program Files\dotnet\sdk\9.0.308\NuGet.targets" dosyasındaki "_GenerateRestoreDependencies" hedefi ("_GenerateProjectRestoreGraph" hedefi buna bağımlı):
   2:4>"RCLibrary.csproj" projesinde "_GenerateRestoreDependencies" hedefini oluşturma tamamlandı.
   3:4>_GenerateProjectRestoreGraphPerFramework:
       "C:\Program Files\dotnet\sdk\9.0.308\NuGet.Build.Tasks.dll" derlemesindeki "GetRestoreFrameworkReferencesTask" görevi kullanılıyor.
       "GetRestoreFrameworkReferencesTask" görevi
       "GetRestoreFrameworkReferencesTask" görevini yürütme tamamlandı.
   2:4>"c:\Users\Muhammet\Documents\GitHub\Wonderland-Private-Server\RCLibrary\RCLibrary.csproj" projesinin "C:\Program Files\dotnet\sdk\9.0.308\NuGet.targets" dosyasındaki "_GenerateProjectRestoreGraph" hedefi (giriş noktası):
   2:4>"RCLibrary.csproj" projesinde "_GenerateProjectRestoreGraph" hedefini oluşturma tamamlandı.
   3:4>_GenerateProjectRestoreGraphPerFramework:
       "C:\Program Files\dotnet\sdk\9.0.308\NuGet.Build.Tasks.dll" derlemesindeki "GetRestoreNuGetAuditSuppressionsTask" görevi kullanılıyor.
       "GetRestoreNuGetAuditSuppressionsTask" görevi
   2:4>"c:\Users\Muhammet\Documents\GitHub\Wonderland-Private-Server\RCLibrary\RCLibrary.csproj" Projesini Oluşturma İşlemi Tamamlandı (_GenerateProjectRestoreGraph hedef).
   3:4>"GetRestoreNuGetAuditSuppressionsTask" görevini yürütme tamamlandı.
       "C:\Program Files\dotnet\sdk\9.0.308\NuGet.Build.Tasks.dll" derlemesindeki "GetRestorePrunePackageReferencesTask" görevi kullanılıyor.
       "GetRestorePrunePackageReferencesTask" görevi
       "GetRestorePrunePackageReferencesTask" görevini yürütme tamamlandı.
   3:4>"PhoenixData.csproj" projesinde "_GenerateProjectRestoreGraphPerFramework" hedefini oluşturma tamamlandı.
   3:4>"c:\Users\Muhammet\Documents\GitHub\Wonderland-Private-Server\PhoenixData\PhoenixData.csproj" projesinin "C:\Program Files\dotnet\sdk\9.0.308\NuGet.targets" dosyasındaki "_GenerateProjectRestoreGraphCurrentProject" hedefi ("_GenerateRestoreDependencies" hedefi buna bağımlı):
   3:4>"PhoenixData.csproj" projesinde "_GenerateProjectRestoreGraphCurrentProject" hedefini oluşturma tamamlandı.
   3:4>"c:\Users\Muhammet\Documents\GitHub\Wonderland-Private-Server\PhoenixData\PhoenixData.csproj" projesinin "C:\Program Files\dotnet\sdk\9.0.308\NuGet.targets" dosyasındaki "_GenerateRestoreDependencies" hedefi ("_GenerateProjectRestoreGraph" hedefi buna bağımlı):
   3:4>"PhoenixData.csproj" projesinde "_GenerateRestoreDependencies" hedefini oluşturma tamamlandı.
   3:4>"c:\Users\Muhammet\Documents\GitHub\Wonderland-Private-Server\PhoenixData\PhoenixData.csproj" projesinin "C:\Program Files\dotnet\sdk\9.0.308\NuGet.targets" dosyasındaki "_GenerateProjectRestoreGraph" hedefi (giriş noktası):
   3:4>"PhoenixData.csproj" projesinde "_GenerateProjectRestoreGraph" hedefini oluşturma tamamlandı.
   3:4>"c:\Users\Muhammet\Documents\GitHub\Wonderland-Private-Server\PhoenixData\PhoenixData.csproj" Projesini Oluşturma İşlemi Tamamlandı (_GenerateProjectRestoreGraph hedef).
     1>"c:\Users\Muhammet\Documents\GitHub\Wonderland-Private-Server\wlo.pserver.core\wlo.pserver.core.csproj" projesi (1) 1 düğümünde "c:\Users\Muhammet\Documents\GitHub\Wonderland-Private-Server\wlo.pserver.core\wlo.pserver.core.csproj" (1:6) oluşturuyor (_GenerateProjectRestoreGraph hedef).
   1:6>Proje dosyası ToolsVersion="12.0" içeriyor. Bu araç seti bilinmiyor veya eksik olabilir; bu durumda uygun MSBuild sürümünü yükleyerek bu sorunu çözebilirsiniz. Derleme, ilke nedeniyle belirli bir ToolsVersion’a zorlanmış da olabilir. Projenin ToolsVersion="Current" değerine sahip olduğu kabul ediliyor. Daha fazla bilgi edinmek için bkz. http://go.microsoft.com/fwlink/?LinkId=293424.
       "_GetRestoreProjectStyle" hedefi atlandı. Önceden başarılı bir şekilde derlenmişti.
       "_GetRestoreProjectStyle" hedefi atlandı. Önceden başarılı bir şekilde derlenmişti.
       "_GetRestoreProjectStyle" hedefi atlandı. Önceden başarılı bir şekilde derlenmişti.
   1:6>"c:\Users\Muhammet\Documents\GitHub\Wonderland-Private-Server\wlo.pserver.core\wlo.pserver.core.csproj" projesinin "C:\Program Files\dotnet\sdk\9.0.308\NuGet.targets" dosyasındaki "_GetRestoreTargetFrameworkOverride" hedefi ("_GetRestoreTargetFrameworksOutput" hedefi buna bağımlı):
       Yanlış koşul nedeniyle "GetGlobalPropertyValueTask" görevi atlandı; ( '$(TargetFrameworks)' != '' ), ( '' != '' ) olarak değerlendirildi.
   1:6>"wlo.pserver.core.csproj" projesinde "_GetRestoreTargetFrameworkOverride" hedefini oluşturma tamamlandı.
   1:6>"c:\Users\Muhammet\Documents\GitHub\Wonderland-Private-Server\wlo.pserver.core\wlo.pserver.core.csproj" projesinin "C:\Program Files\dotnet\sdk\9.0.308\NuGet.targets" dosyasındaki "_GetRestoreTargetFrameworksOutput" hedefi ("_GenerateRestoreProjectSpec" hedefi buna bağımlı):
       "C:\Program Files\dotnet\sdk\9.0.308\NuGet.Build.Tasks.dll" derlemesindeki "GetProjectTargetFrameworksTask" görevi kullanılıyor.
       "GetProjectTargetFrameworksTask" görevi
         Derleme TaskRun (NuGet.Build.Tasks.GetProjectTargetFrameworksTask) sırasında yüklendi: NuGet.Frameworks, Version=6.14.0.116, Culture=neutral, PublicKeyToken=31bf3856ad364e35 (konum: C:\Program Files\dotnet\sdk\9.0.308\NuGet.Frameworks.dll, MVID: 6b5909cd-5145-46c4-9595-25461e82c126, AssemblyLoadContext: MSBuild plugin C:\Program Files\dotnet\sdk\9.0.308\NuGet.Build.Tasks.dll)
       "GetProjectTargetFrameworksTask" görevini yürütme tamamlandı.
   1:6>"wlo.pserver.core.csproj" projesinde "_GetRestoreTargetFrameworksOutput" hedefini oluşturma tamamlandı.
       "_GetRestoreSettings" hedefi atlandı. Önceden başarılı bir şekilde derlenmişti.
   1:6>"c:\Users\Muhammet\Documents\GitHub\Wonderland-Private-Server\wlo.pserver.core\wlo.pserver.core.csproj" projesinin "C:\Program Files\dotnet\sdk\9.0.308\NuGet.targets" dosyasındaki "_GenerateRestoreProjectSpec" hedefi ("_GenerateProjectRestoreGraph" hedefi buna bağımlı):
       Yanlış koşul nedeniyle "ConvertToAbsolutePath" görevi atlandı; ( '$(PackageReferenceCompatibleProjectStyle)' == 'true' OR '$(RestoreProjectStyle)' == 'ProjectJson'), ( 'False' == 'true' OR 'PackagesConfig' == 'ProjectJson') olarak değerlendirildi.
   1:6>"wlo.pserver.core.csproj" projesinde "_GenerateRestoreProjectSpec" hedefini oluşturma tamamlandı.
       Yanlış koşul nedeniyle "_GenerateProjectRestoreGraphAllFrameworks" hedefi atlandı; ( '$(TargetFrameworks)' != '' ), ( '' != '' ) olarak değerlendirildi.
       "_GetRestoreProjectStyle" hedefi atlandı. Önceden başarılı bir şekilde derlenmişti.
       "CollectPackageReferences" hedefi atlandı. Önceden başarılı bir şekilde derlenmişti.
   1:6>"c:\Users\Muhammet\Documents\GitHub\Wonderland-Private-Server\wlo.pserver.core\wlo.pserver.core.csproj" projesinin "C:\Program Files\dotnet\sdk\9.0.308\NuGet.targets" dosyasındaki "CollectPackageDownloads" hedefi ("_CollectRestoreInputs" hedefi buna bağımlı):
       "CheckForDuplicateNuGetItemsTask" görevi
       "CheckForDuplicateNuGetItemsTask" görevini yürütme tamamlandı.
   1:6>"wlo.pserver.core.csproj" projesinde "CollectPackageDownloads" hedefini oluşturma tamamlandı.
   1:6>"c:\Users\Muhammet\Documents\GitHub\Wonderland-Private-Server\wlo.pserver.core\wlo.pserver.core.csproj" projesinin "C:\Program Files\dotnet\sdk\9.0.308\NuGet.targets" dosyasındaki "CollectFrameworkReferences" hedefi ("_CollectRestoreInputs" hedefi buna bağımlı):
   1:6>"wlo.pserver.core.csproj" projesinde "CollectFrameworkReferences" hedefini oluşturma tamamlandı.
   1:6>"c:\Users\Muhammet\Documents\GitHub\Wonderland-Private-Server\wlo.pserver.core\wlo.pserver.core.csproj" projesinin "C:\Program Files\dotnet\sdk\9.0.308\NuGet.targets" dosyasındaki "CollectCentralPackageVersions" hedefi ("_CollectRestoreInputs" hedefi buna bağımlı):
       "CheckForDuplicateNuGetItemsTask" görevi
       "CheckForDuplicateNuGetItemsTask" görevini yürütme tamamlandı.
   1:6>"wlo.pserver.core.csproj" projesinde "CollectCentralPackageVersions" hedefini oluşturma tamamlandı.
   1:6>"c:\Users\Muhammet\Documents\GitHub\Wonderland-Private-Server\wlo.pserver.core\wlo.pserver.core.csproj" projesinin "C:\Program Files\dotnet\sdk\9.0.308\NuGet.targets" dosyasındaki "CollectNuGetAuditSuppressions" hedefi ("_CollectRestoreInputs" hedefi buna bağımlı):
       "CheckForDuplicateNuGetItemsTask" görevi
       "CheckForDuplicateNuGetItemsTask" görevini yürütme tamamlandı.
   1:6>"wlo.pserver.core.csproj" projesinde "CollectNuGetAuditSuppressions" hedefini oluşturma tamamlandı.
   1:6>"c:\Users\Muhammet\Documents\GitHub\Wonderland-Private-Server\wlo.pserver.core\wlo.pserver.core.csproj" projesinin "C:\Program Files\dotnet\sdk\9.0.308\NuGet.targets" dosyasındaki "CollectPrunePackageReferences" hedefi ("_CollectRestoreInputs" hedefi buna bağımlı):
       "CheckForDuplicateNuGetItemsTask" görevi
       "CheckForDuplicateNuGetItemsTask" görevini yürütme tamamlandı.
   1:6>"wlo.pserver.core.csproj" projesinde "CollectPrunePackageReferences" hedefini oluşturma tamamlandı.
   1:6>"c:\Users\Muhammet\Documents\GitHub\Wonderland-Private-Server\wlo.pserver.core\wlo.pserver.core.csproj" projesinin "C:\Program Files\dotnet\sdk\9.0.308\NuGet.targets" dosyasındaki "_CollectRestoreInputs" hedefi ("_GenerateProjectRestoreGraphPerFramework" hedefi buna bağımlı):
   1:6>"wlo.pserver.core.csproj" projesinde "_CollectRestoreInputs" hedefini oluşturma tamamlandı.
   1:6>"c:\Users\Muhammet\Documents\GitHub\Wonderland-Private-Server\wlo.pserver.core\wlo.pserver.core.csproj" projesinin "C:\Program Files\dotnet\sdk\9.0.308\NuGet.targets" dosyasındaki "_GenerateProjectRestoreGraphPerFramework" hedefi ("_GenerateProjectRestoreGraphCurrentProject" hedefi buna bağımlı):
       "C:\Program Files\dotnet\sdk\9.0.308\NuGet.Build.Tasks.dll" derlemesindeki "GetRestoreProjectReferencesTask" görevi kullanılıyor.
       "GetRestoreProjectReferencesTask" görevi
       "GetRestoreProjectReferencesTask" görevini yürütme tamamlandı.
       Yanlış koşul nedeniyle "GetRestorePackageReferencesTask" görevi atlandı; ( '$(PackageReferenceCompatibleProjectStyle)' == 'true' ), ( 'False' == 'true' ) olarak değerlendirildi.
       Yanlış koşul nedeniyle "GetCentralPackageVersionsTask" görevi atlandı; ( '$(PackageReferenceCompatibleProjectStyle)' == 'true' AND '$(_CentralPackageVersionsEnabled)' == 'true' ), ( 'False' == 'true' AND '' == 'true' ) olarak değerlendirildi.
       Yanlış koşul nedeniyle "GetRestorePackageDownloadsTask" görevi atlandı; ( '$(PackageReferenceCompatibleProjectStyle)' == 'true' ), ( 'False' == 'true' ) olarak değerlendirildi.
       Yanlış koşul nedeniyle "GetRestoreFrameworkReferencesTask" görevi atlandı; ( '$(PackageReferenceCompatibleProjectStyle)' == 'true' ), ( 'False' == 'true' ) olarak değerlendirildi.
       "C:\Program Files\dotnet\sdk\9.0.308\NuGet.Build.Tasks.dll" derlemesindeki "GetRestoreNuGetAuditSuppressionsTask" görevi kullanılıyor.
       "GetRestoreNuGetAuditSuppressionsTask" görevi
       "GetRestoreNuGetAuditSuppressionsTask" görevini yürütme tamamlandı.
       "C:\Program Files\dotnet\sdk\9.0.308\NuGet.Build.Tasks.dll" derlemesindeki "GetRestorePrunePackageReferencesTask" görevi kullanılıyor.
       "GetRestorePrunePackageReferencesTask" görevi
       "GetRestorePrunePackageReferencesTask" görevini yürütme tamamlandı.
   1:6>"wlo.pserver.core.csproj" projesinde "_GenerateProjectRestoreGraphPerFramework" hedefini oluşturma tamamlandı.
   1:6>"c:\Users\Muhammet\Documents\GitHub\Wonderland-Private-Server\wlo.pserver.core\wlo.pserver.core.csproj" projesinin "C:\Program Files\dotnet\sdk\9.0.308\NuGet.targets" dosyasındaki "_GenerateProjectRestoreGraphCurrentProject" hedefi ("_GenerateRestoreDependencies" hedefi buna bağımlı):
   1:6>"wlo.pserver.core.csproj" projesinde "_GenerateProjectRestoreGraphCurrentProject" hedefini oluşturma tamamlandı.
   1:6>"c:\Users\Muhammet\Documents\GitHub\Wonderland-Private-Server\wlo.pserver.core\wlo.pserver.core.csproj" projesinin "C:\Program Files\dotnet\sdk\9.0.308\NuGet.targets" dosyasındaki "_GenerateRestoreDependencies" hedefi ("_GenerateProjectRestoreGraph" hedefi buna bağımlı):
   1:6>"wlo.pserver.core.csproj" projesinde "_GenerateRestoreDependencies" hedefini oluşturma tamamlandı.
   1:6>"c:\Users\Muhammet\Documents\GitHub\Wonderland-Private-Server\wlo.pserver.core\wlo.pserver.core.csproj" projesinin "C:\Program Files\dotnet\sdk\9.0.308\NuGet.targets" dosyasındaki "_GenerateProjectRestoreGraph" hedefi (giriş noktası):
   1:6>"wlo.pserver.core.csproj" projesinde "_GenerateProjectRestoreGraph" hedefini oluşturma tamamlandı.
   1:6>"c:\Users\Muhammet\Documents\GitHub\Wonderland-Private-Server\wlo.pserver.core\wlo.pserver.core.csproj" Projesini Oluşturma İşlemi Tamamlandı (_GenerateProjectRestoreGraph hedef).
     1>"MSBuild" görevini yürütme tamamlandı.
     1>"wlo.pserver.core.csproj" projesinde "_GenerateRestoreGraph" hedefini oluşturma tamamlandı.
     1>"c:\Users\Muhammet\Documents\GitHub\Wonderland-Private-Server\wlo.pserver.core\wlo.pserver.core.csproj" projesinin "C:\Program Files\dotnet\sdk\9.0.308\NuGet.targets" dosyasındaki "Restore" hedefi (giriş noktası):
       "RemoveDuplicates" görevi
       "RemoveDuplicates" görevini yürütme tamamlandı.
       "C:\Program Files\dotnet\sdk\9.0.308\NuGet.Build.Tasks.dll" derlemesindeki "RestoreTask" görevi kullanılıyor.
       "RestoreTask" görevi
         Derleme TaskRun (NuGet.Build.Tasks.RestoreTask) sırasında yüklendi: NuGet.Packaging, Version=6.14.0.116, Culture=neutral, PublicKeyToken=31bf3856ad364e35 (konum: C:\Program Files\dotnet\sdk\9.0.308\NuGet.Packaging.dll, MVID: cdc50a13-9777-4bbf-997e-763beae18a61, AssemblyLoadContext: MSBuild plugin C:\Program Files\dotnet\sdk\9.0.308\NuGet.Build.Tasks.dll)
         Derleme TaskRun (NuGet.Build.Tasks.RestoreTask) sırasında yüklendi: NuGet.LibraryModel, Version=6.14.0.116, Culture=neutral, PublicKeyToken=31bf3856ad364e35 (konum: C:\Program Files\dotnet\sdk\9.0.308\NuGet.LibraryModel.dll, MVID: e00b38b3-9e45-44a2-8023-8c8ae09208b7, AssemblyLoadContext: MSBuild plugin C:\Program Files\dotnet\sdk\9.0.308\NuGet.Build.Tasks.dll)
         Derleme TaskRun (NuGet.Build.Tasks.RestoreTask) sırasında yüklendi: NuGet.Versioning, Version=6.14.0.116, Culture=neutral, PublicKeyToken=31bf3856ad364e35 (konum: C:\Program Files\dotnet\sdk\9.0.308\NuGet.Versioning.dll, MVID: ecae64d3-0ef8-4164-9110-1e65ba08bca4, AssemblyLoadContext: MSBuild plugin C:\Program Files\dotnet\sdk\9.0.308\NuGet.Build.Tasks.dll)
         Derleme TaskRun (NuGet.Build.Tasks.RestoreTask) sırasında yüklendi: System.Buffers, Version=9.0.0.0, Culture=neutral, PublicKeyToken=cc7b13ffcd2ddd51 (konum: C:\Program Files\dotnet\shared\Microsoft.NETCore.App\9.0.11\System.Buffers.dll, MVID: 9d5197e7-0382-4b04-a837-b68dc6cefbf7, AssemblyLoadContext: Default)
         Derleme TaskRun (NuGet.Build.Tasks.RestoreTask) sırasında yüklendi: NuGet.Protocol, Version=6.14.0.116, Culture=neutral, PublicKeyToken=31bf3856ad364e35 (konum: C:\Program Files\dotnet\sdk\9.0.308\NuGet.Protocol.dll, MVID: f8777b05-1686-441b-9cec-a9710c5aa900, AssemblyLoadContext: MSBuild plugin C:\Program Files\dotnet\sdk\9.0.308\NuGet.Build.Tasks.dll)
         Derleme TaskRun (NuGet.Build.Tasks.RestoreTask) sırasında yüklendi: NuGet.Credentials, Version=6.14.0.116, Culture=neutral, PublicKeyToken=31bf3856ad364e35 (konum: C:\Program Files\dotnet\sdk\9.0.308\NuGet.Credentials.dll, MVID: bd6612c0-8432-48ef-9aa9-96a29d2c500a, AssemblyLoadContext: MSBuild plugin C:\Program Files\dotnet\sdk\9.0.308\NuGet.Build.Tasks.dll)
         Derleme TaskRun (NuGet.Build.Tasks.RestoreTask) sırasında yüklendi: NuGet.Packaging.resources, Version=6.14.0.116, Culture=tr, PublicKeyToken=31bf3856ad364e35, processorArchitecture=MSIL (konum: C:\Program Files\dotnet\sdk\9.0.308\tr\NuGet.Packaging.resources.dll, MVID: d2274264-cc63-46ee-9bf3-805021569b58, AssemblyLoadContext: MSBuild plugin C:\Program Files\dotnet\sdk\9.0.308\NuGet.Build.Tasks.dll)
         X.509 sertifika zinciri doğrulaması, kod imzalama için .NET tarafından seçilen varsayılan güven deposunu kullanır.
         X.509 sertifika zinciri doğrulaması, zaman damgalama için .NET tarafından seçilen varsayılan güven deposunu kullanır.
         Derleme TaskRun (NuGet.Build.Tasks.RestoreTask) sırasında yüklendi: NuGet.DependencyResolver.Core, Version=6.14.0.116, Culture=neutral, PublicKeyToken=31bf3856ad364e35 (konum: C:\Program Files\dotnet\sdk\9.0.308\NuGet.DependencyResolver.Core.dll, MVID: 6b197cc7-1c4a-4e48-895c-328987fdea28, AssemblyLoadContext: MSBuild plugin C:\Program Files\dotnet\sdk\9.0.308\NuGet.Build.Tasks.dll)
         Derleme TaskRun (NuGet.Build.Tasks.RestoreTask) sırasında yüklendi: NuGet.Commands.resources, Version=6.14.0.116, Culture=tr, PublicKeyToken=31bf3856ad364e35, processorArchitecture=MSIL (konum: C:\Program Files\dotnet\sdk\9.0.308\tr\NuGet.Commands.resources.dll, MVID: f6f87ab1-ca90-4aeb-86d0-c05a8f591ea4, AssemblyLoadContext: MSBuild plugin C:\Program Files\dotnet\sdk\9.0.308\NuGet.Build.Tasks.dll)
         20 eşzamanlı iş ile geri yükleme çalıştırılıyor.
         c:\Users\Muhammet\Documents\GitHub\Wonderland-Private-Server\PhoenixData\PhoenixData.csproj adlı proje dosyası okunuyor.
         C:\Users\Muhammet\Documents\GitHub\Wonderland-Private-Server\RCLibrary\RCLibrary.csproj adlı proje dosyası okunuyor.
         Derleme TaskRun (NuGet.Build.Tasks.RestoreTask) sırasında yüklendi: Newtonsoft.Json, Version=13.0.0.0, Culture=neutral, PublicKeyToken=30ad4fe6b2a6aeed (konum: C:\Program Files\dotnet\sdk\9.0.308\Newtonsoft.Json.dll, MVID: 7e62198b-eab2-4380-bbac-29171862d1d8, AssemblyLoadContext: MSBuild plugin C:\Program Files\dotnet\sdk\9.0.308\NuGet.Build.Tasks.dll)
         Derleme TaskRun (NuGet.Build.Tasks.RestoreTask) sırasında yüklendi: System.Runtime.Serialization.Primitives, Version=9.0.0.0, Culture=neutral, PublicKeyToken=b03f5f7f11d50a3a (konum: C:\Program Files\dotnet\shared\Microsoft.NETCore.App\9.0.11\System.Runtime.Serialization.Primitives.dll, MVID: 47d327cb-b731-4c1c-be07-b226702ef148, AssemblyLoadContext: Default)
         Derleme TaskRun (NuGet.Build.Tasks.RestoreTask) sırasında yüklendi: System.Runtime.Numerics, Version=9.0.0.0, Culture=neutral, PublicKeyToken=b03f5f7f11d50a3a (konum: C:\Program Files\dotnet\shared\Microsoft.NETCore.App\9.0.11\System.Runtime.Numerics.dll, MVID: 53e67dc6-e704-4799-91e7-339281599fca, AssemblyLoadContext: Default)
         Derleme TaskRun (NuGet.Build.Tasks.RestoreTask) sırasında yüklendi: System.Text.Encodings.Web, Version=9.0.0.0, Culture=neutral, PublicKeyToken=cc7b13ffcd2ddd51 (konum: C:\Program Files\dotnet\shared\Microsoft.NETCore.App\9.0.11\System.Text.Encodings.Web.dll, MVID: f78abfe9-ce9b-45ab-a62a-173330fd7cb8, AssemblyLoadContext: Default)
         Derleme TaskRun (NuGet.Build.Tasks.RestoreTask) sırasında yüklendi: System.Reflection.Emit.Lightweight, Version=9.0.0.0, Culture=neutral, PublicKeyToken=b03f5f7f11d50a3a (konum: C:\Program Files\dotnet\shared\Microsoft.NETCore.App\9.0.11\System.Reflection.Emit.Lightweight.dll, MVID: 27a87ccf-3a87-4549-a4d9-385dac0325ae, AssemblyLoadContext: Default)
         Derleme TaskRun (NuGet.Build.Tasks.RestoreTask) sırasında yüklendi: System.Reflection.Primitives, Version=9.0.0.0, Culture=neutral, PublicKeyToken=b03f5f7f11d50a3a (konum: C:\Program Files\dotnet\shared\Microsoft.NETCore.App\9.0.11\System.Reflection.Primitives.dll, MVID: 055bf56c-1ad8-4c3e-b019-edc31a580706, AssemblyLoadContext: Default)
         Derleme TaskRun (NuGet.Build.Tasks.RestoreTask) sırasında yüklendi: System.Reflection.Emit.ILGeneration, Version=9.0.0.0, Culture=neutral, PublicKeyToken=b03f5f7f11d50a3a (konum: C:\Program Files\dotnet\shared\Microsoft.NETCore.App\9.0.11\System.Reflection.Emit.ILGeneration.dll, MVID: 01d44ca7-fd52-4ab6-8cc5-b70e0f395676, AssemblyLoadContext: Default)
         'PhoenixData' için geri yükleme girişleri değiştirilmedi. Geri yüklemeyi tamamlamak için başka bir eylem gerekli değil.
         'RCLibrary' için geri yükleme girişleri değiştirilmedi. Geri yüklemeyi tamamlamak için başka bir eylem gerekli değil.
         Geri yükleme işleniyor...
         Geri yükleme işleniyor...
         Varlıklar dosyası değiştirilmedi. Varlıklar dosyasına yazma işlemi atlanıyor. Yol: C:\Users\Muhammet\Documents\GitHub\Wonderland-Private-Server\RCLibrary\obj\project.assets.json
         Varlıklar dosyası değiştirilmedi. Varlıklar dosyasına yazma işlemi atlanıyor. Yol: c:\Users\Muhammet\Documents\GitHub\Wonderland-Private-Server\PhoenixData\obj\project.assets.json
         İşlemsiz geri yükleme. Önbellek güncelleştirilmeyecek. Yol: c:\Users\Muhammet\Documents\GitHub\Wonderland-Private-Server\PhoenixData\obj\project.nuget.cache
         İşlemsiz geri yükleme. Önbellek güncelleştirilmeyecek. Yol: C:\Users\Muhammet\Documents\GitHub\Wonderland-Private-Server\RCLibrary\obj\project.nuget.cache
         Derleme TaskRun (NuGet.Build.Tasks.RestoreTask) sırasında yüklendi: NuGet.Common.resources, Version=6.14.0.116, Culture=tr, PublicKeyToken=31bf3856ad364e35, processorArchitecture=MSIL (konum: C:\Program Files\dotnet\sdk\9.0.308\tr\NuGet.Common.resources.dll, MVID: c2deb329-d93d-4078-b8a0-32908c6571a2, AssemblyLoadContext: MSBuild plugin C:\Program Files\dotnet\sdk\9.0.308\NuGet.Build.Tasks.dll)
         c:\Users\Muhammet\Documents\GitHub\Wonderland-Private-Server\PhoenixData\PhoenixData.csproj geri yüklendi (39 ms içinde).
         C:\Users\Muhammet\Documents\GitHub\Wonderland-Private-Server\RCLibrary\RCLibrary.csproj geri yüklendi (39 ms içinde).
         
         Kullanılan NuGet yapılandırma dosyaları:
             C:\Users\Muhammet\AppData\Roaming\NuGet\NuGet.Config
             C:\Program Files (x86)\NuGet\Config\Microsoft.VisualStudio.Offline.config
         
         Kullanılan akışlar:
             https://api.nuget.org/v3/index.json
             C:\Program Files (x86)\Microsoft SDKs\NuGetPackages\
         Geri yükleme için tüm projeler güncel.
       "RestoreTask" görevini yürütme tamamlandı.
     1>"wlo.pserver.core.csproj" projesinde "Restore" hedefini oluşturma tamamlandı.
     1>"c:\Users\Muhammet\Documents\GitHub\Wonderland-Private-Server\wlo.pserver.core\wlo.pserver.core.csproj" Projesini Oluşturma İşlemi Tamamlandı (Restore hedef).
     0>C:\Users\Muhammet\Documents\GitHub\Wonderland-Private-Server\wlo.pserver.core\wlo.pserver.core.csproj(3,92): message : 'C:\Program Files\dotnet\sdk\9.0.308\' değerine sahip 'MSBuildExtensionsPath' özelliği ortamdan genişletildi.
       C:\Program Files\dotnet\sdk\9.0.308\Current\Microsoft.Common.props(60,5): message : Özellik yeniden ataması: $(MSBuildProjectExtensionsPath)="C:\Users\Muhammet\Documents\GitHub\Wonderland-Private-Server\wlo.pserver.core\obj\" (önceki değer: "obj\") konum: C:\Program Files\dotnet\sdk\9.0.308\Current\Microsoft.Common.props (60,5)
       C:\Program Files\dotnet\sdk\9.0.308\Current\Microsoft.Common.props(84,119): message : 'C:\Users\Muhammet\AppData\Local\Microsoft\MSBuild' değerine sahip 'MSBuildUserExtensionsPath' özelliği ortamdan genişletildi.
       C:\Program Files\dotnet\sdk\9.0.308\Roslyn\Microsoft.CSharp.Core.targets(200,5): message : Özellik yeniden ataması: $(CommandLineArgsForDesignTimeEvaluation)="-langversion:7.3 -define:DEBUG;TRACE" (önceki değer: "-langversion:7.3") konum: C:\Program Files\dotnet\sdk\9.0.308\Roslyn\Microsoft.CSharp.Core.targets (200,5)
       C:\Program Files\dotnet\sdk\9.0.308\Microsoft.NETFramework.CurrentVersion.props(117,5): message : Özellik yeniden ataması: $(AvailablePlatforms)="Any CPU,x86,x64,ARM64" (önceki değer: "Any CPU,x86,x64") konum: C:\Program Files\dotnet\sdk\9.0.308\Microsoft.NETFramework.CurrentVersion.props (117,5)
       C:\Program Files\dotnet\sdk\9.0.308\Microsoft.Common.CurrentVersion.targets(175,5): message : Özellik yeniden ataması: $(_DebugSymbolsProduced)="true" (önceki değer: "false") konum: C:\Program Files\dotnet\sdk\9.0.308\Microsoft.Common.CurrentVersion.targets (175,5)
       C:\Program Files\dotnet\sdk\9.0.308\Microsoft.Common.CurrentVersion.targets(185,5): message : Özellik yeniden ataması: $(_DocumentationFileProduced)="false" (önceki değer: "true") konum: C:\Program Files\dotnet\sdk\9.0.308\Microsoft.Common.CurrentVersion.targets (185,5)
       C:\Program Files\dotnet\sdk\9.0.308\Microsoft.Common.CurrentVersion.targets(392,5): message : Özellik yeniden ataması: $(MSBuildCopyMarkerName)="wlo.pser.F17D6523" (önceki değer: "wlo.pserver.core.csproj") konum: C:\Program Files\dotnet\sdk\9.0.308\Microsoft.Common.CurrentVersion.targets (392,5)
       C:\Program Files\dotnet\sdk\9.0.308\Microsoft.Common.CurrentVersion.targets(393,5): message : Özellik yeniden ataması: $(MSBuildCopyMarkerName)="wlo.pser.F17D6523.Up2Date" (önceki değer: "wlo.pser.F17D6523") konum: C:\Program Files\dotnet\sdk\9.0.308\Microsoft.Common.CurrentVersion.targets (393,5)
       C:\Program Files\dotnet\sdk\9.0.308\Microsoft.Common.CurrentVersion.targets(527,5): message : Özellik yeniden ataması: $(ProcessorArchitecture)="msil" (önceki değer: "AnyCPU") konum: C:\Program Files\dotnet\sdk\9.0.308\Microsoft.Common.CurrentVersion.targets (527,5)
       C:\Program Files\dotnet\sdk\9.0.308\Microsoft.Common.CurrentVersion.targets(580,5): message : Özellik yeniden ataması: $(DelaySign)="" (önceki değer: "false") konum: C:\Program Files\dotnet\sdk\9.0.308\Microsoft.Common.CurrentVersion.targets (580,5)
       C:\Program Files\dotnet\sdk\9.0.308\Microsoft.Common.CurrentVersion.targets(649,5): message : Özellik yeniden ataması: $(AssemblySearchPaths)="{CandidateAssemblyFiles};" (önceki değer: "{CandidateAssemblyFiles}") konum: C:\Program Files\dotnet\sdk\9.0.308\Microsoft.Common.CurrentVersion.targets (649,5)
       C:\Program Files\dotnet\sdk\9.0.308\Microsoft.Common.CurrentVersion.targets(650,5): message : Özellik yeniden ataması: $(AssemblySearchPaths)="{CandidateAssemblyFiles};;{HintPathFromItem}" (önceki değer: "{CandidateAssemblyFiles};") konum: C:\Program Files\dotnet\sdk\9.0.308\Microsoft.Common.CurrentVersion.targets (650,5)
       C:\Program Files\dotnet\sdk\9.0.308\Microsoft.Common.CurrentVersion.targets(651,5): message : Özellik yeniden ataması: $(AssemblySearchPaths)="{CandidateAssemblyFiles};;{HintPathFromItem};{TargetFrameworkDirectory}" (önceki değer: "{CandidateAssemblyFiles};;{HintPathFromItem}") konum: C:\Program Files\dotnet\sdk\9.0.308\Microsoft.Common.CurrentVersion.targets (651,5)
       C:\Program Files\dotnet\sdk\9.0.308\Microsoft.Common.CurrentVersion.targets(652,5): message : Özellik yeniden ataması: $(AssemblySearchPaths)="{CandidateAssemblyFiles};;{HintPathFromItem};{TargetFrameworkDirectory};" (önceki değer: "{CandidateAssemblyFiles};;{HintPathFromItem};{TargetFrameworkDirectory}") konum: C:\Program Files\dotnet\sdk\9.0.308\Microsoft.Common.CurrentVersion.targets (652,5)
       C:\Program Files\dotnet\sdk\9.0.308\Microsoft.Common.CurrentVersion.targets(653,5): message : Özellik yeniden ataması: $(AssemblySearchPaths)="{CandidateAssemblyFiles};;{HintPathFromItem};{TargetFrameworkDirectory};;{Registry:Software\Microsoft\.NETFramework,v4.6.2,AssemblyFoldersEx}" (önceki değer: "{CandidateAssemblyFiles};;{HintPathFromItem};{TargetFrameworkDirectory};") konum: C:\Program Files\dotnet\sdk\9.0.308\Microsoft.Common.CurrentVersion.targets (653,5)
       C:\Program Files\dotnet\sdk\9.0.308\Microsoft.Common.CurrentVersion.targets(654,5): message : Özellik yeniden ataması: $(AssemblySearchPaths)="{CandidateAssemblyFiles};;{HintPathFromItem};{TargetFrameworkDirectory};;{Registry:Software\Microsoft\.NETFramework,v4.6.2,AssemblyFoldersEx};{AssemblyFolders}" (önceki değer: "{CandidateAssemblyFiles};;{HintPathFromItem};{TargetFrameworkDirectory};;{Registry:Software\Microsoft\.NETFramework,v4.6.2,AssemblyFoldersEx}") konum: C:\Program Files\dotnet\sdk\9.0.308\Microsoft.Common.CurrentVersion.targets (654,5)
       C:\Program Files\dotnet\sdk\9.0.308\Microsoft.Common.CurrentVersion.targets(655,5): message : Özellik yeniden ataması: $(AssemblySearchPaths)="{CandidateAssemblyFiles};;{HintPathFromItem};{TargetFrameworkDirectory};;{Registry:Software\Microsoft\.NETFramework,v4.6.2,AssemblyFoldersEx};{AssemblyFolders};{GAC}" (önceki değer: "{CandidateAssemblyFiles};;{HintPathFromItem};{TargetFrameworkDirectory};;{Registry:Software\Microsoft\.NETFramework,v4.6.2,AssemblyFoldersEx};{AssemblyFolders}") konum: C:\Program Files\dotnet\sdk\9.0.308\Microsoft.Common.CurrentVersion.targets (655,5)
       C:\Program Files\dotnet\sdk\9.0.308\Microsoft.Common.CurrentVersion.targets(656,5): message : Özellik yeniden ataması: $(AssemblySearchPaths)="{CandidateAssemblyFiles};;{HintPathFromItem};{TargetFrameworkDirectory};;{Registry:Software\Microsoft\.NETFramework,v4.6.2,AssemblyFoldersEx};{AssemblyFolders};{GAC};{RawFileName}" (önceki değer: "{CandidateAssemblyFiles};;{HintPathFromItem};{TargetFrameworkDirectory};;{Registry:Software\Microsoft\.NETFramework,v4.6.2,AssemblyFoldersEx};{AssemblyFolders};{GAC}") konum: C:\Program Files\dotnet\sdk\9.0.308\Microsoft.Common.CurrentVersion.targets (656,5)
       C:\Program Files\dotnet\sdk\9.0.308\Microsoft.Common.CurrentVersion.targets(657,5): message : Özellik yeniden ataması: $(AssemblySearchPaths)="{CandidateAssemblyFiles};;{HintPathFromItem};{TargetFrameworkDirectory};;{Registry:Software\Microsoft\.NETFramework,v4.6.2,AssemblyFoldersEx};{AssemblyFolders};{GAC};{RawFileName};bin\Debug\" (önceki değer: "{CandidateAssemblyFiles};;{HintPathFromItem};{TargetFrameworkDirectory};;{Registry:Software\Microsoft\.NETFramework,v4.6.2,AssemblyFoldersEx};{AssemblyFolders};{GAC};{RawFileName}") konum: C:\Program Files\dotnet\sdk\9.0.308\Microsoft.Common.CurrentVersion.targets (657,5)
       C:\Program Files\dotnet\sdk\9.0.308\Microsoft.Common.CurrentVersion.targets(2619,5): message : 'C:\Users\Muhammet\AppData\Local' değerine sahip 'LOCALAPPDATA' özelliği ortamdan genişletildi.
       C:\Program Files\dotnet\sdk\9.0.308\Microsoft.Common.CurrentVersion.targets(3947,5): message : Özellik yeniden ataması: $(_SGenGenerateSerializationAssembliesConfig)="Auto" (önceki değer: "") konum: C:\Program Files\dotnet\sdk\9.0.308\Microsoft.Common.CurrentVersion.targets (3947,5)
       C:\Program Files\dotnet\sdk\9.0.308\Microsoft.Common.CurrentVersion.targets(3948,5): message : Özellik yeniden ataması: $(_SGenGenerateSerializationAssembliesConfig)="Off" (önceki değer: "Auto") konum: C:\Program Files\dotnet\sdk\9.0.308\Microsoft.Common.CurrentVersion.targets (3948,5)
       C:\Program Files\dotnet\sdk\9.0.308\Microsoft.Common.CurrentVersion.targets(5159,5): message : Özellik yeniden ataması: $(_TargetsThatPrepareProjectReferences)="
       C:\Program Files\dotnet\sdk\9.0.308\Microsoft.Common.CurrentVersion.targets(5159,5): message :       AssignProjectConfiguration;
       C:\Program Files\dotnet\sdk\9.0.308\Microsoft.Common.CurrentVersion.targets(5159,5): message :       _SplitProjectReferencesByFileExistence
       C:\Program Files\dotnet\sdk\9.0.308\Microsoft.Common.CurrentVersion.targets(5159,5): message :     " (önceki değer: "_SplitProjectReferencesByFileExistence") konum: C:\Program Files\dotnet\sdk\9.0.308\Microsoft.Common.CurrentVersion.targets (5159,5)
       C:\Program Files\dotnet\sdk\9.0.308\Microsoft.Common.CurrentVersion.targets(6954,5): message : 'C:\Program Files\dotnet\sdk\9.0.308' değerine sahip 'MSBuildExtensionsPath32' özelliği ortamdan genişletildi.
       C:\Program Files\dotnet\sdk\9.0.308\Microsoft.NETFramework.CurrentVersion.targets(74,5): message : Özellik yeniden ataması: $(ResolveReferencesDependsOn)="
       C:\Program Files\dotnet\sdk\9.0.308\Microsoft.NETFramework.CurrentVersion.targets(74,5): message :       
       C:\Program Files\dotnet\sdk\9.0.308\Microsoft.NETFramework.CurrentVersion.targets(74,5): message :       BeforeResolveReferences;
       C:\Program Files\dotnet\sdk\9.0.308\Microsoft.NETFramework.CurrentVersion.targets(74,5): message :       AssignProjectConfiguration;
       C:\Program Files\dotnet\sdk\9.0.308\Microsoft.NETFramework.CurrentVersion.targets(74,5): message :       ResolveProjectReferences;
       C:\Program Files\dotnet\sdk\9.0.308\Microsoft.NETFramework.CurrentVersion.targets(74,5): message :       FindInvalidProjectReferences;
       C:\Program Files\dotnet\sdk\9.0.308\Microsoft.NETFramework.CurrentVersion.targets(74,5): message :       ResolveNativeReferences;
       C:\Program Files\dotnet\sdk\9.0.308\Microsoft.NETFramework.CurrentVersion.targets(74,5): message :       ResolveAssemblyReferences;
       C:\Program Files\dotnet\sdk\9.0.308\Microsoft.NETFramework.CurrentVersion.targets(74,5): message :       GenerateBindingRedirects;
       C:\Program Files\dotnet\sdk\9.0.308\Microsoft.NETFramework.CurrentVersion.targets(74,5): message :       GenerateBindingRedirectsUpdateAppConfig;
       C:\Program Files\dotnet\sdk\9.0.308\Microsoft.NETFramework.CurrentVersion.targets(74,5): message :       ResolveComReferences;
       C:\Program Files\dotnet\sdk\9.0.308\Microsoft.NETFramework.CurrentVersion.targets(74,5): message :       AfterResolveReferences
       C:\Program Files\dotnet\sdk\9.0.308\Microsoft.NETFramework.CurrentVersion.targets(74,5): message :     ;
       C:\Program Files\dotnet\sdk\9.0.308\Microsoft.NETFramework.CurrentVersion.targets(74,5): message :       ImplicitlyExpandDesignTimeFacades
       C:\Program Files\dotnet\sdk\9.0.308\Microsoft.NETFramework.CurrentVersion.targets(74,5): message :     " (önceki değer: "
       C:\Program Files\dotnet\sdk\9.0.308\Microsoft.NETFramework.CurrentVersion.targets(74,5): message :       BeforeResolveReferences;
       C:\Program Files\dotnet\sdk\9.0.308\Microsoft.NETFramework.CurrentVersion.targets(74,5): message :       AssignProjectConfiguration;
       C:\Program Files\dotnet\sdk\9.0.308\Microsoft.NETFramework.CurrentVersion.targets(74,5): message :       ResolveProjectReferences;
       C:\Program Files\dotnet\sdk\9.0.308\Microsoft.NETFramework.CurrentVersion.targets(74,5): message :       FindInvalidProjectReferences;
       C:\Program Files\dotnet\sdk\9.0.308\Microsoft.NETFramework.CurrentVersion.targets(74,5): message :       ResolveNativeReferences;
       C:\Program Files\dotnet\sdk\9.0.308\Microsoft.NETFramework.CurrentVersion.targets(74,5): message :       ResolveAssemblyReferences;
       C:\Program Files\dotnet\sdk\9.0.308\Microsoft.NETFramework.CurrentVersion.targets(74,5): message :       GenerateBindingRedirects;
       C:\Program Files\dotnet\sdk\9.0.308\Microsoft.NETFramework.CurrentVersion.targets(74,5): message :       GenerateBindingRedirectsUpdateAppConfig;
       C:\Program Files\dotnet\sdk\9.0.308\Microsoft.NETFramework.CurrentVersion.targets(74,5): message :       ResolveComReferences;
       C:\Program Files\dotnet\sdk\9.0.308\Microsoft.NETFramework.CurrentVersion.targets(74,5): message :       AfterResolveReferences
       C:\Program Files\dotnet\sdk\9.0.308\Microsoft.NETFramework.CurrentVersion.targets(74,5): message :     ") konum: C:\Program Files\dotnet\sdk\9.0.308\Microsoft.NETFramework.CurrentVersion.targets (74,5)
       C:\Users\Muhammet\Documents\GitHub\Wonderland-Private-Server\.nuget\NuGet.targets(28,20): message : 'Windows_NT' değerine sahip 'OS' özelliği ortamdan genişletildi.
       "C:\Program Files\dotnet\sdk\9.0.308\Microsoft.NETFramework.CurrentVersion.targets" projesindeki "GetFrameworkPaths" hedefi kullanılarak "C:\Program Files\dotnet\sdk\9.0.308\Microsoft.Common.CurrentVersion.targets" projesindeki "GetFrameworkPaths" hedefinin üzerine yazılıyor.
       "ResolveNuGetPackageAssets" konumundaki bir AfterTargets özniteliğinde listelenen "C:\Program Files\dotnet\sdk\9.0.308\Microsoft\Microsoft.NET.Build.Extensions\Microsoft.NET.Build.Extensions.ConflictResolution.targets (27,11)" hedefi projede yok ve göz ardı edilecek.
   1:7>2 düğümünde "c:\Users\Muhammet\Documents\GitHub\Wonderland-Private-Server\wlo.pserver.core\wlo.pserver.core.csproj" projesi (varsayılan hedefler).
   1:7>Proje dosyası ToolsVersion="12.0" içeriyor. Bu araç seti bilinmiyor veya eksik olabilir; bu durumda uygun MSBuild sürümünü yükleyerek bu sorunu çözebilirsiniz. Derleme, ilke nedeniyle belirli bir ToolsVersion’a zorlanmış da olabilir. Projenin ToolsVersion="Current" değerine sahip olduğu kabul ediliyor. Daha fazla bilgi edinmek için bkz. http://go.microsoft.com/fwlink/?LinkId=293424.
       Yanlış koşul nedeniyle "EnableIntermediateOutputPathMismatchWarning" hedefi atlandı; ('$(RestoreProjectStyle)' == 'PackageReference'), ('' == 'PackageReference') olarak değerlendirildi.
   1:7>"c:\Users\Muhammet\Documents\GitHub\Wonderland-Private-Server\wlo.pserver.core\wlo.pserver.core.csproj" projesinin "C:\Program Files\dotnet\sdk\9.0.308\Microsoft.Common.CurrentVersion.targets" dosyasındaki "_CheckForInvalidConfigurationAndPlatform" hedefi ("BeforeBuild" hedefi buna bağımlı):
       Yanlış koşul nedeniyle "MSBuildInternalMessage" görevi atlandı; ('$(_InvalidConfigurationMessageSeverity)' != ''), ('' != '') olarak değerlendirildi.
       "Message" görevi
         Configuration=Debug
       "Message" görevini yürütme tamamlandı.
       "Message" görevi
         Platform=AnyCPU
       "Message" görevini yürütme tamamlandı.
       Yanlış koşul nedeniyle "MSBuildInternalMessage" görevi atlandı; ('$(OutDir)' != '' and !HasTrailingSlash('$(OutDir)')), ('bin\Debug\' != '' and !HasTrailingSlash('bin\Debug\')) olarak değerlendirildi.
       Yanlış koşul nedeniyle "MSBuildInternalMessage" görevi atlandı; ('$(IntermediateOutputPath)' != '' and !HasTrailingSlash('$(IntermediateOutputPath)')), ('obj\Debug\' != '' and !HasTrailingSlash('obj\Debug\')) olarak değerlendirildi.
       Yanlış koşul nedeniyle "MSBuildInternalMessage" görevi atlandı; ('$(BaseIntermediateOutputPath)' != '' and !HasTrailingSlash('$(BaseIntermediateOutputPath)')), ('obj\' != '' and !HasTrailingSlash('obj\')) olarak değerlendirildi.
       Yanlış koşul nedeniyle "MSBuildInternalMessage" görevi atlandı; ( '$(Prefer32Bit)' == 'true' and '$(PreferNativeArm64)' == 'true' ), ( 'false' == 'true' and '' == 'true' ) olarak değerlendirildi.
       Yanlış koşul nedeniyle "MSBuildInternalMessage" görevi atlandı; ( '$(NoWin32Manifest)' == 'true' and '$(PreferNativeArm64)' == 'true' ), ( '' == 'true' and '' == 'true' ) olarak değerlendirildi.
       Yanlış koşul nedeniyle "MSBuildInternalMessage" görevi atlandı; ( '$(PreferNativeArm64)' == 'true' and '$(Platform)' != 'AnyCPU' ), ( '' == 'true' and 'AnyCPU' != 'AnyCPU' ) olarak değerlendirildi.
       Yanlış koşul nedeniyle "MSBuildInternalMessage" görevi atlandı; ( '$(_InitialMSBuildProjectExtensionsPath)' != '' And '$(MSBuildProjectExtensionsPath)' != '$(_InitialMSBuildProjectExtensionsPath)' ), ( 'C:\Users\Muhammet\Documents\GitHub\Wonderland-Private-Server\wlo.pserver.core\obj\' != '' And 'C:\Users\Muhammet\Documents\GitHub\Wonderland-Private-Server\wlo.pserver.core\obj\' != 'C:\Users\Muhammet\Documents\GitHub\Wonderland-Private-Server\wlo.pserver.core\obj\' ) olarak değerlendirildi.
       Yanlış koşul nedeniyle "MSBuildInternalMessage" görevi atlandı; ( '$(EnableBaseIntermediateOutputPathMismatchWarning)' == 'true' And '$(_InitialBaseIntermediateOutputPath)' != '$(BaseIntermediateOutputPath)' And '$(BaseIntermediateOutputPath)' != '$(MSBuildProjectExtensionsPath)' ), ( '' == 'true' And 'obj\' != 'obj\' And 'obj\' != 'C:\Users\Muhammet\Documents\GitHub\Wonderland-Private-Server\wlo.pserver.core\obj\' ) olarak değerlendirildi.
   1:7>"wlo.pserver.core.csproj" projesinde "_CheckForInvalidConfigurationAndPlatform" hedefini oluşturma tamamlandı.
   1:7>"c:\Users\Muhammet\Documents\GitHub\Wonderland-Private-Server\wlo.pserver.core\wlo.pserver.core.csproj" projesinin "C:\Program Files\dotnet\sdk\9.0.308\Microsoft.Common.CurrentVersion.targets" dosyasındaki "BeforeBuild" hedefi ("Build" hedefi buna bağımlı):
   1:7>"wlo.pserver.core.csproj" projesinde "BeforeBuild" hedefini oluşturma tamamlandı.
   1:7>"c:\Users\Muhammet\Documents\GitHub\Wonderland-Private-Server\wlo.pserver.core\wlo.pserver.core.csproj" projesinin "C:\Program Files\dotnet\sdk\9.0.308\Microsoft.Common.CurrentVersion.targets" dosyasındaki "BuildOnlySettings" hedefi ("CoreBuild" hedefi buna bağımlı):
       C:\Program Files\dotnet\sdk\9.0.308\Microsoft.Common.CurrentVersion.targets(1168,7): message : Özellik yeniden ataması: $(BuildingProject)="true" (önceki değer: "false") konum: C:\Program Files\dotnet\sdk\9.0.308\Microsoft.Common.CurrentVersion.targets (1168,7) [c:\Users\Muhammet\Documents\GitHub\Wonderland-Private-Server\wlo.pserver.core\wlo.pserver.core.csproj]
   1:7>"wlo.pserver.core.csproj" projesinde "BuildOnlySettings" hedefini oluşturma tamamlandı.
   1:7>"c:\Users\Muhammet\Documents\GitHub\Wonderland-Private-Server\wlo.pserver.core\wlo.pserver.core.csproj" projesinin "C:\Program Files\dotnet\sdk\9.0.308\Microsoft.NETFramework.CurrentVersion.targets" dosyasındaki "GetFrameworkPaths" hedefi ("PrepareForBuild" hedefi buna bağımlı):
   1:7>"wlo.pserver.core.csproj" projesinde "GetFrameworkPaths" hedefini oluşturma tamamlandı.
       "GetFrameworkPaths" hedefi atlandı. Önceden başarılı bir şekilde derlenmişti.
   1:7>"c:\Users\Muhammet\Documents\GitHub\Wonderland-Private-Server\wlo.pserver.core\wlo.pserver.core.csproj" projesinin "C:\Program Files\dotnet\sdk\9.0.308\Microsoft.Common.CurrentVersion.targets" dosyasındaki "GetReferenceAssemblyPaths" hedefi ("PrepareForBuild" hedefi buna bağımlı):
       C:\Program Files\dotnet\sdk\9.0.308\Microsoft.Common.CurrentVersion.targets(1255,7): message : Özellik yeniden ataması: $(TargetFrameworkDirectory)="" (önceki değer: "v4.0.30319") konum: C:\Program Files\dotnet\sdk\9.0.308\Microsoft.Common.CurrentVersion.targets (1255,7) [c:\Users\Muhammet\Documents\GitHub\Wonderland-Private-Server\wlo.pserver.core\wlo.pserver.core.csproj]
       "GetReferenceAssemblyPaths" görevi
       "GetReferenceAssemblyPaths" görevini yürütme tamamlandı.
       C:\Program Files\dotnet\sdk\9.0.308\Microsoft.Common.CurrentVersion.targets(1272,7): message : Özellik yeniden ataması: $(TargetFrameworkDirectory)="C:\Program Files %28x86%29\Reference Assemblies\Microsoft\Framework\.NETFramework\v4.6.2\;;" (önceki değer: "v4.0.30319") konum: C:\Program Files\dotnet\sdk\9.0.308\Microsoft.Common.CurrentVersion.targets (1272,7) [c:\Users\Muhammet\Documents\GitHub\Wonderland-Private-Server\wlo.pserver.core\wlo.pserver.core.csproj]
       C:\Program Files\dotnet\sdk\9.0.308\Microsoft.Common.CurrentVersion.targets(1293,7): message : Özellik yeniden ataması: $(TargetFrameworkDirectory)="C:\Program Files %28x86%29\Reference Assemblies\Microsoft\Framework\.NETFramework\v4.6.2\;;;C:\Program Files %28x86%29\Reference Assemblies\Microsoft\Framework\.NETFramework\v4.6.2\Facades\" (önceki değer: "v4.0.30319") konum: C:\Program Files\dotnet\sdk\9.0.308\Microsoft.Common.CurrentVersion.targets (1293,7) [c:\Users\Muhammet\Documents\GitHub\Wonderland-Private-Server\wlo.pserver.core\wlo.pserver.core.csproj]
   1:7>"wlo.pserver.core.csproj" projesinde "GetReferenceAssemblyPaths" hedefini oluşturma tamamlandı.
       Yanlış koşul nedeniyle "AssignLinkMetadata" hedefi atlandı; ( '$(SynthesizeLinkMetadata)' == 'true' ), ( '' == 'true' ) olarak değerlendirildi.
   1:7>"c:\Users\Muhammet\Documents\GitHub\Wonderland-Private-Server\wlo.pserver.core\wlo.pserver.core.csproj" projesindeki "EnsureNuGetPackageBuildImports" hedefi ("PrepareForBuild" buna bağımlı):
       Yanlış koşul nedeniyle "Error" görevi atlandı; (!Exists('$(SolutionDir)\.nuget\NuGet.targets')), (!Exists('..\\.nuget\NuGet.targets')) olarak değerlendirildi.
   1:7>"wlo.pserver.core.csproj" projesinde "EnsureNuGetPackageBuildImports" hedefini oluşturma tamamlandı.
   1:7>"c:\Users\Muhammet\Documents\GitHub\Wonderland-Private-Server\wlo.pserver.core\wlo.pserver.core.csproj" projesinin "C:\Program Files\dotnet\sdk\9.0.308\Microsoft.Common.CurrentVersion.targets" dosyasındaki "PrepareForBuild" hedefi ("CoreBuild" hedefi buna bağımlı):
       "Microsoft.Build.Tasks.Core, Version=15.1.0.0, Culture=neutral, PublicKeyToken=b03f5f7f11d50a3a" derlemesindeki "FindAppConfigFile" görevi kullanılıyor.
       "FindAppConfigFile" görevi
         "App.config" bulundu.
       "FindAppConfigFile" görevini yürütme tamamlandı.
       "Microsoft.Build.Tasks.Core, Version=15.1.0.0, Culture=neutral, PublicKeyToken=b03f5f7f11d50a3a" derlemesindeki "MakeDir" görevi kullanılıyor.
       "MakeDir" görevi
       "MakeDir" görevini yürütme tamamlandı.
   1:7>"wlo.pserver.core.csproj" projesinde "PrepareForBuild" hedefini oluşturma tamamlandı.
       Yanlış koşul nedeniyle "PreBuildEvent" hedefi atlandı; ('$(PreBuildEvent)'!=''), (''!='') olarak değerlendirildi.
   1:7>"c:\Users\Muhammet\Documents\GitHub\Wonderland-Private-Server\wlo.pserver.core\wlo.pserver.core.csproj" projesinin "C:\Program Files\dotnet\sdk\9.0.308\Microsoft.Common.CurrentVersion.targets" dosyasındaki "BeforeResolveReferences" hedefi ("ResolveReferences" hedefi buna bağımlı):
   1:7>"wlo.pserver.core.csproj" projesinde "BeforeResolveReferences" hedefini oluşturma tamamlandı.
   1:7>"c:\Users\Muhammet\Documents\GitHub\Wonderland-Private-Server\wlo.pserver.core\wlo.pserver.core.csproj" projesinin "C:\Program Files\dotnet\sdk\9.0.308\Microsoft.Common.CurrentVersion.targets" dosyasındaki "IgnoreJavaScriptOutputAssembly" hedefi ("AssignProjectConfiguration" hedefi buna bağımlı):
   1:7>"wlo.pserver.core.csproj" projesinde "IgnoreJavaScriptOutputAssembly" hedefini oluşturma tamamlandı.
   1:7>"c:\Users\Muhammet\Documents\GitHub\Wonderland-Private-Server\wlo.pserver.core\wlo.pserver.core.csproj" projesinin "C:\Program Files\dotnet\sdk\9.0.308\Microsoft.Common.CurrentVersion.targets" dosyasındaki "AssignProjectConfiguration" hedefi ("ResolveReferences" hedefi buna bağımlı):
       "Microsoft.Build.Tasks.Core, Version=15.1.0.0, Culture=neutral, PublicKeyToken=b03f5f7f11d50a3a" derlemesindeki "AssignProjectConfiguration" görevi kullanılıyor.
       "AssignProjectConfiguration" görevi
         "..\PhoenixData\PhoenixData.csproj" proje başvurusu çözümlenmedi.
         "..\RCLibrary\RCLibrary.csproj" proje başvurusu çözümlenmedi.
       "AssignProjectConfiguration" görevini yürütme tamamlandı.
   1:7>"wlo.pserver.core.csproj" projesinde "AssignProjectConfiguration" hedefini oluşturma tamamlandı.
       "AssignProjectConfiguration" hedefi atlandı. Önceden başarılı bir şekilde derlenmişti.
   1:7>"c:\Users\Muhammet\Documents\GitHub\Wonderland-Private-Server\wlo.pserver.core\wlo.pserver.core.csproj" projesinin "C:\Program Files\dotnet\sdk\9.0.308\Microsoft.Common.CurrentVersion.targets" dosyasındaki "_SplitProjectReferencesByFileExistence" hedefi ("PrepareProjectReferences" hedefi buna bağımlı):
       Yanlış koşul nedeniyle "ResolveNonMSBuildProjectOutput" görevi atlandı; ('$(BuildingInsideVisualStudio)'=='true' and '@(ProjectReferenceWithConfiguration)'!=''), (''=='true' and '..\PhoenixData\PhoenixData.csproj;..\RCLibrary\RCLibrary.csproj'!='') olarak değerlendirildi.
   1:7>"wlo.pserver.core.csproj" projesinde "_SplitProjectReferencesByFileExistence" hedefini oluşturma tamamlandı.
   1:7>"c:\Users\Muhammet\Documents\GitHub\Wonderland-Private-Server\wlo.pserver.core\wlo.pserver.core.csproj" projesinin "C:\Program Files\dotnet\sdk\9.0.308\Microsoft.Common.CurrentVersion.targets" dosyasındaki "_AddOutputPathToGlobalPropertiesToRemove" hedefi ("_GetProjectReferenceTargetFrameworkProperties" hedefi buna bağımlı):
   1:7>"wlo.pserver.core.csproj" projesinde "_AddOutputPathToGlobalPropertiesToRemove" hedefini oluşturma tamamlandı.
   1:7>"c:\Users\Muhammet\Documents\GitHub\Wonderland-Private-Server\wlo.pserver.core\wlo.pserver.core.csproj" projesinin "C:\Program Files\dotnet\sdk\9.0.308\Microsoft.Common.CurrentVersion.targets" dosyasındaki "_GetProjectReferenceTargetFrameworkProperties" hedefi ("PrepareProjectReferences" hedefi buna bağımlı):
       "MSBuild" görevi
         Özellikler kaldırılıyor:
           TargetFramework
           RuntimeIdentifier
           SelfContained
     0>C:\Program Files\dotnet\sdk\9.0.308\Sdks\Microsoft.NET.Sdk\Sdk\Sdk.props(49,11): message : 'C:\Program Files\dotnet\sdk\9.0.308\' değerine sahip 'MSBuildExtensionsPath' özelliği ortamdan genişletildi.
       C:\Program Files\dotnet\sdk\9.0.308\Current\Microsoft.Common.props(60,5): message : Özellik yeniden ataması: $(MSBuildProjectExtensionsPath)="C:\Users\Muhammet\Documents\GitHub\Wonderland-Private-Server\PhoenixData\obj\" (önceki değer: "obj\") konum: C:\Program Files\dotnet\sdk\9.0.308\Current\Microsoft.Common.props (60,5)
       "Microsoft.NET.Sdk.WindowsDesktop" SDK’sı "DefaultSdkResolver" çözümleyicisi tarafından "C:\Program Files\dotnet\sdk\9.0.308\Sdks\Microsoft.NET.Sdk.WindowsDesktop\Sdk" konumuna ve "" sürümüne başarıyla çözümlendi.
       C:\Users\Muhammet\Documents\GitHub\Wonderland-Private-Server\PhoenixData\obj\PhoenixData.csproj.nuget.g.props(7,5): message : 'C:\Users\Muhammet' değerine sahip 'USERPROFILE' özelliği ortamdan genişletildi.
       C:\Program Files\dotnet\sdk\9.0.308\Current\Microsoft.Common.props(84,119): message : 'C:\Users\Muhammet\AppData\Local\Microsoft\MSBuild' değerine sahip 'MSBuildUserExtensionsPath' özelliği ortamdan genişletildi.
       "Microsoft.NET.Sdk" SDK’sı "DefaultSdkResolver" çözümleyicisi tarafından "C:\Program Files\dotnet\sdk\9.0.308\Sdks\Microsoft.NET.Sdk\Sdk" konumuna ve "" sürümüne başarıyla çözümlendi.
       C:\Program Files\dotnet\sdk\9.0.308\Sdks\Microsoft.NET.Sdk\targets\Microsoft.NET.Sdk.props(90,5): message : Özellik yeniden ataması: $(AssemblySearchPaths)="{CandidateAssemblyFiles};{HintPathFromItem}" (önceki değer: "{CandidateAssemblyFiles}") konum: C:\Program Files\dotnet\sdk\9.0.308\Sdks\Microsoft.NET.Sdk\targets\Microsoft.NET.Sdk.props (90,5)
       C:\Program Files\dotnet\sdk\9.0.308\Sdks\Microsoft.NET.Sdk\Sdk\Sdk.props(49,11): message : 'C:\Program Files\dotnet\sdk\9.0.308\' değerine sahip 'MSBuildExtensionsPath' özelliği ortamdan genişletildi.
       C:\Program Files\dotnet\sdk\9.0.308\Sdks\Microsoft.NET.Sdk\targets\Microsoft.NET.Sdk.props(91,5): message : Özellik yeniden ataması: $(AssemblySearchPaths)="{CandidateAssemblyFiles};{HintPathFromItem};{TargetFrameworkDirectory}" (önceki değer: "{CandidateAssemblyFiles};{HintPathFromItem}") konum: C:\Program Files\dotnet\sdk\9.0.308\Sdks\Microsoft.NET.Sdk\targets\Microsoft.NET.Sdk.props (91,5)
       C:\Program Files\dotnet\sdk\9.0.308\Sdks\Microsoft.NET.Sdk\targets\Microsoft.NET.Sdk.props(92,5): message : Özellik yeniden ataması: $(AssemblySearchPaths)="{CandidateAssemblyFiles};{HintPathFromItem};{TargetFrameworkDirectory};{RawFileName}" (önceki değer: "{CandidateAssemblyFiles};{HintPathFromItem};{TargetFrameworkDirectory}") konum: C:\Program Files\dotnet\sdk\9.0.308\Sdks\Microsoft.NET.Sdk\targets\Microsoft.NET.Sdk.props (92,5)
       C:\Program Files\dotnet\sdk\9.0.308\Sdks\Microsoft.NET.Sdk\targets\Microsoft.NET.PackProjectTool.props(15,5): message : Özellik yeniden ataması: $(TargetsForTfmSpecificContentInPackage)=";PackTool;_PackProjectToolValidation" (önceki değer: ";PackTool") konum: C:\Program Files\dotnet\sdk\9.0.308\Sdks\Microsoft.NET.Sdk\targets\Microsoft.NET.PackProjectTool.props (15,5)
       C:\Users\Muhammet\Documents\GitHub\Wonderland-Private-Server\PhoenixData\PhoenixData.csproj(9,5): message : Özellik yeniden ataması: $(AllowUnsafeBlocks)="True" (önceki değer: "false") konum: C:\Users\Muhammet\Documents\GitHub\Wonderland-Private-Server\PhoenixData\PhoenixData.csproj (9,5)
       C:\Program Files\dotnet\sdk\9.0.308\Sdks\Microsoft.NET.Sdk\targets\Microsoft.NET.Sdk.ImportPublishProfile.targets(28,5): message : Özellik yeniden ataması: $(PublishProfileImported)="false" (önceki değer: "true") konum: C:\Program Files\dotnet\sdk\9.0.308\Sdks\Microsoft.NET.Sdk\targets\Microsoft.NET.Sdk.ImportPublishProfile.targets (28,5)
       C:\Program Files\dotnet\sdk\9.0.308\Sdks\Microsoft.NET.Sdk\targets\Microsoft.NET.TargetFrameworkInference.targets(69,5): message : Özellik yeniden ataması: $(TargetPlatformVersion)="" (önceki değer: "0.0") konum: C:\Program Files\dotnet\sdk\9.0.308\Sdks\Microsoft.NET.Sdk\targets\Microsoft.NET.TargetFrameworkInference.targets (69,5)
       C:\Program Files\dotnet\sdk\9.0.308\Sdks\Microsoft.NET.Sdk\targets\Microsoft.NET.DefaultOutputPaths.targets(122,5): message : Özellik yeniden ataması: $(DefaultItemExcludes)=";bin\Debug\/**;obj\Debug\/**" (önceki değer: ";bin\Debug\/**") konum: C:\Program Files\dotnet\sdk\9.0.308\Sdks\Microsoft.NET.Sdk\targets\Microsoft.NET.DefaultOutputPaths.targets (122,5)
       C:\Program Files\dotnet\sdk\9.0.308\Sdks\Microsoft.NET.Sdk\targets\Microsoft.NET.DefaultOutputPaths.targets(137,5): message : Özellik yeniden ataması: $(OutputPath)="bin\Debug\net462\" (önceki değer: "bin\Debug\") konum: C:\Program Files\dotnet\sdk\9.0.308\Sdks\Microsoft.NET.Sdk\targets\Microsoft.NET.DefaultOutputPaths.targets (137,5)
       C:\Program Files\dotnet\sdk\9.0.308\Sdks\Microsoft.NET.Sdk\targets\Microsoft.NET.DefaultOutputPaths.targets(142,5): message : Özellik yeniden ataması: $(IntermediateOutputPath)="obj\Debug\net462\" (önceki değer: "obj\Debug\") konum: C:\Program Files\dotnet\sdk\9.0.308\Sdks\Microsoft.NET.Sdk\targets\Microsoft.NET.DefaultOutputPaths.targets (142,5)
       C:\Program Files\dotnet\sdk\9.0.308\Sdks\Microsoft.NET.Sdk\targets\Microsoft.NET.Sdk.BeforeCommon.targets(189,5): message : Özellik yeniden ataması: $(_FrameworkIdentifierForImplicitDefine)="NET" (önceki değer: "NETFRAMEWORK") konum: C:\Program Files\dotnet\sdk\9.0.308\Sdks\Microsoft.NET.Sdk\targets\Microsoft.NET.Sdk.BeforeCommon.targets (189,5)
       C:\Program Files\dotnet\sdk\9.0.308\Sdks\Microsoft.NET.Sdk\targets\Microsoft.NET.Sdk.BeforeCommon.targets(192,5): message : Özellik yeniden ataması: $(_FrameworkVersionForImplicitDefine)="4_6_2" (önceki değer: "4.6.2") konum: C:\Program Files\dotnet\sdk\9.0.308\Sdks\Microsoft.NET.Sdk\targets\Microsoft.NET.Sdk.BeforeCommon.targets (192,5)
       C:\Program Files\dotnet\sdk\9.0.308\Sdks\Microsoft.NET.Sdk\targets\Microsoft.NET.Sdk.BeforeCommon.targets(193,5): message : Özellik yeniden ataması: $(_FrameworkVersionForImplicitDefine)="462" (önceki değer: "4_6_2") konum: C:\Program Files\dotnet\sdk\9.0.308\Sdks\Microsoft.NET.Sdk\targets\Microsoft.NET.Sdk.BeforeCommon.targets (193,5)
       C:\Program Files\dotnet\sdk\9.0.308\Roslyn\Microsoft.CSharp.Core.targets(200,5): message : Özellik yeniden ataması: $(CommandLineArgsForDesignTimeEvaluation)="-langversion:11.0 -define:TRACE" (önceki değer: "-langversion:11.0") konum: C:\Program Files\dotnet\sdk\9.0.308\Roslyn\Microsoft.CSharp.Core.targets (200,5)
       C:\Program Files\dotnet\sdk\9.0.308\Microsoft.NETFramework.CurrentVersion.props(117,5): message : Özellik yeniden ataması: $(AvailablePlatforms)="Any CPU,x86,x64,ARM64" (önceki değer: "Any CPU,x86,x64") konum: C:\Program Files\dotnet\sdk\9.0.308\Microsoft.NETFramework.CurrentVersion.props (117,5)
       C:\Program Files\dotnet\sdk\9.0.308\Current\Microsoft.Common.props(60,5): message : Özellik yeniden ataması: $(MSBuildProjectExtensionsPath)="c:\Users\Muhammet\Documents\GitHub\Wonderland-Private-Server\RCLibrary\obj\" (önceki değer: "obj\") konum: C:\Program Files\dotnet\sdk\9.0.308\Current\Microsoft.Common.props (60,5)
       C:\Program Files\dotnet\sdk\9.0.308\Microsoft.Common.CurrentVersion.targets(89,5): message : Özellik yeniden ataması: $(TargetPlatformIdentifier)="Windows" (önceki değer: "") konum: C:\Program Files\dotnet\sdk\9.0.308\Microsoft.Common.CurrentVersion.targets (89,5)
       C:\Program Files\dotnet\sdk\9.0.308\Microsoft.Common.CurrentVersion.targets(90,5): message : Özellik yeniden ataması: $(TargetPlatformVersion)="7.0" (önceki değer: "") konum: C:\Program Files\dotnet\sdk\9.0.308\Microsoft.Common.CurrentVersion.targets (90,5)
       C:\Program Files\dotnet\sdk\9.0.308\Microsoft.Common.CurrentVersion.targets(175,5): message : Özellik yeniden ataması: $(_DebugSymbolsProduced)="true" (önceki değer: "false") konum: C:\Program Files\dotnet\sdk\9.0.308\Microsoft.Common.CurrentVersion.targets (175,5)
       C:\Program Files\dotnet\sdk\9.0.308\Microsoft.Common.CurrentVersion.targets(185,5): message : Özellik yeniden ataması: $(_DocumentationFileProduced)="false" (önceki değer: "true") konum: C:\Program Files\dotnet\sdk\9.0.308\Microsoft.Common.CurrentVersion.targets (185,5)
       C:\Program Files\dotnet\sdk\9.0.308\Microsoft.Common.CurrentVersion.targets(392,5): message : Özellik yeniden ataması: $(MSBuildCopyMarkerName)="PhoenixD.76BE957A" (önceki değer: "PhoenixData.csproj") konum: C:\Program Files\dotnet\sdk\9.0.308\Microsoft.Common.CurrentVersion.targets (392,5)
       C:\Program Files\dotnet\sdk\9.0.308\Microsoft.Common.CurrentVersion.targets(393,5): message : Özellik yeniden ataması: $(MSBuildCopyMarkerName)="PhoenixD.76BE957A.Up2Date" (önceki değer: "PhoenixD.76BE957A") konum: C:\Program Files\dotnet\sdk\9.0.308\Microsoft.Common.CurrentVersion.targets (393,5)
       C:\Program Files\dotnet\sdk\9.0.308\Microsoft.Common.CurrentVersion.targets(541,5): message : Özellik yeniden ataması: $(ProcessorArchitecture)="msil" (önceki değer: "") konum: C:\Program Files\dotnet\sdk\9.0.308\Microsoft.Common.CurrentVersion.targets (541,5)
       C:\Program Files\dotnet\sdk\9.0.308\Microsoft.Common.CurrentVersion.targets(580,5): message : Özellik yeniden ataması: $(DelaySign)="" (önceki değer: "false") konum: C:\Program Files\dotnet\sdk\9.0.308\Microsoft.Common.CurrentVersion.targets (580,5)
       C:\Program Files\dotnet\sdk\9.0.308\Microsoft.Common.CurrentVersion.targets(2619,5): message : 'C:\Users\Muhammet\AppData\Local' değerine sahip 'LOCALAPPDATA' özelliği ortamdan genişletildi.
       c:\Users\Muhammet\Documents\GitHub\Wonderland-Private-Server\RCLibrary\obj\RCLibrary.csproj.nuget.g.props(7,5): message : 'C:\Users\Muhammet' değerine sahip 'USERPROFILE' özelliği ortamdan genişletildi.
       C:\Program Files\dotnet\sdk\9.0.308\Current\Microsoft.Common.props(84,119): message : 'C:\Users\Muhammet\AppData\Local\Microsoft\MSBuild' değerine sahip 'MSBuildUserExtensionsPath' özelliği ortamdan genişletildi.
       C:\Program Files\dotnet\sdk\9.0.308\Microsoft.Common.CurrentVersion.targets(3947,5): message : Özellik yeniden ataması: $(_SGenGenerateSerializationAssembliesConfig)="Auto" (önceki değer: "") konum: C:\Program Files\dotnet\sdk\9.0.308\Microsoft.Common.CurrentVersion.targets (3947,5)
       C:\Program Files\dotnet\sdk\9.0.308\Microsoft.Common.CurrentVersion.targets(3948,5): message : Özellik yeniden ataması: $(_SGenGenerateSerializationAssembliesConfig)="Off" (önceki değer: "Auto") konum: C:\Program Files\dotnet\sdk\9.0.308\Microsoft.Common.CurrentVersion.targets (3948,5)
       C:\Program Files\dotnet\sdk\9.0.308\Microsoft.Common.CurrentVersion.targets(5159,5): message : Özellik yeniden ataması: $(_TargetsThatPrepareProjectReferences)="
       C:\Program Files\dotnet\sdk\9.0.308\Microsoft.Common.CurrentVersion.targets(5159,5): message :       AssignProjectConfiguration;
       C:\Program Files\dotnet\sdk\9.0.308\Microsoft.Common.CurrentVersion.targets(5159,5): message :       _SplitProjectReferencesByFileExistence
       C:\Program Files\dotnet\sdk\9.0.308\Microsoft.Common.CurrentVersion.targets(5159,5): message :     " (önceki değer: "_SplitProjectReferencesByFileExistence") konum: C:\Program Files\dotnet\sdk\9.0.308\Microsoft.Common.CurrentVersion.targets (5159,5)
       C:\Program Files\dotnet\sdk\9.0.308\Microsoft.Common.CurrentVersion.targets(6954,5): message : 'C:\Program Files\dotnet\sdk\9.0.308' değerine sahip 'MSBuildExtensionsPath32' özelliği ortamdan genişletildi.
       C:\Program Files\dotnet\sdk\9.0.308\Microsoft.NETFramework.CurrentVersion.targets(74,5): message : Özellik yeniden ataması: $(ResolveReferencesDependsOn)="
       C:\Program Files\dotnet\sdk\9.0.308\Microsoft.NETFramework.CurrentVersion.targets(74,5): message :       
       C:\Program Files\dotnet\sdk\9.0.308\Microsoft.NETFramework.CurrentVersion.targets(74,5): message :       BeforeResolveReferences;
       C:\Program Files\dotnet\sdk\9.0.308\Microsoft.NETFramework.CurrentVersion.targets(74,5): message :       AssignProjectConfiguration;
       C:\Program Files\dotnet\sdk\9.0.308\Microsoft.NETFramework.CurrentVersion.targets(74,5): message :       ResolveProjectReferences;
       C:\Program Files\dotnet\sdk\9.0.308\Microsoft.NETFramework.CurrentVersion.targets(74,5): message :       FindInvalidProjectReferences;
       C:\Program Files\dotnet\sdk\9.0.308\Microsoft.NETFramework.CurrentVersion.targets(74,5): message :       ResolveNativeReferences;
       C:\Program Files\dotnet\sdk\9.0.308\Microsoft.NETFramework.CurrentVersion.targets(74,5): message :       ResolveAssemblyReferences;
       C:\Program Files\dotnet\sdk\9.0.308\Microsoft.NETFramework.CurrentVersion.targets(74,5): message :       GenerateBindingRedirects;
       C:\Program Files\dotnet\sdk\9.0.308\Microsoft.NETFramework.CurrentVersion.targets(74,5): message :       GenerateBindingRedirectsUpdateAppConfig;
       C:\Program Files\dotnet\sdk\9.0.308\Microsoft.NETFramework.CurrentVersion.targets(74,5): message :       ResolveComReferences;
       C:\Program Files\dotnet\sdk\9.0.308\Microsoft.NETFramework.CurrentVersion.targets(74,5): message :       AfterResolveReferences
       C:\Program Files\dotnet\sdk\9.0.308\Microsoft.NETFramework.CurrentVersion.targets(74,5): message :     ;
       C:\Program Files\dotnet\sdk\9.0.308\Microsoft.NETFramework.CurrentVersion.targets(74,5): message :       ImplicitlyExpandDesignTimeFacades
       C:\Program Files\dotnet\sdk\9.0.308\Microsoft.NETFramework.CurrentVersion.targets(74,5): message :     " (önceki değer: "
       C:\Program Files\dotnet\sdk\9.0.308\Microsoft.NETFramework.CurrentVersion.targets(74,5): message :       BeforeResolveReferences;
       C:\Program Files\dotnet\sdk\9.0.308\Microsoft.NETFramework.CurrentVersion.targets(74,5): message :       AssignProjectConfiguration;
       C:\Program Files\dotnet\sdk\9.0.308\Microsoft.NETFramework.CurrentVersion.targets(74,5): message :       ResolveProjectReferences;
       C:\Program Files\dotnet\sdk\9.0.308\Microsoft.NETFramework.CurrentVersion.targets(74,5): message :       FindInvalidProjectReferences;
       C:\Program Files\dotnet\sdk\9.0.308\Microsoft.NETFramework.CurrentVersion.targets(74,5): message :       ResolveNativeReferences;
       C:\Program Files\dotnet\sdk\9.0.308\Microsoft.NETFramework.CurrentVersion.targets(74,5): message :       ResolveAssemblyReferences;
       C:\Program Files\dotnet\sdk\9.0.308\Microsoft.NETFramework.CurrentVersion.targets(74,5): message :       GenerateBindingRedirects;
       C:\Program Files\dotnet\sdk\9.0.308\Microsoft.NETFramework.CurrentVersion.targets(74,5): message :       GenerateBindingRedirectsUpdateAppConfig;
       C:\Program Files\dotnet\sdk\9.0.308\Microsoft.NETFramework.CurrentVersion.targets(74,5): message :       ResolveComReferences;
       C:\Program Files\dotnet\sdk\9.0.308\Microsoft.NETFramework.CurrentVersion.targets(74,5): message :       AfterResolveReferences
       C:\Program Files\dotnet\sdk\9.0.308\Microsoft.NETFramework.CurrentVersion.targets(74,5): message :     ") konum: C:\Program Files\dotnet\sdk\9.0.308\Microsoft.NETFramework.CurrentVersion.targets (74,5)
       C:\Program Files\dotnet\sdk\9.0.308\Sdks\Microsoft.NET.Sdk\targets\Microsoft.PackageDependencyResolution.targets(29,5): message : Özellik yeniden ataması: $(ProjectAssetsCacheFile)="C:\Users\Muhammet\Documents\GitHub\Wonderland-Private-Server\PhoenixData\obj\Debug\net462\PhoenixData.assets.cache" (önceki değer: "obj\Debug\net462\PhoenixData.assets.cache") konum: C:\Program Files\dotnet\sdk\9.0.308\Sdks\Microsoft.NET.Sdk\targets\Microsoft.PackageDependencyResolution.targets (29,5)
       C:\Program Files\dotnet\sdk\9.0.308\Sdks\Microsoft.NET.Sdk\targets\Microsoft.NET.Sdk.props(90,5): message : Özellik yeniden ataması: $(AssemblySearchPaths)="{CandidateAssemblyFiles};{HintPathFromItem}" (önceki değer: "{CandidateAssemblyFiles}") konum: C:\Program Files\dotnet\sdk\9.0.308\Sdks\Microsoft.NET.Sdk\targets\Microsoft.NET.Sdk.props (90,5)
       C:\Program Files\dotnet\sdk\9.0.308\Sdks\Microsoft.NET.Sdk\targets\Microsoft.NET.Sdk.props(91,5): message : Özellik yeniden ataması: $(AssemblySearchPaths)="{CandidateAssemblyFiles};{HintPathFromItem};{TargetFrameworkDirectory}" (önceki değer: "{CandidateAssemblyFiles};{HintPathFromItem}") konum: C:\Program Files\dotnet\sdk\9.0.308\Sdks\Microsoft.NET.Sdk\targets\Microsoft.NET.Sdk.props (91,5)
       C:\Program Files\dotnet\sdk\9.0.308\Sdks\Microsoft.NET.Sdk\targets\Microsoft.NET.Sdk.props(92,5): message : Özellik yeniden ataması: $(AssemblySearchPaths)="{CandidateAssemblyFiles};{HintPathFromItem};{TargetFrameworkDirectory};{RawFileName}" (önceki değer: "{CandidateAssemblyFiles};{HintPathFromItem};{TargetFrameworkDirectory}") konum: C:\Program Files\dotnet\sdk\9.0.308\Sdks\Microsoft.NET.Sdk\targets\Microsoft.NET.Sdk.props (92,5)
       C:\Program Files\dotnet\sdk\9.0.308\Sdks\Microsoft.NET.Sdk\targets\Microsoft.PackageDependencyResolution.targets(80,5): message : Özellik yeniden ataması: $(ResolveAssemblyReferencesDependsOn)="
       C:\Program Files\dotnet\sdk\9.0.308\Sdks\Microsoft.NET.Sdk\targets\Microsoft.PackageDependencyResolution.targets(80,5): message :       
       C:\Program Files\dotnet\sdk\9.0.308\Sdks\Microsoft.NET.Sdk\targets\Microsoft.PackageDependencyResolution.targets(80,5): message :       ResolveProjectReferences;
       C:\Program Files\dotnet\sdk\9.0.308\Sdks\Microsoft.NET.Sdk\targets\Microsoft.PackageDependencyResolution.targets(80,5): message :       FindInvalidProjectReferences;
       C:\Program Files\dotnet\sdk\9.0.308\Sdks\Microsoft.NET.Sdk\targets\Microsoft.PackageDependencyResolution.targets(80,5): message :       GetFrameworkPaths;
       C:\Program Files\dotnet\sdk\9.0.308\Sdks\Microsoft.NET.Sdk\targets\Microsoft.PackageDependencyResolution.targets(80,5): message :       GetReferenceAssemblyPaths;
       C:\Program Files\dotnet\sdk\9.0.308\Sdks\Microsoft.NET.Sdk\targets\Microsoft.PackageDependencyResolution.targets(80,5): message :       PrepareForBuild;
       C:\Program Files\dotnet\sdk\9.0.308\Sdks\Microsoft.NET.Sdk\targets\Microsoft.PackageDependencyResolution.targets(80,5): message :       ResolveSDKReferences;
       C:\Program Files\dotnet\sdk\9.0.308\Sdks\Microsoft.NET.Sdk\targets\Microsoft.PackageDependencyResolution.targets(80,5): message :       ExpandSDKReferences;
       C:\Program Files\dotnet\sdk\9.0.308\Sdks\Microsoft.NET.Sdk\targets\Microsoft.PackageDependencyResolution.targets(80,5): message :     ;
       C:\Program Files\dotnet\sdk\9.0.308\Sdks\Microsoft.NET.Sdk\targets\Microsoft.PackageDependencyResolution.targets(80,5): message :       ResolvePackageDependenciesForBuild;
       C:\Program Files\dotnet\sdk\9.0.308\Sdks\Microsoft.NET.Sdk\targets\Microsoft.PackageDependencyResolution.targets(80,5): message :       _HandlePackageFileConflicts;
       C:\Program Files\dotnet\sdk\9.0.308\Sdks\Microsoft.NET.Sdk\targets\Microsoft.PackageDependencyResolution.targets(80,5): message :     " (önceki değer: "
       C:\Program Files\dotnet\sdk\9.0.308\Sdks\Microsoft.NET.Sdk\targets\Microsoft.PackageDependencyResolution.targets(80,5): message :       ResolveProjectReferences;
       C:\Program Files\dotnet\sdk\9.0.308\Sdks\Microsoft.NET.Sdk\targets\Microsoft.PackageDependencyResolution.targets(80,5): message :       FindInvalidProjectReferences;
       C:\Program Files\dotnet\sdk\9.0.308\Sdks\Microsoft.NET.Sdk\targets\Microsoft.PackageDependencyResolution.targets(80,5): message :       GetFrameworkPaths;
       C:\Program Files\dotnet\sdk\9.0.308\Sdks\Microsoft.NET.Sdk\targets\Microsoft.PackageDependencyResolution.targets(80,5): message :       GetReferenceAssemblyPaths;
       C:\Program Files\dotnet\sdk\9.0.308\Sdks\Microsoft.NET.Sdk\targets\Microsoft.PackageDependencyResolution.targets(80,5): message :       PrepareForBuild;
       C:\Program Files\dotnet\sdk\9.0.308\Sdks\Microsoft.NET.Sdk\targets\Microsoft.PackageDependencyResolution.targets(80,5): message :       ResolveSDKReferences;
       C:\Program Files\dotnet\sdk\9.0.308\Sdks\Microsoft.NET.Sdk\targets\Microsoft.PackageDependencyResolution.targets(80,5): message :       ExpandSDKReferences;
       C:\Program Files\dotnet\sdk\9.0.308\Sdks\Microsoft.NET.Sdk\targets\Microsoft.PackageDependencyResolution.targets(80,5): message :     ") konum: C:\Program Files\dotnet\sdk\9.0.308\Sdks\Microsoft.NET.Sdk\targets\Microsoft.PackageDependencyResolution.targets (80,5)
       C:\Program Files\dotnet\sdk\9.0.308\Sdks\Microsoft.NET.Sdk\targets\Microsoft.PackageDependencyResolution.targets(86,5): message : Özellik yeniden ataması: $(PrepareResourcesDependsOn)="
       C:\Program Files\dotnet\sdk\9.0.308\Sdks\Microsoft.NET.Sdk\targets\Microsoft.PackageDependencyResolution.targets(86,5): message :       ResolvePackageDependenciesForBuild;
       C:\Program Files\dotnet\sdk\9.0.308\Sdks\Microsoft.NET.Sdk\targets\Microsoft.PackageDependencyResolution.targets(86,5): message :       _HandlePackageFileConflicts;
       C:\Program Files\dotnet\sdk\9.0.308\Sdks\Microsoft.NET.Sdk\targets\Microsoft.PackageDependencyResolution.targets(86,5): message :       
       C:\Program Files\dotnet\sdk\9.0.308\Sdks\Microsoft.NET.Sdk\targets\Microsoft.PackageDependencyResolution.targets(86,5): message :       ;
       C:\Program Files\dotnet\sdk\9.0.308\Sdks\Microsoft.NET.Sdk\targets\Microsoft.PackageDependencyResolution.targets(86,5): message :       PrepareResourceNames;
       C:\Program Files\dotnet\sdk\9.0.308\Sdks\Microsoft.NET.Sdk\targets\Microsoft.PackageDependencyResolution.targets(86,5): message :       ResGen;
       C:\Program Files\dotnet\sdk\9.0.308\Sdks\Microsoft.NET.Sdk\targets\Microsoft.PackageDependencyResolution.targets(86,5): message :       CompileLicxFiles
       C:\Program Files\dotnet\sdk\9.0.308\Sdks\Microsoft.NET.Sdk\targets\Microsoft.PackageDependencyResolution.targets(86,5): message :     
       C:\Program Files\dotnet\sdk\9.0.308\Sdks\Microsoft.NET.Sdk\targets\Microsoft.PackageDependencyResolution.targets(86,5): message :     " (önceki değer: "
       C:\Program Files\dotnet\sdk\9.0.308\Sdks\Microsoft.NET.Sdk\targets\Microsoft.PackageDependencyResolution.targets(86,5): message :       ;
       C:\Program Files\dotnet\sdk\9.0.308\Sdks\Microsoft.NET.Sdk\targets\Microsoft.PackageDependencyResolution.targets(86,5): message :       PrepareResourceNames;
       C:\Program Files\dotnet\sdk\9.0.308\Sdks\Microsoft.NET.Sdk\targets\Microsoft.PackageDependencyResolution.targets(86,5): message :       ResGen;
       C:\Program Files\dotnet\sdk\9.0.308\Sdks\Microsoft.NET.Sdk\targets\Microsoft.PackageDependencyResolution.targets(86,5): message :       CompileLicxFiles
       C:\Program Files\dotnet\sdk\9.0.308\Sdks\Microsoft.NET.Sdk\targets\Microsoft.PackageDependencyResolution.targets(86,5): message :     ") konum: C:\Program Files\dotnet\sdk\9.0.308\Sdks\Microsoft.NET.Sdk\targets\Microsoft.PackageDependencyResolution.targets (86,5)
       C:\Program Files\dotnet\sdk\9.0.308\Sdks\Microsoft.NET.Sdk\targets\Microsoft.NET.Sdk.DefaultItems.targets(27,5): message : Özellik yeniden ataması: $(DefaultItemExcludes)=";bin\Debug\/**;obj\Debug\/**;bin\/**" (önceki değer: ";bin\Debug\/**;obj\Debug\/**") konum: C:\Program Files\dotnet\sdk\9.0.308\Sdks\Microsoft.NET.Sdk\targets\Microsoft.NET.Sdk.DefaultItems.targets (27,5)
       C:\Program Files\dotnet\sdk\9.0.308\Sdks\Microsoft.NET.Sdk\targets\Microsoft.NET.Sdk.DefaultItems.targets(29,5): message : Özellik yeniden ataması: $(DefaultItemExcludes)=";bin\Debug\/**;obj\Debug\/**;bin\/**;obj\/**" (önceki değer: ";bin\Debug\/**;obj\Debug\/**;bin\/**") konum: C:\Program Files\dotnet\sdk\9.0.308\Sdks\Microsoft.NET.Sdk\targets\Microsoft.NET.Sdk.DefaultItems.targets (29,5)
       C:\Program Files\dotnet\sdk\9.0.308\Sdks\Microsoft.NET.Sdk\targets\Microsoft.NET.Sdk.DefaultItems.targets(32,5): message : Özellik yeniden ataması: $(DefaultItemExcludes)=";bin\Debug\/**;obj\Debug\/**;bin\/**;obj\/**;**/*.user" (önceki değer: ";bin\Debug\/**;obj\Debug\/**;bin\/**;obj\/**") konum: C:\Program Files\dotnet\sdk\9.0.308\Sdks\Microsoft.NET.Sdk\targets\Microsoft.NET.Sdk.DefaultItems.targets (32,5)
       C:\Program Files\dotnet\sdk\9.0.308\Sdks\Microsoft.NET.Sdk\targets\Microsoft.NET.Sdk.DefaultItems.targets(33,5): message : Özellik yeniden ataması: $(DefaultItemExcludes)=";bin\Debug\/**;obj\Debug\/**;bin\/**;obj\/**;**/*.user;**/*.*proj" (önceki değer: ";bin\Debug\/**;obj\Debug\/**;bin\/**;obj\/**;**/*.user") konum: C:\Program Files\dotnet\sdk\9.0.308\Sdks\Microsoft.NET.Sdk\targets\Microsoft.NET.Sdk.DefaultItems.targets (33,5)
       C:\Program Files\dotnet\sdk\9.0.308\Sdks\Microsoft.NET.Sdk\targets\Microsoft.NET.Sdk.DefaultItems.targets(34,5): message : Özellik yeniden ataması: $(DefaultItemExcludes)=";bin\Debug\/**;obj\Debug\/**;bin\/**;obj\/**;**/*.user;**/*.*proj;**/*.sln" (önceki değer: ";bin\Debug\/**;obj\Debug\/**;bin\/**;obj\/**;**/*.user;**/*.*proj") konum: C:\Program Files\dotnet\sdk\9.0.308\Sdks\Microsoft.NET.Sdk\targets\Microsoft.NET.Sdk.DefaultItems.targets (34,5)
       C:\Program Files\dotnet\sdk\9.0.308\Sdks\Microsoft.NET.Sdk\targets\Microsoft.NET.Sdk.DefaultItems.targets(35,5): message : Özellik yeniden ataması: $(DefaultItemExcludes)=";bin\Debug\/**;obj\Debug\/**;bin\/**;obj\/**;**/*.user;**/*.*proj;**/*.sln;**/*.slnx" (önceki değer: ";bin\Debug\/**;obj\Debug\/**;bin\/**;obj\/**;**/*.user;**/*.*proj;**/*.sln") konum: C:\Program Files\dotnet\sdk\9.0.308\Sdks\Microsoft.NET.Sdk\targets\Microsoft.NET.Sdk.DefaultItems.targets (35,5)
       C:\Program Files\dotnet\sdk\9.0.308\Sdks\Microsoft.NET.Sdk\targets\Microsoft.NET.Sdk.DefaultItems.targets(36,5): message : Özellik yeniden ataması: $(DefaultItemExcludes)=";bin\Debug\/**;obj\Debug\/**;bin\/**;obj\/**;**/*.user;**/*.*proj;**/*.sln;**/*.slnx;**/*.vssscc" (önceki değer: ";bin\Debug\/**;obj\Debug\/**;bin\/**;obj\/**;**/*.user;**/*.*proj;**/*.sln;**/*.slnx") konum: C:\Program Files\dotnet\sdk\9.0.308\Sdks\Microsoft.NET.Sdk\targets\Microsoft.NET.Sdk.DefaultItems.targets (36,5)
       C:\Program Files\dotnet\sdk\9.0.308\Sdks\Microsoft.NET.Sdk\targets\Microsoft.NET.Sdk.DefaultItems.targets(37,5): message : Özellik yeniden ataması: $(DefaultItemExcludes)=";bin\Debug\/**;obj\Debug\/**;bin\/**;obj\/**;**/*.user;**/*.*proj;**/*.sln;**/*.slnx;**/*.vssscc;**/.DS_Store" (önceki değer: ";bin\Debug\/**;obj\Debug\/**;bin\/**;obj\/**;**/*.user;**/*.*proj;**/*.sln;**/*.slnx;**/*.vssscc") konum: C:\Program Files\dotnet\sdk\9.0.308\Sdks\Microsoft.NET.Sdk\targets\Microsoft.NET.Sdk.DefaultItems.targets (37,5)
       C:\Program Files\dotnet\sdk\9.0.308\Sdks\Microsoft.NET.Sdk\targets\Microsoft.NET.Sdk.FrameworkReferenceResolution.targets(14,5): message : Özellik yeniden ataması: $(ResolveAssemblyReferencesDependsOn)="
       C:\Program Files\dotnet\sdk\9.0.308\Sdks\Microsoft.NET.Sdk\targets\Microsoft.NET.Sdk.FrameworkReferenceResolution.targets(14,5): message :       
       C:\Program Files\dotnet\sdk\9.0.308\Sdks\Microsoft.NET.Sdk\targets\Microsoft.NET.Sdk.FrameworkReferenceResolution.targets(14,5): message :       
       C:\Program Files\dotnet\sdk\9.0.308\Sdks\Microsoft.NET.Sdk\targets\Microsoft.NET.Sdk.FrameworkReferenceResolution.targets(14,5): message :       ResolveProjectReferences;
       C:\Program Files\dotnet\sdk\9.0.308\Sdks\Microsoft.NET.Sdk\targets\Microsoft.NET.Sdk.FrameworkReferenceResolution.targets(14,5): message :       FindInvalidProjectReferences;
       C:\Program Files\dotnet\sdk\9.0.308\Sdks\Microsoft.NET.Sdk\targets\Microsoft.NET.Sdk.FrameworkReferenceResolution.targets(14,5): message :       GetFrameworkPaths;
       C:\Program Files\dotnet\sdk\9.0.308\Sdks\Microsoft.NET.Sdk\targets\Microsoft.NET.Sdk.FrameworkReferenceResolution.targets(14,5): message :       GetReferenceAssemblyPaths;
       C:\Program Files\dotnet\sdk\9.0.308\Sdks\Microsoft.NET.Sdk\targets\Microsoft.NET.Sdk.FrameworkReferenceResolution.targets(14,5): message :       PrepareForBuild;
       C:\Program Files\dotnet\sdk\9.0.308\Sdks\Microsoft.NET.Sdk\targets\Microsoft.NET.Sdk.FrameworkReferenceResolution.targets(14,5): message :       ResolveSDKReferences;
       C:\Program Files\dotnet\sdk\9.0.308\Sdks\Microsoft.NET.Sdk\targets\Microsoft.NET.Sdk.FrameworkReferenceResolution.targets(14,5): message :       ExpandSDKReferences;
       C:\Program Files\dotnet\sdk\9.0.308\Sdks\Microsoft.NET.Sdk\targets\Microsoft.NET.Sdk.FrameworkReferenceResolution.targets(14,5): message :     ;
       C:\Program Files\dotnet\sdk\9.0.308\Sdks\Microsoft.NET.Sdk\targets\Microsoft.NET.Sdk.FrameworkReferenceResolution.targets(14,5): message :       ResolvePackageDependenciesForBuild;
       C:\Program Files\dotnet\sdk\9.0.308\Sdks\Microsoft.NET.Sdk\targets\Microsoft.NET.Sdk.FrameworkReferenceResolution.targets(14,5): message :       _HandlePackageFileConflicts;
       C:\Program Files\dotnet\sdk\9.0.308\Sdks\Microsoft.NET.Sdk\targets\Microsoft.NET.Sdk.FrameworkReferenceResolution.targets(14,5): message :     ;
       C:\Program Files\dotnet\sdk\9.0.308\Sdks\Microsoft.NET.Sdk\targets\Microsoft.NET.Sdk.FrameworkReferenceResolution.targets(14,5): message :       ResolveTargetingPackAssets;
       C:\Program Files\dotnet\sdk\9.0.308\Sdks\Microsoft.NET.Sdk\targets\Microsoft.NET.Sdk.FrameworkReferenceResolution.targets(14,5): message :     " (önceki değer: "
       C:\Program Files\dotnet\sdk\9.0.308\Sdks\Microsoft.NET.Sdk\targets\Microsoft.NET.Sdk.FrameworkReferenceResolution.targets(14,5): message :       
       C:\Program Files\dotnet\sdk\9.0.308\Sdks\Microsoft.NET.Sdk\targets\Microsoft.NET.Sdk.FrameworkReferenceResolution.targets(14,5): message :       ResolveProjectReferences;
       C:\Program Files\dotnet\sdk\9.0.308\Sdks\Microsoft.NET.Sdk\targets\Microsoft.NET.Sdk.FrameworkReferenceResolution.targets(14,5): message :       FindInvalidProjectReferences;
       C:\Program Files\dotnet\sdk\9.0.308\Sdks\Microsoft.NET.Sdk\targets\Microsoft.NET.Sdk.FrameworkReferenceResolution.targets(14,5): message :       GetFrameworkPaths;
       C:\Program Files\dotnet\sdk\9.0.308\Sdks\Microsoft.NET.Sdk\targets\Microsoft.NET.Sdk.FrameworkReferenceResolution.targets(14,5): message :       GetReferenceAssemblyPaths;
       C:\Program Files\dotnet\sdk\9.0.308\Sdks\Microsoft.NET.Sdk\targets\Microsoft.NET.Sdk.FrameworkReferenceResolution.targets(14,5): message :       PrepareForBuild;
       C:\Program Files\dotnet\sdk\9.0.308\Sdks\Microsoft.NET.Sdk\targets\Microsoft.NET.Sdk.FrameworkReferenceResolution.targets(14,5): message :       ResolveSDKReferences;
       C:\Program Files\dotnet\sdk\9.0.308\Sdks\Microsoft.NET.Sdk\targets\Microsoft.NET.Sdk.FrameworkReferenceResolution.targets(14,5): message :       ExpandSDKReferences;
       C:\Program Files\dotnet\sdk\9.0.308\Sdks\Microsoft.NET.Sdk\targets\Microsoft.NET.Sdk.FrameworkReferenceResolution.targets(14,5): message :     ;
       C:\Program Files\dotnet\sdk\9.0.308\Sdks\Microsoft.NET.Sdk\targets\Microsoft.NET.Sdk.FrameworkReferenceResolution.targets(14,5): message :       ResolvePackageDependenciesForBuild;
       C:\Program Files\dotnet\sdk\9.0.308\Sdks\Microsoft.NET.Sdk\targets\Microsoft.NET.Sdk.FrameworkReferenceResolution.targets(14,5): message :       _HandlePackageFileConflicts;
       C:\Program Files\dotnet\sdk\9.0.308\Sdks\Microsoft.NET.Sdk\targets\Microsoft.NET.Sdk.FrameworkReferenceResolution.targets(14,5): message :     ") konum: C:\Program Files\dotnet\sdk\9.0.308\Sdks\Microsoft.NET.Sdk\targets\Microsoft.NET.Sdk.FrameworkReferenceResolution.targets (14,5)
       C:\Program Files\dotnet\sdk\9.0.308\Sdks\Microsoft.NET.Sdk\targets\Microsoft.NET.Sdk.targets(44,5): message : Özellik yeniden ataması: $(_GenerateRuntimeConfigurationPropertyInputsCache)="C:\Users\Muhammet\Documents\GitHub\Wonderland-Private-Server\PhoenixData\obj\Debug\net462\PhoenixData.genruntimeconfig.cache" (önceki değer: "obj\Debug\net462\PhoenixData.genruntimeconfig.cache") konum: C:\Program Files\dotnet\sdk\9.0.308\Sdks\Microsoft.NET.Sdk\targets\Microsoft.NET.Sdk.targets (44,5)
       C:\Program Files\dotnet\sdk\9.0.308\Sdks\Microsoft.NET.Sdk\targets\Microsoft.NET.Sdk.targets(46,5): message : Özellik yeniden ataması: $(_GeneratePublishDependencyFilePropertyInputsCache)="C:\Users\Muhammet\Documents\GitHub\Wonderland-Private-Server\PhoenixData\obj\Debug\net462\PhoenixData.genpublishdeps.cache" (önceki değer: "obj\Debug\net462\PhoenixData.genpublishdeps.cache") konum: C:\Program Files\dotnet\sdk\9.0.308\Sdks\Microsoft.NET.Sdk\targets\Microsoft.NET.Sdk.targets (46,5)
       C:\Program Files\dotnet\sdk\9.0.308\Sdks\Microsoft.NET.Sdk\targets\Microsoft.NET.Sdk.targets(48,5): message : Özellik yeniden ataması: $(_GenerateSingleFileBundlePropertyInputsCache)="C:\Users\Muhammet\Documents\GitHub\Wonderland-Private-Server\PhoenixData\obj\Debug\net462\PhoenixData.genbundle.cache" (önceki değer: "obj\Debug\net462\PhoenixData.genbundle.cache") konum: C:\Program Files\dotnet\sdk\9.0.308\Sdks\Microsoft.NET.Sdk\targets\Microsoft.NET.Sdk.targets (48,5)
       C:\Program Files\dotnet\sdk\9.0.308\Sdks\Microsoft.NET.Sdk\targets\Microsoft.NET.Sdk.targets(97,5): message : Özellik yeniden ataması: $(_DefaultUserProfileRuntimeStorePath)="C:\Users\Muhammet" (önceki değer: "") konum: C:\Program Files\dotnet\sdk\9.0.308\Sdks\Microsoft.NET.Sdk\targets\Microsoft.NET.Sdk.targets (97,5)
       C:\Program Files\dotnet\sdk\9.0.308\Sdks\Microsoft.NET.Sdk\targets\Microsoft.NET.Sdk.targets(98,5): message : Özellik yeniden ataması: $(_DefaultUserProfileRuntimeStorePath)="C:\Users\Muhammet\.dotnet\store" (önceki değer: "C:\Users\Muhammet") konum: C:\Program Files\dotnet\sdk\9.0.308\Sdks\Microsoft.NET.Sdk\targets\Microsoft.NET.Sdk.targets (98,5)
       C:\Program Files\dotnet\sdk\9.0.308\Sdks\Microsoft.NET.Sdk\targets\Microsoft.NET.Sdk.targets(201,5): message : Özellik yeniden ataması: $(CoreBuildDependsOn)="
       C:\Program Files\dotnet\sdk\9.0.308\Sdks\Microsoft.NET.Sdk\targets\Microsoft.NET.Sdk.targets(201,5): message :       _CheckForBuildWithNoBuild;
       C:\Program Files\dotnet\sdk\9.0.308\Sdks\Microsoft.NET.Sdk\targets\Microsoft.NET.Sdk.targets(201,5): message :       
       C:\Program Files\dotnet\sdk\9.0.308\Sdks\Microsoft.NET.Sdk\targets\Microsoft.NET.Sdk.targets(201,5): message :       BuildOnlySettings;
       C:\Program Files\dotnet\sdk\9.0.308\Sdks\Microsoft.NET.Sdk\targets\Microsoft.NET.Sdk.targets(201,5): message :       PrepareForBuild;
       C:\Program Files\dotnet\sdk\9.0.308\Sdks\Microsoft.NET.Sdk\targets\Microsoft.NET.Sdk.targets(201,5): message :       PreBuildEvent;
       C:\Program Files\dotnet\sdk\9.0.308\Sdks\Microsoft.NET.Sdk\targets\Microsoft.NET.Sdk.targets(201,5): message :       ResolveReferences;
       C:\Program Files\dotnet\sdk\9.0.308\Sdks\Microsoft.NET.Sdk\targets\Microsoft.NET.Sdk.targets(201,5): message :       PrepareResources;
       C:\Program Files\dotnet\sdk\9.0.308\Sdks\Microsoft.NET.Sdk\targets\Microsoft.NET.Sdk.targets(201,5): message :       ResolveKeySource;
       C:\Program Files\dotnet\sdk\9.0.308\Sdks\Microsoft.NET.Sdk\targets\Microsoft.NET.Sdk.targets(201,5): message :       Compile;
       C:\Program Files\dotnet\sdk\9.0.308\Sdks\Microsoft.NET.Sdk\targets\Microsoft.NET.Sdk.targets(201,5): message :       ExportWindowsMDFile;
       C:\Program Files\dotnet\sdk\9.0.308\Sdks\Microsoft.NET.Sdk\targets\Microsoft.NET.Sdk.targets(201,5): message :       UnmanagedUnregistration;
       C:\Program Files\dotnet\sdk\9.0.308\Sdks\Microsoft.NET.Sdk\targets\Microsoft.NET.Sdk.targets(201,5): message :       GenerateSerializationAssemblies;
       C:\Program Files\dotnet\sdk\9.0.308\Sdks\Microsoft.NET.Sdk\targets\Microsoft.NET.Sdk.targets(201,5): message :       CreateSatelliteAssemblies;
       C:\Program Files\dotnet\sdk\9.0.308\Sdks\Microsoft.NET.Sdk\targets\Microsoft.NET.Sdk.targets(201,5): message :       GenerateManifests;
       C:\Program Files\dotnet\sdk\9.0.308\Sdks\Microsoft.NET.Sdk\targets\Microsoft.NET.Sdk.targets(201,5): message :       GetTargetPath;
       C:\Program Files\dotnet\sdk\9.0.308\Sdks\Microsoft.NET.Sdk\targets\Microsoft.NET.Sdk.targets(201,5): message :       PrepareForRun;
       C:\Program Files\dotnet\sdk\9.0.308\Sdks\Microsoft.NET.Sdk\targets\Microsoft.NET.Sdk.targets(201,5): message :       UnmanagedRegistration;
       C:\Program Files\dotnet\sdk\9.0.308\Sdks\Microsoft.NET.Sdk\targets\Microsoft.NET.Sdk.targets(201,5): message :       IncrementalClean;
       C:\Program Files\dotnet\sdk\9.0.308\Sdks\Microsoft.NET.Sdk\targets\Microsoft.NET.Sdk.targets(201,5): message :       PostBuildEvent
       C:\Program Files\dotnet\sdk\9.0.308\Sdks\Microsoft.NET.Sdk\targets\Microsoft.NET.Sdk.targets(201,5): message :     ;
       C:\Program Files\dotnet\sdk\9.0.308\Sdks\Microsoft.NET.Sdk\targets\Microsoft.NET.Sdk.targets(201,5): message :       GenerateBuildDependencyFile;
       C:\Program Files\dotnet\sdk\9.0.308\Sdks\Microsoft.NET.Sdk\targets\Microsoft.NET.Sdk.targets(201,5): message :       GenerateBuildRuntimeConfigurationFiles
       C:\Program Files\dotnet\sdk\9.0.308\Sdks\Microsoft.NET.Sdk\targets\Microsoft.NET.Sdk.targets(201,5): message :     " (önceki değer: "
       C:\Program Files\dotnet\sdk\9.0.308\Sdks\Microsoft.NET.Sdk\targets\Microsoft.NET.Sdk.targets(201,5): message :       BuildOnlySettings;
       C:\Program Files\dotnet\sdk\9.0.308\Sdks\Microsoft.NET.Sdk\targets\Microsoft.NET.Sdk.targets(201,5): message :       PrepareForBuild;
       C:\Program Files\dotnet\sdk\9.0.308\Sdks\Microsoft.NET.Sdk\targets\Microsoft.NET.Sdk.targets(201,5): message :       PreBuildEvent;
       C:\Program Files\dotnet\sdk\9.0.308\Sdks\Microsoft.NET.Sdk\targets\Microsoft.NET.Sdk.targets(201,5): message :       ResolveReferences;
       C:\Program Files\dotnet\sdk\9.0.308\Sdks\Microsoft.NET.Sdk\targets\Microsoft.NET.Sdk.targets(201,5): message :       PrepareResources;
       C:\Program Files\dotnet\sdk\9.0.308\Sdks\Microsoft.NET.Sdk\targets\Microsoft.NET.Sdk.targets(201,5): message :       ResolveKeySource;
       C:\Program Files\dotnet\sdk\9.0.308\Sdks\Microsoft.NET.Sdk\targets\Microsoft.NET.Sdk.targets(201,5): message :       Compile;
       C:\Program Files\dotnet\sdk\9.0.308\Sdks\Microsoft.NET.Sdk\targets\Microsoft.NET.Sdk.targets(201,5): message :       ExportWindowsMDFile;
       C:\Program Files\dotnet\sdk\9.0.308\Sdks\Microsoft.NET.Sdk\targets\Microsoft.NET.Sdk.targets(201,5): message :       UnmanagedUnregistration;
       C:\Program Files\dotnet\sdk\9.0.308\Sdks\Microsoft.NET.Sdk\targets\Microsoft.NET.Sdk.targets(201,5): message :       GenerateSerializationAssemblies;
       C:\Program Files\dotnet\sdk\9.0.308\Sdks\Microsoft.NET.Sdk\targets\Microsoft.NET.Sdk.targets(201,5): message :       CreateSatelliteAssemblies;
       C:\Program Files\dotnet\sdk\9.0.308\Sdks\Microsoft.NET.Sdk\targets\Microsoft.NET.Sdk.targets(201,5): message :       GenerateManifests;
       C:\Program Files\dotnet\sdk\9.0.308\Sdks\Microsoft.NET.Sdk\targets\Microsoft.NET.Sdk.targets(201,5): message :       GetTargetPath;
       C:\Program Files\dotnet\sdk\9.0.308\Sdks\Microsoft.NET.Sdk\targets\Microsoft.NET.Sdk.targets(201,5): message :       PrepareForRun;
       C:\Program Files\dotnet\sdk\9.0.308\Sdks\Microsoft.NET.Sdk\targets\Microsoft.NET.Sdk.targets(201,5): message :       UnmanagedRegistration;
       C:\Program Files\dotnet\sdk\9.0.308\Sdks\Microsoft.NET.Sdk\targets\Microsoft.NET.Sdk.targets(201,5): message :       IncrementalClean;
       C:\Program Files\dotnet\sdk\9.0.308\Sdks\Microsoft.NET.Sdk\targets\Microsoft.NET.Sdk.targets(201,5): message :       PostBuildEvent
       C:\Program Files\dotnet\sdk\9.0.308\Sdks\Microsoft.NET.Sdk\targets\Microsoft.NET.Sdk.targets(201,5): message :     ") konum: C:\Program Files\dotnet\sdk\9.0.308\Sdks\Microsoft.NET.Sdk\targets\Microsoft.NET.Sdk.targets (201,5)
       C:\Program Files\dotnet\sdk\9.0.308\Sdks\Microsoft.NET.Sdk\targets\Microsoft.NET.Sdk.targets(210,5): message : Özellik yeniden ataması: $(CoreCleanDependsOn)="
       C:\Program Files\dotnet\sdk\9.0.308\Sdks\Microsoft.NET.Sdk\targets\Microsoft.NET.Sdk.targets(210,5): message :       _SdkBeforeClean;
       C:\Program Files\dotnet\sdk\9.0.308\Sdks\Microsoft.NET.Sdk\targets\Microsoft.NET.Sdk.targets(210,5): message :       
       C:\Program Files\dotnet\sdk\9.0.308\Sdks\Microsoft.NET.Sdk\targets\Microsoft.NET.Sdk.targets(210,5): message :     " (önceki değer: "") konum: C:\Program Files\dotnet\sdk\9.0.308\Sdks\Microsoft.NET.Sdk\targets\Microsoft.NET.Sdk.targets (210,5)
       C:\Program Files\dotnet\sdk\9.0.308\Sdks\Microsoft.NET.Sdk\targets\Microsoft.NET.Sdk.targets(217,5): message : Özellik yeniden ataması: $(RebuildDependsOn)="
       C:\Program Files\dotnet\sdk\9.0.308\Sdks\Microsoft.NET.Sdk\targets\Microsoft.NET.Sdk.targets(217,5): message :       _SdkBeforeRebuild;
       C:\Program Files\dotnet\sdk\9.0.308\Sdks\Microsoft.NET.Sdk\targets\Microsoft.NET.Sdk.targets(217,5): message :       
       C:\Program Files\dotnet\sdk\9.0.308\Sdks\Microsoft.NET.Sdk\targets\Microsoft.NET.Sdk.targets(217,5): message :       BeforeRebuild;
       C:\Program Files\dotnet\sdk\9.0.308\Sdks\Microsoft.NET.Sdk\targets\Microsoft.NET.Sdk.targets(217,5): message :       Clean;
       C:\Program Files\dotnet\sdk\9.0.308\Sdks\Microsoft.NET.Sdk\targets\Microsoft.NET.Sdk.targets(217,5): message :       Build;
       C:\Program Files\dotnet\sdk\9.0.308\Sdks\Microsoft.NET.Sdk\targets\Microsoft.NET.Sdk.targets(217,5): message :       AfterRebuild;
       C:\Program Files\dotnet\sdk\9.0.308\Sdks\Microsoft.NET.Sdk\targets\Microsoft.NET.Sdk.targets(217,5): message :     
       C:\Program Files\dotnet\sdk\9.0.308\Sdks\Microsoft.NET.Sdk\targets\Microsoft.NET.Sdk.targets(217,5): message :     " (önceki değer: "
       C:\Program Files\dotnet\sdk\9.0.308\Sdks\Microsoft.NET.Sdk\targets\Microsoft.NET.Sdk.targets(217,5): message :       BeforeRebuild;
       C:\Program Files\dotnet\sdk\9.0.308\Sdks\Microsoft.NET.Sdk\targets\Microsoft.NET.Sdk.targets(217,5): message :       Clean;
       C:\Program Files\dotnet\sdk\9.0.308\Sdks\Microsoft.NET.Sdk\targets\Microsoft.NET.Sdk.targets(217,5): message :       Build;
       C:\Program Files\dotnet\sdk\9.0.308\Sdks\Microsoft.NET.Sdk\targets\Microsoft.NET.Sdk.targets(217,5): message :       AfterRebuild;
       C:\Program Files\dotnet\sdk\9.0.308\Sdks\Microsoft.NET.Sdk\targets\Microsoft.NET.Sdk.targets(217,5): message :     ") konum: C:\Program Files\dotnet\sdk\9.0.308\Sdks\Microsoft.NET.Sdk\targets\Microsoft.NET.Sdk.targets (217,5)
       C:\Program Files\dotnet\sdk\9.0.308\Sdks\Microsoft.NET.Sdk\targets\Microsoft.NET.Sdk.targets(784,5): message : Özellik yeniden ataması: $(CompileDependsOn)="
       C:\Program Files\dotnet\sdk\9.0.308\Sdks\Microsoft.NET.Sdk\targets\Microsoft.NET.Sdk.targets(784,5): message :       
       C:\Program Files\dotnet\sdk\9.0.308\Sdks\Microsoft.NET.Sdk\targets\Microsoft.NET.Sdk.targets(784,5): message :       ResolveReferences;
       C:\Program Files\dotnet\sdk\9.0.308\Sdks\Microsoft.NET.Sdk\targets\Microsoft.NET.Sdk.targets(784,5): message :       ResolveKeySource;
       C:\Program Files\dotnet\sdk\9.0.308\Sdks\Microsoft.NET.Sdk\targets\Microsoft.NET.Sdk.targets(784,5): message :       SetWin32ManifestProperties;
       C:\Program Files\dotnet\sdk\9.0.308\Sdks\Microsoft.NET.Sdk\targets\Microsoft.NET.Sdk.targets(784,5): message :       _SetPreferNativeArm64Win32ManifestProperties;
       C:\Program Files\dotnet\sdk\9.0.308\Sdks\Microsoft.NET.Sdk\targets\Microsoft.NET.Sdk.targets(784,5): message :       FindReferenceAssembliesForReferences;
       C:\Program Files\dotnet\sdk\9.0.308\Sdks\Microsoft.NET.Sdk\targets\Microsoft.NET.Sdk.targets(784,5): message :       _GenerateCompileInputs;
       C:\Program Files\dotnet\sdk\9.0.308\Sdks\Microsoft.NET.Sdk\targets\Microsoft.NET.Sdk.targets(784,5): message :       BeforeCompile;
       C:\Program Files\dotnet\sdk\9.0.308\Sdks\Microsoft.NET.Sdk\targets\Microsoft.NET.Sdk.targets(784,5): message :       _TimeStampBeforeCompile;
       C:\Program Files\dotnet\sdk\9.0.308\Sdks\Microsoft.NET.Sdk\targets\Microsoft.NET.Sdk.targets(784,5): message :       _GenerateCompileDependencyCache;
       C:\Program Files\dotnet\sdk\9.0.308\Sdks\Microsoft.NET.Sdk\targets\Microsoft.NET.Sdk.targets(784,5): message :       CoreCompile;
       C:\Program Files\dotnet\sdk\9.0.308\Sdks\Microsoft.NET.Sdk\targets\Microsoft.NET.Sdk.targets(784,5): message :       _TimeStampAfterCompile;
       C:\Program Files\dotnet\sdk\9.0.308\Sdks\Microsoft.NET.Sdk\targets\Microsoft.NET.Sdk.targets(784,5): message :       AfterCompile;
       C:\Program Files\dotnet\sdk\9.0.308\Sdks\Microsoft.NET.Sdk\targets\Microsoft.NET.Sdk.targets(784,5): message :     ;
       C:\Program Files\dotnet\sdk\9.0.308\Sdks\Microsoft.NET.Sdk\targets\Microsoft.NET.Sdk.targets(784,5): message :       _CreateAppHost;
       C:\Program Files\dotnet\sdk\9.0.308\Sdks\Microsoft.NET.Sdk\targets\Microsoft.NET.Sdk.targets(784,5): message :       _CreateComHost;
       C:\Program Files\dotnet\sdk\9.0.308\Sdks\Microsoft.NET.Sdk\targets\Microsoft.NET.Sdk.targets(784,5): message :       _GetIjwHostPaths;
       C:\Program Files\dotnet\sdk\9.0.308\Sdks\Microsoft.NET.Sdk\targets\Microsoft.NET.Sdk.targets(784,5): message :     " (önceki değer: "
       C:\Program Files\dotnet\sdk\9.0.308\Sdks\Microsoft.NET.Sdk\targets\Microsoft.NET.Sdk.targets(784,5): message :       ResolveReferences;
       C:\Program Files\dotnet\sdk\9.0.308\Sdks\Microsoft.NET.Sdk\targets\Microsoft.NET.Sdk.targets(784,5): message :       ResolveKeySource;
       C:\Program Files\dotnet\sdk\9.0.308\Sdks\Microsoft.NET.Sdk\targets\Microsoft.NET.Sdk.targets(784,5): message :       SetWin32ManifestProperties;
       C:\Program Files\dotnet\sdk\9.0.308\Sdks\Microsoft.NET.Sdk\targets\Microsoft.NET.Sdk.targets(784,5): message :       _SetPreferNativeArm64Win32ManifestProperties;
       C:\Program Files\dotnet\sdk\9.0.308\Sdks\Microsoft.NET.Sdk\targets\Microsoft.NET.Sdk.targets(784,5): message :       FindReferenceAssembliesForReferences;
       C:\Program Files\dotnet\sdk\9.0.308\Sdks\Microsoft.NET.Sdk\targets\Microsoft.NET.Sdk.targets(784,5): message :       _GenerateCompileInputs;
       C:\Program Files\dotnet\sdk\9.0.308\Sdks\Microsoft.NET.Sdk\targets\Microsoft.NET.Sdk.targets(784,5): message :       BeforeCompile;
       C:\Program Files\dotnet\sdk\9.0.308\Sdks\Microsoft.NET.Sdk\targets\Microsoft.NET.Sdk.targets(784,5): message :       _TimeStampBeforeCompile;
       C:\Program Files\dotnet\sdk\9.0.308\Sdks\Microsoft.NET.Sdk\targets\Microsoft.NET.Sdk.targets(784,5): message :       _GenerateCompileDependencyCache;
       C:\Program Files\dotnet\sdk\9.0.308\Sdks\Microsoft.NET.Sdk\targets\Microsoft.NET.Sdk.targets(784,5): message :       CoreCompile;
       C:\Program Files\dotnet\sdk\9.0.308\Sdks\Microsoft.NET.Sdk\targets\Microsoft.NET.Sdk.targets(784,5): message :       _TimeStampAfterCompile;
       C:\Program Files\dotnet\sdk\9.0.308\Sdks\Microsoft.NET.Sdk\targets\Microsoft.NET.Sdk.targets(784,5): message :       AfterCompile;
       C:\Program Files\dotnet\sdk\9.0.308\Sdks\Microsoft.NET.Sdk\targets\Microsoft.NET.Sdk.targets(784,5): message :     ") konum: C:\Program Files\dotnet\sdk\9.0.308\Sdks\Microsoft.NET.Sdk\targets\Microsoft.NET.Sdk.targets (784,5)
       C:\Program Files\dotnet\sdk\9.0.308\Sdks\Microsoft.NET.Sdk\targets\Microsoft.NET.Sdk.targets(1184,5): message : Özellik yeniden ataması: $(CreateSatelliteAssembliesDependsOn)="
       C:\Program Files\dotnet\sdk\9.0.308\Sdks\Microsoft.NET.Sdk\targets\Microsoft.NET.Sdk.targets(1184,5): message :       
       C:\Program Files\dotnet\sdk\9.0.308\Sdks\Microsoft.NET.Sdk\targets\Microsoft.NET.Sdk.targets(1184,5): message :       ;
       C:\Program Files\dotnet\sdk\9.0.308\Sdks\Microsoft.NET.Sdk\targets\Microsoft.NET.Sdk.targets(1184,5): message :       _GenerateSatelliteAssemblyInputs;
       C:\Program Files\dotnet\sdk\9.0.308\Sdks\Microsoft.NET.Sdk\targets\Microsoft.NET.Sdk.targets(1184,5): message :       ComputeIntermediateSatelliteAssemblies;
       C:\Program Files\dotnet\sdk\9.0.308\Sdks\Microsoft.NET.Sdk\targets\Microsoft.NET.Sdk.targets(1184,5): message :       GenerateSatelliteAssemblies
       C:\Program Files\dotnet\sdk\9.0.308\Sdks\Microsoft.NET.Sdk\targets\Microsoft.NET.Sdk.targets(1184,5): message :     ;
       C:\Program Files\dotnet\sdk\9.0.308\Sdks\Microsoft.NET.Sdk\targets\Microsoft.NET.Sdk.targets(1184,5): message :       CoreGenerateSatelliteAssemblies
       C:\Program Files\dotnet\sdk\9.0.308\Sdks\Microsoft.NET.Sdk\targets\Microsoft.NET.Sdk.targets(1184,5): message :     " (önceki değer: "
       C:\Program Files\dotnet\sdk\9.0.308\Sdks\Microsoft.NET.Sdk\targets\Microsoft.NET.Sdk.targets(1184,5): message :       ;
       C:\Program Files\dotnet\sdk\9.0.308\Sdks\Microsoft.NET.Sdk\targets\Microsoft.NET.Sdk.targets(1184,5): message :       _GenerateSatelliteAssemblyInputs;
       C:\Program Files\dotnet\sdk\9.0.308\Sdks\Microsoft.NET.Sdk\targets\Microsoft.NET.Sdk.targets(1184,5): message :       ComputeIntermediateSatelliteAssemblies;
       C:\Program Files\dotnet\sdk\9.0.308\Sdks\Microsoft.NET.Sdk\targets\Microsoft.NET.Sdk.targets(1184,5): message :       GenerateSatelliteAssemblies
       C:\Program Files\dotnet\sdk\9.0.308\Sdks\Microsoft.NET.Sdk\targets\Microsoft.NET.Sdk.targets(1184,5): message :     ") konum: C:\Program Files\dotnet\sdk\9.0.308\Sdks\Microsoft.NET.Sdk\targets\Microsoft.NET.Sdk.targets (1184,5)
       C:\Program Files\dotnet\sdk\9.0.308\Sdks\Microsoft.SourceLink.GitLab\build\Microsoft.SourceLink.GitLab.targets(12,5): message : Özellik yeniden ataması: $(SourceLinkUrlInitializerTargets)=";_InitializeGitHubSourceLinkUrl;_InitializeGitLabSourceLinkUrl" (önceki değer: ";_InitializeGitHubSourceLinkUrl") konum: C:\Program Files\dotnet\sdk\9.0.308\Sdks\Microsoft.SourceLink.GitLab\build\Microsoft.SourceLink.GitLab.targets (12,5)
       C:\Program Files\dotnet\sdk\9.0.308\Sdks\Microsoft.SourceLink.GitLab\build\Microsoft.SourceLink.GitLab.targets(13,5): message : Özellik yeniden ataması: $(SourceControlManagerUrlTranslationTargets)=";TranslateGitHubUrlsInSourceControlInformation;TranslateGitLabUrlsInSourceControlInformation" (önceki değer: ";TranslateGitHubUrlsInSourceControlInformation") konum: C:\Program Files\dotnet\sdk\9.0.308\Sdks\Microsoft.SourceLink.GitLab\build\Microsoft.SourceLink.GitLab.targets (13,5)
       C:\Program Files\dotnet\sdk\9.0.308\Sdks\Microsoft.SourceLink.AzureRepos.Git\build\Microsoft.SourceLink.AzureRepos.Git.targets(12,5): message : Özellik yeniden ataması: $(SourceLinkUrlInitializerTargets)=";_InitializeGitHubSourceLinkUrl;_InitializeGitLabSourceLinkUrl;_InitializeAzureReposGitSourceLinkUrl" (önceki değer: ";_InitializeGitHubSourceLinkUrl;_InitializeGitLabSourceLinkUrl") konum: C:\Program Files\dotnet\sdk\9.0.308\Sdks\Microsoft.SourceLink.AzureRepos.Git\build\Microsoft.SourceLink.AzureRepos.Git.targets (12,5)
       C:\Program Files\dotnet\sdk\9.0.308\Sdks\Microsoft.SourceLink.AzureRepos.Git\build\Microsoft.SourceLink.AzureRepos.Git.targets(13,5): message : Özellik yeniden ataması: $(SourceControlManagerUrlTranslationTargets)=";TranslateGitHubUrlsInSourceControlInformation;TranslateGitLabUrlsInSourceControlInformation;TranslateAzureReposGitUrlsInSourceControlInformation" (önceki değer: ";TranslateGitHubUrlsInSourceControlInformation;TranslateGitLabUrlsInSourceControlInformation") konum: C:\Program Files\dotnet\sdk\9.0.308\Sdks\Microsoft.SourceLink.AzureRepos.Git\build\Microsoft.SourceLink.AzureRepos.Git.targets (13,5)
       C:\Program Files\dotnet\sdk\9.0.308\Sdks\Microsoft.SourceLink.Bitbucket.Git\build\Microsoft.SourceLink.Bitbucket.Git.targets(12,5): message : Özellik yeniden ataması: $(SourceLinkUrlInitializerTargets)=";_InitializeGitHubSourceLinkUrl;_InitializeGitLabSourceLinkUrl;_InitializeAzureReposGitSourceLinkUrl;_InitializeBitbucketGitSourceLinkUrl" (önceki değer: ";_InitializeGitHubSourceLinkUrl;_InitializeGitLabSourceLinkUrl;_InitializeAzureReposGitSourceLinkUrl") konum: C:\Program Files\dotnet\sdk\9.0.308\Sdks\Microsoft.SourceLink.Bitbucket.Git\build\Microsoft.SourceLink.Bitbucket.Git.targets (12,5)
       C:\Program Files\dotnet\sdk\9.0.308\Sdks\Microsoft.SourceLink.Bitbucket.Git\build\Microsoft.SourceLink.Bitbucket.Git.targets(13,5): message : Özellik yeniden ataması: $(SourceControlManagerUrlTranslationTargets)=";TranslateGitHubUrlsInSourceControlInformation;TranslateGitLabUrlsInSourceControlInformation;TranslateAzureReposGitUrlsInSourceControlInformation;TranslateBitbucketGitUrlsInSourceControlInformation" (önceki değer: ";TranslateGitHubUrlsInSourceControlInformation;TranslateGitLabUrlsInSourceControlInformation;TranslateAzureReposGitUrlsInSourceControlInformation") konum: C:\Program Files\dotnet\sdk\9.0.308\Sdks\Microsoft.SourceLink.Bitbucket.Git\build\Microsoft.SourceLink.Bitbucket.Git.targets (13,5)
       C:\Program Files\dotnet\sdk\9.0.308\Sdks\Microsoft.NET.Sdk\targets\Microsoft.NET.DesignerSupport.targets(21,5): message : Özellik yeniden ataması: $(DesignerRuntimeImplementationProjectOutputGroupDependsOn)="
       C:\Program Files\dotnet\sdk\9.0.308\Sdks\Microsoft.NET.Sdk\targets\Microsoft.NET.DesignerSupport.targets(21,5): message :       
       C:\Program Files\dotnet\sdk\9.0.308\Sdks\Microsoft.NET.Sdk\targets\Microsoft.NET.DesignerSupport.targets(21,5): message :       ;
       C:\Program Files\dotnet\sdk\9.0.308\Sdks\Microsoft.NET.Sdk\targets\Microsoft.NET.DesignerSupport.targets(21,5): message :       
       C:\Program Files\dotnet\sdk\9.0.308\Sdks\Microsoft.NET.Sdk\targets\Microsoft.NET.DesignerSupport.targets(21,5): message :       ;
       C:\Program Files\dotnet\sdk\9.0.308\Sdks\Microsoft.NET.Sdk\targets\Microsoft.NET.DesignerSupport.targets(21,5): message :       BuildOnlySettings;
       C:\Program Files\dotnet\sdk\9.0.308\Sdks\Microsoft.NET.Sdk\targets\Microsoft.NET.DesignerSupport.targets(21,5): message :       PrepareForBuild;
       C:\Program Files\dotnet\sdk\9.0.308\Sdks\Microsoft.NET.Sdk\targets\Microsoft.NET.DesignerSupport.targets(21,5): message :       AssignTargetPaths;
       C:\Program Files\dotnet\sdk\9.0.308\Sdks\Microsoft.NET.Sdk\targets\Microsoft.NET.DesignerSupport.targets(21,5): message :       ResolveReferences
       C:\Program Files\dotnet\sdk\9.0.308\Sdks\Microsoft.NET.Sdk\targets\Microsoft.NET.DesignerSupport.targets(21,5): message :     
       C:\Program Files\dotnet\sdk\9.0.308\Sdks\Microsoft.NET.Sdk\targets\Microsoft.NET.DesignerSupport.targets(21,5): message :     ;
       C:\Program Files\dotnet\sdk\9.0.308\Sdks\Microsoft.NET.Sdk\targets\Microsoft.NET.DesignerSupport.targets(21,5): message :       _GenerateDesignerDepsFile;
       C:\Program Files\dotnet\sdk\9.0.308\Sdks\Microsoft.NET.Sdk\targets\Microsoft.NET.DesignerSupport.targets(21,5): message :       _GenerateDesignerRuntimeConfigFile;
       C:\Program Files\dotnet\sdk\9.0.308\Sdks\Microsoft.NET.Sdk\targets\Microsoft.NET.DesignerSupport.targets(21,5): message :       GetCopyToOutputDirectoryItems;
       C:\Program Files\dotnet\sdk\9.0.308\Sdks\Microsoft.NET.Sdk\targets\Microsoft.NET.DesignerSupport.targets(21,5): message :       _GatherDesignerShadowCopyFiles;
       C:\Program Files\dotnet\sdk\9.0.308\Sdks\Microsoft.NET.Sdk\targets\Microsoft.NET.DesignerSupport.targets(21,5): message :     " (önceki değer: "
       C:\Program Files\dotnet\sdk\9.0.308\Sdks\Microsoft.NET.Sdk\targets\Microsoft.NET.DesignerSupport.targets(21,5): message :       ;
       C:\Program Files\dotnet\sdk\9.0.308\Sdks\Microsoft.NET.Sdk\targets\Microsoft.NET.DesignerSupport.targets(21,5): message :       
       C:\Program Files\dotnet\sdk\9.0.308\Sdks\Microsoft.NET.Sdk\targets\Microsoft.NET.DesignerSupport.targets(21,5): message :       ;
       C:\Program Files\dotnet\sdk\9.0.308\Sdks\Microsoft.NET.Sdk\targets\Microsoft.NET.DesignerSupport.targets(21,5): message :       BuildOnlySettings;
       C:\Program Files\dotnet\sdk\9.0.308\Sdks\Microsoft.NET.Sdk\targets\Microsoft.NET.DesignerSupport.targets(21,5): message :       PrepareForBuild;
       C:\Program Files\dotnet\sdk\9.0.308\Sdks\Microsoft.NET.Sdk\targets\Microsoft.NET.DesignerSupport.targets(21,5): message :       AssignTargetPaths;
       C:\Program Files\dotnet\sdk\9.0.308\Sdks\Microsoft.NET.Sdk\targets\Microsoft.NET.DesignerSupport.targets(21,5): message :       ResolveReferences
       C:\Program Files\dotnet\sdk\9.0.308\Sdks\Microsoft.NET.Sdk\targets\Microsoft.NET.DesignerSupport.targets(21,5): message :     
       C:\Program Files\dotnet\sdk\9.0.308\Sdks\Microsoft.NET.Sdk\targets\Microsoft.NET.DesignerSupport.targets(21,5): message :     ") konum: C:\Program Files\dotnet\sdk\9.0.308\Sdks\Microsoft.NET.Sdk\targets\Microsoft.NET.DesignerSupport.targets (21,5)
       C:\Program Files\dotnet\sdk\9.0.308\Sdks\Microsoft.NET.Sdk\targets\Microsoft.NET.PackTool.targets(68,5): message : Özellik yeniden ataması: $(_GenerateToolsSettingsFileCacheFile)="C:\Users\Muhammet\Documents\GitHub\Wonderland-Private-Server\PhoenixData\obj\Debug\net462\PhoenixData.toolssettingsinput.cache" (önceki değer: "obj\Debug\net462\PhoenixData.toolssettingsinput.cache") konum: C:\Program Files\dotnet\sdk\9.0.308\Sdks\Microsoft.NET.Sdk\targets\Microsoft.NET.PackTool.targets (68,5)
       C:\Program Files\dotnet\sdk\9.0.308\Sdks\Microsoft.NET.Sdk\targets\Microsoft.NET.PackTool.targets(137,5): message : Özellik yeniden ataması: $(_ShimInputCacheFile)="C:\Users\Muhammet\Documents\GitHub\Wonderland-Private-Server\PhoenixData\obj\Debug\net462\PhoenixData.shiminput.cache" (önceki değer: "obj\Debug\net462\PhoenixData.shiminput.cache") konum: C:\Program Files\dotnet\sdk\9.0.308\Sdks\Microsoft.NET.Sdk\targets\Microsoft.NET.PackTool.targets (137,5)
       C:\Program Files\dotnet\sdk\9.0.308\Sdks\Microsoft.NET.Sdk\targets\Microsoft.NET.PackTool.targets(139,5): message : Özellik yeniden ataması: $(_ShimCreatedSentinelFile)="C:\Users\Muhammet\Documents\GitHub\Wonderland-Private-Server\PhoenixData\obj\Debug\net462\PhoenixData.shimcreated.sentinel" (önceki değer: "obj\Debug\net462\PhoenixData.shimcreated.sentinel") konum: C:\Program Files\dotnet\sdk\9.0.308\Sdks\Microsoft.NET.Sdk\targets\Microsoft.NET.PackTool.targets (139,5)
       C:\Program Files\dotnet\sdk\9.0.308\Sdks\Microsoft.NET.Sdk\targets\Microsoft.NET.Sdk.CSharp.targets(31,5): message : Özellik yeniden ataması: $(DefineConstants)="TRACE;DEBUG" (önceki değer: "TRACE") konum: C:\Program Files\dotnet\sdk\9.0.308\Sdks\Microsoft.NET.Sdk\targets\Microsoft.NET.Sdk.CSharp.targets (31,5)
       C:\Program Files\dotnet\sdk\9.0.308\Sdks\Microsoft.NET.Sdk\targets\Microsoft.NET.Sdk.CSharp.targets(34,5): message : Özellik yeniden ataması: $(DefineConstants)="TRACE;DEBUG;NETFRAMEWORK;NET462;" (önceki değer: "TRACE;DEBUG") konum: C:\Program Files\dotnet\sdk\9.0.308\Sdks\Microsoft.NET.Sdk\targets\Microsoft.NET.Sdk.CSharp.targets (34,5)
       C:\Program Files\dotnet\sdk\9.0.308\Sdks\Microsoft.NET.Sdk\targets\Microsoft.NET.Windows.targets(44,5): message : Özellik yeniden ataması: $(SupportedOSPlatformVersion)="7.0" (önceki değer: "") konum: C:\Program Files\dotnet\sdk\9.0.308\Sdks\Microsoft.NET.Sdk\targets\Microsoft.NET.Windows.targets (44,5)
       C:\Program Files\dotnet\sdk\9.0.308\Sdks\Microsoft.NET.Sdk\targets\Microsoft.NET.Windows.targets(45,5): message : Özellik yeniden ataması: $(TargetPlatformMinVersion)="7.0" (önceki değer: "") konum: C:\Program Files\dotnet\sdk\9.0.308\Sdks\Microsoft.NET.Sdk\targets\Microsoft.NET.Windows.targets (45,5)
       C:\Program Files\dotnet\sdk\9.0.308\Sdks\NuGet.Build.Tasks.Pack\build\NuGet.Build.Tasks.Pack.targets(34,5): message : Özellik yeniden ataması: $(PackageDescription)="Package Description" (önceki değer: "") konum: C:\Program Files\dotnet\sdk\9.0.308\Sdks\NuGet.Build.Tasks.Pack\build\NuGet.Build.Tasks.Pack.targets (34,5)
       C:\Program Files\dotnet\sdk\9.0.308\Sdks\NuGet.Build.Tasks.Pack\build\NuGet.Build.Tasks.Pack.targets(59,5): message : Özellik yeniden ataması: $(GenerateNuspecDependsOn)="Build;_LoadPackInputItems; _GetTargetFrameworksOutput; _WalkEachTargetPerFramework; _GetPackageFiles; " (önceki değer: "_LoadPackInputItems; _GetTargetFrameworksOutput; _WalkEachTargetPerFramework; _GetPackageFiles; ") konum: C:\Program Files\dotnet\sdk\9.0.308\Sdks\NuGet.Build.Tasks.Pack\build\NuGet.Build.Tasks.Pack.targets (59,5)
       C:\Program Files\dotnet\sdk\9.0.308\Sdks\Microsoft.NET.Sdk\Sdk\Sdk.targets(60,5): message : Özellik yeniden ataması: $(_IsNotSetContainersTargetsDir)="true" (önceki değer: "false") konum: C:\Program Files\dotnet\sdk\9.0.308\Sdks\Microsoft.NET.Sdk\Sdk\Sdk.targets (60,5)
       C:\Program Files\dotnet\sdk\9.0.308\Containers\build\Microsoft.NET.Build.Containers.targets(5,5): message : Özellik yeniden ataması: $(_IsSDKContainerAllowedVersion)="true" (önceki değer: "false") konum: C:\Program Files\dotnet\sdk\9.0.308\Containers\build\Microsoft.NET.Build.Containers.targets (5,5)
       "DefaultSdkResolver" çözümleyicisi "Microsoft.NET.SDK.WorkloadAutoImportPropsLocator" SDK’sını çözümlemeyi denedi.
       Uyarılar: null
       Hatalar: MSB4276: "C:\Program Files\dotnet\sdk\9.0.308\Sdks\Microsoft.NET.SDK.WorkloadAutoImportPropsLocator\Sdk" dizini olmadığından, varsayılan SDK çözümleyicisi "Microsoft.NET.SDK.WorkloadAutoImportPropsLocator" SDK’sını çözümleyemedi.
       "C:\Program Files\dotnet\sdk\9.0.308\Microsoft.NETFramework.CurrentVersion.targets" projesindeki "GetFrameworkPaths" hedefi kullanılarak "C:\Program Files\dotnet\sdk\9.0.308\Microsoft.Common.CurrentVersion.targets" projesindeki "GetFrameworkPaths" hedefinin üzerine yazılıyor.
       "C:\Program Files\dotnet\sdk\9.0.308\Sdks\Microsoft.NET.Sdk\targets\Microsoft.NET.Sdk.FrameworkReferenceResolution.targets" projesindeki "ResolveFrameworkReferences" hedefi kullanılarak "C:\Program Files\dotnet\sdk\9.0.308\Microsoft.Common.CurrentVersion.targets" projesindeki "ResolveFrameworkReferences" hedefinin üzerine yazılıyor.
       "C:\Program Files\dotnet\sdk\9.0.308\Sdks\Microsoft.NET.Sdk\targets\Microsoft.NET.Sdk.targets" projesindeki "Run" hedefi kullanılarak "C:\Program Files\dotnet\sdk\9.0.308\Microsoft.Common.CurrentVersion.targets" projesindeki "Run" hedefinin üzerine yazılıyor.
       "C:\Program Files\dotnet\sdk\9.0.308\Sdks\Microsoft.NET.Sdk\targets\Microsoft.NET.Sdk.targets" projesindeki "GenerateSupportedTargetFrameworkAlias" hedefi kullanılarak "C:\Program Files\dotnet\sdk\9.0.308\Microsoft.Common.CurrentVersion.targets" projesindeki "GenerateSupportedTargetFrameworkAlias" hedefinin üzerine yazılıyor.
       "C:\Program Files\dotnet\sdk\9.0.308\Sdks\Microsoft.NET.Sdk\targets\Microsoft.NET.DesignerSupport.targets" projesindeki "DesignerRuntimeImplementationProjectOutputGroup" hedefi kullanılarak "C:\Program Files\dotnet\sdk\9.0.308\Microsoft.Common.CurrentVersion.targets" projesindeki "DesignerRuntimeImplementationProjectOutputGroup" hedefinin üzerine yazılıyor.
       "C:\Program Files\dotnet\sdk\9.0.308\Sdks\Microsoft.NET.Sdk\targets\Microsoft.NET.Publish.targets" projesindeki "Publish" hedefi kullanılarak "C:\Program Files\dotnet\sdk\9.0.308\Microsoft.Common.CurrentVersion.targets" projesindeki "Publish" hedefinin üzerine yazılıyor.
       "C:\Program Files\dotnet\sdk\9.0.308\Sdks\Microsoft.NET.Sdk\targets\Microsoft.NET.Publish.targets" projesindeki "ResolveReadyToRunCompilers" hedefi kullanılarak "C:\Program Files\dotnet\sdk\9.0.308\Sdks\Microsoft.NET.Sdk\targets\Microsoft.NET.CrossGen.targets" projesindeki "ResolveReadyToRunCompilers" hedefinin üzerine yazılıyor.
       "C:\Program Files\dotnet\sdk\9.0.308\Sdks\Microsoft.NET.Sdk\targets\Microsoft.NET.Publish.targets" projesindeki "GetCopyToPublishDirectoryItems" hedefi kullanılarak "C:\Program Files\dotnet\sdk\9.0.308\Microsoft.Common.CurrentVersion.targets" projesindeki "GetCopyToPublishDirectoryItems" hedefinin üzerine yazılıyor.
   1:7>"c:\Users\Muhammet\Documents\GitHub\Wonderland-Private-Server\wlo.pserver.core\wlo.pserver.core.csproj" projesi (1:7) 2 düğümünde "c:\Users\Muhammet\Documents\GitHub\Wonderland-Private-Server\PhoenixData\PhoenixData.csproj" (3:5) oluşturuyor (GetTargetFrameworks hedef).
   3:5>"c:\Users\Muhammet\Documents\GitHub\Wonderland-Private-Server\PhoenixData\PhoenixData.csproj" projesinin "C:\Program Files\dotnet\sdk\9.0.308\Microsoft.Common.CurrentVersion.targets" dosyasındaki "GetTargetFrameworksWithPlatformForSingleTargetFramework" hedefi ("GetTargetFrameworks" hedefi buna bağımlı):
   3:5>"Microsoft.Build.Tasks.Core, Version=15.1.0.0, Culture=neutral, PublicKeyToken=b03f5f7f11d50a3a" derlemesindeki "CombineTargetFrameworkInfoProperties" görevi kullanılıyor.
       "CombineTargetFrameworkInfoProperties" görevi
       "CombineTargetFrameworkInfoProperties" görevini yürütme tamamlandı.
   3:5>"PhoenixData.csproj" projesinde "GetTargetFrameworksWithPlatformForSingleTargetFramework" hedefini oluşturma tamamlandı.
   3:5>"c:\Users\Muhammet\Documents\GitHub\Wonderland-Private-Server\PhoenixData\PhoenixData.csproj" projesinin "C:\Program Files\dotnet\sdk\9.0.308\Microsoft.Common.CurrentVersion.targets" dosyasındaki "GetTargetFrameworks" hedefi (giriş noktası):
       Yanlış koşul nedeniyle "MSBuildInternalMessage" görevi atlandı; ('$(IsCrossTargetingBuild)' == 'true'), ('' == 'true') olarak değerlendirildi.
       "Microsoft.Build.Tasks.Core, Version=15.1.0.0, Culture=neutral, PublicKeyToken=b03f5f7f11d50a3a" derlemesindeki "CombineXmlElements" görevi kullanılıyor.
       "CombineXmlElements" görevi
       "CombineXmlElements" görevini yürütme tamamlandı.
   3:5>"PhoenixData.csproj" projesinde "GetTargetFrameworks" hedefini oluşturma tamamlandı.
   3:5>"c:\Users\Muhammet\Documents\GitHub\Wonderland-Private-Server\PhoenixData\PhoenixData.csproj" Projesini Oluşturma İşlemi Tamamlandı (GetTargetFrameworks hedef).
     0>"Microsoft.NET.SDK.WorkloadAutoImportPropsLocator" SDK’sı "Microsoft.DotNet.MSBuildWorkloadSdkResolver" çözümleyicisi tarafından "null" konumuna ve "null" sürümüne başarıyla çözümlendi.
       C:\Program Files\dotnet\sdk\9.0.308\Sdks\Microsoft.NET.Sdk\targets\Microsoft.NET.PackProjectTool.props(15,5): message : Özellik yeniden ataması: $(TargetsForTfmSpecificContentInPackage)=";PackTool;_PackProjectToolValidation" (önceki değer: ";PackTool") konum: C:\Program Files\dotnet\sdk\9.0.308\Sdks\Microsoft.NET.Sdk\targets\Microsoft.NET.PackProjectTool.props (15,5)
       c:\Users\Muhammet\Documents\GitHub\Wonderland-Private-Server\RCLibrary\RCLibrary.csproj(10,5): message : Özellik yeniden ataması: $(AllowUnsafeBlocks)="True" (önceki değer: "false") konum: c:\Users\Muhammet\Documents\GitHub\Wonderland-Private-Server\RCLibrary\RCLibrary.csproj (10,5)
       C:\Program Files\dotnet\sdk\9.0.308\Sdks\Microsoft.NET.Sdk\targets\Microsoft.NET.Sdk.ImportPublishProfile.targets(28,5): message : Özellik yeniden ataması: $(PublishProfileImported)="false" (önceki değer: "true") konum: C:\Program Files\dotnet\sdk\9.0.308\Sdks\Microsoft.NET.Sdk\targets\Microsoft.NET.Sdk.ImportPublishProfile.targets (28,5)
       C:\Program Files\dotnet\sdk\9.0.308\Sdks\Microsoft.NET.Sdk\targets\Microsoft.NET.TargetFrameworkInference.targets(69,5): message : Özellik yeniden ataması: $(TargetPlatformVersion)="" (önceki değer: "0.0") konum: C:\Program Files\dotnet\sdk\9.0.308\Sdks\Microsoft.NET.Sdk\targets\Microsoft.NET.TargetFrameworkInference.targets (69,5)
       C:\Program Files\dotnet\sdk\9.0.308\Sdks\Microsoft.NET.Sdk\targets\Microsoft.NET.DefaultOutputPaths.targets(122,5): message : Özellik yeniden ataması: $(DefaultItemExcludes)=";bin\Debug\/**;obj\Debug\/**" (önceki değer: ";bin\Debug\/**") konum: C:\Program Files\dotnet\sdk\9.0.308\Sdks\Microsoft.NET.Sdk\targets\Microsoft.NET.DefaultOutputPaths.targets (122,5)
       C:\Program Files\dotnet\sdk\9.0.308\Sdks\Microsoft.NET.Sdk\targets\Microsoft.NET.DefaultOutputPaths.targets(137,5): message : Özellik yeniden ataması: $(OutputPath)="bin\Debug\net462\" (önceki değer: "bin\Debug\") konum: C:\Program Files\dotnet\sdk\9.0.308\Sdks\Microsoft.NET.Sdk\targets\Microsoft.NET.DefaultOutputPaths.targets (137,5)
       C:\Program Files\dotnet\sdk\9.0.308\Sdks\Microsoft.NET.Sdk\targets\Microsoft.NET.DefaultOutputPaths.targets(142,5): message : Özellik yeniden ataması: $(IntermediateOutputPath)="obj\Debug\net462\" (önceki değer: "obj\Debug\") konum: C:\Program Files\dotnet\sdk\9.0.308\Sdks\Microsoft.NET.Sdk\targets\Microsoft.NET.DefaultOutputPaths.targets (142,5)
       "DefaultSdkResolver" çözümleyicisi "Microsoft.NET.SDK.WorkloadManifestTargetsLocator" SDK’sını çözümlemeyi denedi.
       Uyarılar: null
       Hatalar: MSB4276: "C:\Program Files\dotnet\sdk\9.0.308\Sdks\Microsoft.NET.SDK.WorkloadManifestTargetsLocator\Sdk" dizini olmadığından, varsayılan SDK çözümleyicisi "Microsoft.NET.SDK.WorkloadManifestTargetsLocator" SDK’sını çözümleyemedi.
       "Microsoft.NET.SDK.WorkloadManifestTargetsLocator" SDK’sı "Microsoft.DotNet.MSBuildWorkloadSdkResolver" çözümleyicisi tarafından "C:\Program Files\dotnet\sdk-manifests\9.0.100\microsoft.net.sdk.android\35.0.78" konumuna ve "null" sürümüne başarıyla çözümlendi.
       C:\Program Files\dotnet\sdk\9.0.308\Sdks\Microsoft.NET.Sdk\targets\Microsoft.NET.Sdk.BeforeCommon.targets(189,5): message : Özellik yeniden ataması: $(_FrameworkIdentifierForImplicitDefine)="NET" (önceki değer: "NETFRAMEWORK") konum: C:\Program Files\dotnet\sdk\9.0.308\Sdks\Microsoft.NET.Sdk\targets\Microsoft.NET.Sdk.BeforeCommon.targets (189,5)
       C:\Program Files\dotnet\sdk\9.0.308\Sdks\Microsoft.NET.Sdk\targets\Microsoft.NET.Sdk.BeforeCommon.targets(192,5): message : Özellik yeniden ataması: $(_FrameworkVersionForImplicitDefine)="4_6_2" (önceki değer: "4.6.2") konum: C:\Program Files\dotnet\sdk\9.0.308\Sdks\Microsoft.NET.Sdk\targets\Microsoft.NET.Sdk.BeforeCommon.targets (192,5)
       C:\Program Files\dotnet\sdk\9.0.308\Sdks\Microsoft.NET.Sdk\targets\Microsoft.NET.Sdk.BeforeCommon.targets(193,5): message : Özellik yeniden ataması: $(_FrameworkVersionForImplicitDefine)="462" (önceki değer: "4_6_2") konum: C:\Program Files\dotnet\sdk\9.0.308\Sdks\Microsoft.NET.Sdk\targets\Microsoft.NET.Sdk.BeforeCommon.targets (193,5)
       C:\Program Files\dotnet\sdk\9.0.308\Roslyn\Microsoft.CSharp.Core.targets(200,5): message : Özellik yeniden ataması: $(CommandLineArgsForDesignTimeEvaluation)="-langversion:11.0 -define:TRACE" (önceki değer: "-langversion:11.0") konum: C:\Program Files\dotnet\sdk\9.0.308\Roslyn\Microsoft.CSharp.Core.targets (200,5)
       C:\Program Files\dotnet\sdk\9.0.308\Microsoft.NETFramework.CurrentVersion.props(117,5): message : Özellik yeniden ataması: $(AvailablePlatforms)="Any CPU,x86,x64,ARM64" (önceki değer: "Any CPU,x86,x64") konum: C:\Program Files\dotnet\sdk\9.0.308\Microsoft.NETFramework.CurrentVersion.props (117,5)
       C:\Program Files\dotnet\sdk\9.0.308\Microsoft.Common.CurrentVersion.targets(89,5): message : Özellik yeniden ataması: $(TargetPlatformIdentifier)="Windows" (önceki değer: "") konum: C:\Program Files\dotnet\sdk\9.0.308\Microsoft.Common.CurrentVersion.targets (89,5)
       C:\Program Files\dotnet\sdk\9.0.308\Microsoft.Common.CurrentVersion.targets(90,5): message : Özellik yeniden ataması: $(TargetPlatformVersion)="7.0" (önceki değer: "") konum: C:\Program Files\dotnet\sdk\9.0.308\Microsoft.Common.CurrentVersion.targets (90,5)
       C:\Program Files\dotnet\sdk\9.0.308\Microsoft.Common.CurrentVersion.targets(175,5): message : Özellik yeniden ataması: $(_DebugSymbolsProduced)="true" (önceki değer: "false") konum: C:\Program Files\dotnet\sdk\9.0.308\Microsoft.Common.CurrentVersion.targets (175,5)
       C:\Program Files\dotnet\sdk\9.0.308\Microsoft.Common.CurrentVersion.targets(185,5): message : Özellik yeniden ataması: $(_DocumentationFileProduced)="false" (önceki değer: "true") konum: C:\Program Files\dotnet\sdk\9.0.308\Microsoft.Common.CurrentVersion.targets (185,5)
       C:\Program Files\dotnet\sdk\9.0.308\Microsoft.Common.CurrentVersion.targets(393,5): message : Özellik yeniden ataması: $(MSBuildCopyMarkerName)="RCLibrary.csproj.Up2Date" (önceki değer: "RCLibrary.csproj") konum: C:\Program Files\dotnet\sdk\9.0.308\Microsoft.Common.CurrentVersion.targets (393,5)
       C:\Program Files\dotnet\sdk\9.0.308\Microsoft.Common.CurrentVersion.targets(541,5): message : Özellik yeniden ataması: $(ProcessorArchitecture)="msil" (önceki değer: "") konum: C:\Program Files\dotnet\sdk\9.0.308\Microsoft.Common.CurrentVersion.targets (541,5)
       C:\Program Files\dotnet\sdk\9.0.308\Microsoft.Common.CurrentVersion.targets(580,5): message : Özellik yeniden ataması: $(DelaySign)="" (önceki değer: "false") konum: C:\Program Files\dotnet\sdk\9.0.308\Microsoft.Common.CurrentVersion.targets (580,5)
       C:\Program Files\dotnet\sdk\9.0.308\Microsoft.Common.CurrentVersion.targets(2619,5): message : 'C:\Users\Muhammet\AppData\Local' değerine sahip 'LOCALAPPDATA' özelliği ortamdan genişletildi.
       C:\Program Files\dotnet\sdk\9.0.308\Microsoft.Common.CurrentVersion.targets(3947,5): message : Özellik yeniden ataması: $(_SGenGenerateSerializationAssembliesConfig)="Auto" (önceki değer: "") konum: C:\Program Files\dotnet\sdk\9.0.308\Microsoft.Common.CurrentVersion.targets (3947,5)
       C:\Program Files\dotnet\sdk\9.0.308\Microsoft.Common.CurrentVersion.targets(3948,5): message : Özellik yeniden ataması: $(_SGenGenerateSerializationAssembliesConfig)="Off" (önceki değer: "Auto") konum: C:\Program Files\dotnet\sdk\9.0.308\Microsoft.Common.CurrentVersion.targets (3948,5)
       C:\Program Files\dotnet\sdk\9.0.308\Microsoft.Common.CurrentVersion.targets(5159,5): message : Özellik yeniden ataması: $(_TargetsThatPrepareProjectReferences)="
       C:\Program Files\dotnet\sdk\9.0.308\Microsoft.Common.CurrentVersion.targets(5159,5): message :       AssignProjectConfiguration;
       C:\Program Files\dotnet\sdk\9.0.308\Microsoft.Common.CurrentVersion.targets(5159,5): message :       _SplitProjectReferencesByFileExistence
       C:\Program Files\dotnet\sdk\9.0.308\Microsoft.Common.CurrentVersion.targets(5159,5): message :     " (önceki değer: "_SplitProjectReferencesByFileExistence") konum: C:\Program Files\dotnet\sdk\9.0.308\Microsoft.Common.CurrentVersion.targets (5159,5)
       C:\Program Files\dotnet\sdk\9.0.308\Microsoft.Common.CurrentVersion.targets(6954,5): message : 'C:\Program Files\dotnet\sdk\9.0.308' değerine sahip 'MSBuildExtensionsPath32' özelliği ortamdan genişletildi.
       C:\Program Files\dotnet\sdk\9.0.308\Microsoft.NETFramework.CurrentVersion.targets(74,5): message : Özellik yeniden ataması: $(ResolveReferencesDependsOn)="
       C:\Program Files\dotnet\sdk\9.0.308\Microsoft.NETFramework.CurrentVersion.targets(74,5): message :       
       C:\Program Files\dotnet\sdk\9.0.308\Microsoft.NETFramework.CurrentVersion.targets(74,5): message :       BeforeResolveReferences;
       C:\Program Files\dotnet\sdk\9.0.308\Microsoft.NETFramework.CurrentVersion.targets(74,5): message :       AssignProjectConfiguration;
       C:\Program Files\dotnet\sdk\9.0.308\Microsoft.NETFramework.CurrentVersion.targets(74,5): message :       ResolveProjectReferences;
       C:\Program Files\dotnet\sdk\9.0.308\Microsoft.NETFramework.CurrentVersion.targets(74,5): message :       FindInvalidProjectReferences;
       C:\Program Files\dotnet\sdk\9.0.308\Microsoft.NETFramework.CurrentVersion.targets(74,5): message :       ResolveNativeReferences;
       C:\Program Files\dotnet\sdk\9.0.308\Microsoft.NETFramework.CurrentVersion.targets(74,5): message :       ResolveAssemblyReferences;
       C:\Program Files\dotnet\sdk\9.0.308\Microsoft.NETFramework.CurrentVersion.targets(74,5): message :       GenerateBindingRedirects;
       C:\Program Files\dotnet\sdk\9.0.308\Microsoft.NETFramework.CurrentVersion.targets(74,5): message :       GenerateBindingRedirectsUpdateAppConfig;
       C:\Program Files\dotnet\sdk\9.0.308\Microsoft.NETFramework.CurrentVersion.targets(74,5): message :       ResolveComReferences;
       C:\Program Files\dotnet\sdk\9.0.308\Microsoft.NETFramework.CurrentVersion.targets(74,5): message :       AfterResolveReferences
       C:\Program Files\dotnet\sdk\9.0.308\Microsoft.NETFramework.CurrentVersion.targets(74,5): message :     ;
       C:\Program Files\dotnet\sdk\9.0.308\Microsoft.NETFramework.CurrentVersion.targets(74,5): message :       ImplicitlyExpandDesignTimeFacades
       C:\Program Files\dotnet\sdk\9.0.308\Microsoft.NETFramework.CurrentVersion.targets(74,5): message :     " (önceki değer: "
       C:\Program Files\dotnet\sdk\9.0.308\Microsoft.NETFramework.CurrentVersion.targets(74,5): message :       BeforeResolveReferences;
       C:\Program Files\dotnet\sdk\9.0.308\Microsoft.NETFramework.CurrentVersion.targets(74,5): message :       AssignProjectConfiguration;
       C:\Program Files\dotnet\sdk\9.0.308\Microsoft.NETFramework.CurrentVersion.targets(74,5): message :       ResolveProjectReferences;
       C:\Program Files\dotnet\sdk\9.0.308\Microsoft.NETFramework.CurrentVersion.targets(74,5): message :       FindInvalidProjectReferences;
       C:\Program Files\dotnet\sdk\9.0.308\Microsoft.NETFramework.CurrentVersion.targets(74,5): message :       ResolveNativeReferences;
       C:\Program Files\dotnet\sdk\9.0.308\Microsoft.NETFramework.CurrentVersion.targets(74,5): message :       ResolveAssemblyReferences;
       C:\Program Files\dotnet\sdk\9.0.308\Microsoft.NETFramework.CurrentVersion.targets(74,5): message :       GenerateBindingRedirects;
       C:\Program Files\dotnet\sdk\9.0.308\Microsoft.NETFramework.CurrentVersion.targets(74,5): message :       GenerateBindingRedirectsUpdateAppConfig;
       C:\Program Files\dotnet\sdk\9.0.308\Microsoft.NETFramework.CurrentVersion.targets(74,5): message :       ResolveComReferences;
       C:\Program Files\dotnet\sdk\9.0.308\Microsoft.NETFramework.CurrentVersion.targets(74,5): message :       AfterResolveReferences
       C:\Program Files\dotnet\sdk\9.0.308\Microsoft.NETFramework.CurrentVersion.targets(74,5): message :     ") konum: C:\Program Files\dotnet\sdk\9.0.308\Microsoft.NETFramework.CurrentVersion.targets (74,5)
       C:\Program Files\dotnet\sdk\9.0.308\Sdks\Microsoft.NET.Sdk\targets\Microsoft.PackageDependencyResolution.targets(29,5): message : Özellik yeniden ataması: $(ProjectAssetsCacheFile)="c:\Users\Muhammet\Documents\GitHub\Wonderland-Private-Server\RCLibrary\obj\Debug\net462\RCLibrary.assets.cache" (önceki değer: "obj\Debug\net462\RCLibrary.assets.cache") konum: C:\Program Files\dotnet\sdk\9.0.308\Sdks\Microsoft.NET.Sdk\targets\Microsoft.PackageDependencyResolution.targets (29,5)
       C:\Program Files\dotnet\sdk\9.0.308\Sdks\Microsoft.NET.Sdk\targets\Microsoft.PackageDependencyResolution.targets(80,5): message : Özellik yeniden ataması: $(ResolveAssemblyReferencesDependsOn)="
       C:\Program Files\dotnet\sdk\9.0.308\Sdks\Microsoft.NET.Sdk\targets\Microsoft.PackageDependencyResolution.targets(80,5): message :       
       C:\Program Files\dotnet\sdk\9.0.308\Sdks\Microsoft.NET.Sdk\targets\Microsoft.PackageDependencyResolution.targets(80,5): message :       ResolveProjectReferences;
       C:\Program Files\dotnet\sdk\9.0.308\Sdks\Microsoft.NET.Sdk\targets\Microsoft.PackageDependencyResolution.targets(80,5): message :       FindInvalidProjectReferences;
       C:\Program Files\dotnet\sdk\9.0.308\Sdks\Microsoft.NET.Sdk\targets\Microsoft.PackageDependencyResolution.targets(80,5): message :       GetFrameworkPaths;
       C:\Program Files\dotnet\sdk\9.0.308\Sdks\Microsoft.NET.Sdk\targets\Microsoft.PackageDependencyResolution.targets(80,5): message :       GetReferenceAssemblyPaths;
       C:\Program Files\dotnet\sdk\9.0.308\Sdks\Microsoft.NET.Sdk\targets\Microsoft.PackageDependencyResolution.targets(80,5): message :       PrepareForBuild;
       C:\Program Files\dotnet\sdk\9.0.308\Sdks\Microsoft.NET.Sdk\targets\Microsoft.PackageDependencyResolution.targets(80,5): message :       ResolveSDKReferences;
       C:\Program Files\dotnet\sdk\9.0.308\Sdks\Microsoft.NET.Sdk\targets\Microsoft.PackageDependencyResolution.targets(80,5): message :       ExpandSDKReferences;
       C:\Program Files\dotnet\sdk\9.0.308\Sdks\Microsoft.NET.Sdk\targets\Microsoft.PackageDependencyResolution.targets(80,5): message :     ;
       C:\Program Files\dotnet\sdk\9.0.308\Sdks\Microsoft.NET.Sdk\targets\Microsoft.PackageDependencyResolution.targets(80,5): message :       ResolvePackageDependenciesForBuild;
       C:\Program Files\dotnet\sdk\9.0.308\Sdks\Microsoft.NET.Sdk\targets\Microsoft.PackageDependencyResolution.targets(80,5): message :       _HandlePackageFileConflicts;
       C:\Program Files\dotnet\sdk\9.0.308\Sdks\Microsoft.NET.Sdk\targets\Microsoft.PackageDependencyResolution.targets(80,5): message :     " (önceki değer: "
       C:\Program Files\dotnet\sdk\9.0.308\Sdks\Microsoft.NET.Sdk\targets\Microsoft.PackageDependencyResolution.targets(80,5): message :       ResolveProjectReferences;
       C:\Program Files\dotnet\sdk\9.0.308\Sdks\Microsoft.NET.Sdk\targets\Microsoft.PackageDependencyResolution.targets(80,5): message :       FindInvalidProjectReferences;
       C:\Program Files\dotnet\sdk\9.0.308\Sdks\Microsoft.NET.Sdk\targets\Microsoft.PackageDependencyResolution.targets(80,5): message :       GetFrameworkPaths;
       C:\Program Files\dotnet\sdk\9.0.308\Sdks\Microsoft.NET.Sdk\targets\Microsoft.PackageDependencyResolution.targets(80,5): message :       GetReferenceAssemblyPaths;
       C:\Program Files\dotnet\sdk\9.0.308\Sdks\Microsoft.NET.Sdk\targets\Microsoft.PackageDependencyResolution.targets(80,5): message :       PrepareForBuild;
       C:\Program Files\dotnet\sdk\9.0.308\Sdks\Microsoft.NET.Sdk\targets\Microsoft.PackageDependencyResolution.targets(80,5): message :       ResolveSDKReferences;
       C:\Program Files\dotnet\sdk\9.0.308\Sdks\Microsoft.NET.Sdk\targets\Microsoft.PackageDependencyResolution.targets(80,5): message :       ExpandSDKReferences;
       C:\Program Files\dotnet\sdk\9.0.308\Sdks\Microsoft.NET.Sdk\targets\Microsoft.PackageDependencyResolution.targets(80,5): message :     ") konum: C:\Program Files\dotnet\sdk\9.0.308\Sdks\Microsoft.NET.Sdk\targets\Microsoft.PackageDependencyResolution.targets (80,5)
       C:\Program Files\dotnet\sdk\9.0.308\Sdks\Microsoft.NET.Sdk\targets\Microsoft.PackageDependencyResolution.targets(86,5): message : Özellik yeniden ataması: $(PrepareResourcesDependsOn)="
       C:\Program Files\dotnet\sdk\9.0.308\Sdks\Microsoft.NET.Sdk\targets\Microsoft.PackageDependencyResolution.targets(86,5): message :       ResolvePackageDependenciesForBuild;
       C:\Program Files\dotnet\sdk\9.0.308\Sdks\Microsoft.NET.Sdk\targets\Microsoft.PackageDependencyResolution.targets(86,5): message :       _HandlePackageFileConflicts;
       C:\Program Files\dotnet\sdk\9.0.308\Sdks\Microsoft.NET.Sdk\targets\Microsoft.PackageDependencyResolution.targets(86,5): message :       
       C:\Program Files\dotnet\sdk\9.0.308\Sdks\Microsoft.NET.Sdk\targets\Microsoft.PackageDependencyResolution.targets(86,5): message :       ;
       C:\Program Files\dotnet\sdk\9.0.308\Sdks\Microsoft.NET.Sdk\targets\Microsoft.PackageDependencyResolution.targets(86,5): message :       PrepareResourceNames;
       C:\Program Files\dotnet\sdk\9.0.308\Sdks\Microsoft.NET.Sdk\targets\Microsoft.PackageDependencyResolution.targets(86,5): message :       ResGen;
       C:\Program Files\dotnet\sdk\9.0.308\Sdks\Microsoft.NET.Sdk\targets\Microsoft.PackageDependencyResolution.targets(86,5): message :       CompileLicxFiles
       C:\Program Files\dotnet\sdk\9.0.308\Sdks\Microsoft.NET.Sdk\targets\Microsoft.PackageDependencyResolution.targets(86,5): message :     
       C:\Program Files\dotnet\sdk\9.0.308\Sdks\Microsoft.NET.Sdk\targets\Microsoft.PackageDependencyResolution.targets(86,5): message :     " (önceki değer: "
       C:\Program Files\dotnet\sdk\9.0.308\Sdks\Microsoft.NET.Sdk\targets\Microsoft.PackageDependencyResolution.targets(86,5): message :       ;
       C:\Program Files\dotnet\sdk\9.0.308\Sdks\Microsoft.NET.Sdk\targets\Microsoft.PackageDependencyResolution.targets(86,5): message :       PrepareResourceNames;
       C:\Program Files\dotnet\sdk\9.0.308\Sdks\Microsoft.NET.Sdk\targets\Microsoft.PackageDependencyResolution.targets(86,5): message :       ResGen;
       C:\Program Files\dotnet\sdk\9.0.308\Sdks\Microsoft.NET.Sdk\targets\Microsoft.PackageDependencyResolution.targets(86,5): message :       CompileLicxFiles
       C:\Program Files\dotnet\sdk\9.0.308\Sdks\Microsoft.NET.Sdk\targets\Microsoft.PackageDependencyResolution.targets(86,5): message :     ") konum: C:\Program Files\dotnet\sdk\9.0.308\Sdks\Microsoft.NET.Sdk\targets\Microsoft.PackageDependencyResolution.targets (86,5)
       C:\Program Files\dotnet\sdk\9.0.308\Sdks\Microsoft.NET.Sdk\targets\Microsoft.NET.Sdk.DefaultItems.targets(27,5): message : Özellik yeniden ataması: $(DefaultItemExcludes)=";bin\Debug\/**;obj\Debug\/**;bin\/**" (önceki değer: ";bin\Debug\/**;obj\Debug\/**") konum: C:\Program Files\dotnet\sdk\9.0.308\Sdks\Microsoft.NET.Sdk\targets\Microsoft.NET.Sdk.DefaultItems.targets (27,5)
       C:\Program Files\dotnet\sdk\9.0.308\Sdks\Microsoft.NET.Sdk\targets\Microsoft.NET.Sdk.DefaultItems.targets(29,5): message : Özellik yeniden ataması: $(DefaultItemExcludes)=";bin\Debug\/**;obj\Debug\/**;bin\/**;obj\/**" (önceki değer: ";bin\Debug\/**;obj\Debug\/**;bin\/**") konum: C:\Program Files\dotnet\sdk\9.0.308\Sdks\Microsoft.NET.Sdk\targets\Microsoft.NET.Sdk.DefaultItems.targets (29,5)
       C:\Program Files\dotnet\sdk\9.0.308\Sdks\Microsoft.NET.Sdk\targets\Microsoft.NET.Sdk.DefaultItems.targets(32,5): message : Özellik yeniden ataması: $(DefaultItemExcludes)=";bin\Debug\/**;obj\Debug\/**;bin\/**;obj\/**;**/*.user" (önceki değer: ";bin\Debug\/**;obj\Debug\/**;bin\/**;obj\/**") konum: C:\Program Files\dotnet\sdk\9.0.308\Sdks\Microsoft.NET.Sdk\targets\Microsoft.NET.Sdk.DefaultItems.targets (32,5)
       C:\Program Files\dotnet\sdk\9.0.308\Sdks\Microsoft.NET.Sdk\targets\Microsoft.NET.Sdk.DefaultItems.targets(33,5): message : Özellik yeniden ataması: $(DefaultItemExcludes)=";bin\Debug\/**;obj\Debug\/**;bin\/**;obj\/**;**/*.user;**/*.*proj" (önceki değer: ";bin\Debug\/**;obj\Debug\/**;bin\/**;obj\/**;**/*.user") konum: C:\Program Files\dotnet\sdk\9.0.308\Sdks\Microsoft.NET.Sdk\targets\Microsoft.NET.Sdk.DefaultItems.targets (33,5)
       C:\Program Files\dotnet\sdk\9.0.308\Sdks\Microsoft.NET.Sdk\targets\Microsoft.NET.Sdk.DefaultItems.targets(34,5): message : Özellik yeniden ataması: $(DefaultItemExcludes)=";bin\Debug\/**;obj\Debug\/**;bin\/**;obj\/**;**/*.user;**/*.*proj;**/*.sln" (önceki değer: ";bin\Debug\/**;obj\Debug\/**;bin\/**;obj\/**;**/*.user;**/*.*proj") konum: C:\Program Files\dotnet\sdk\9.0.308\Sdks\Microsoft.NET.Sdk\targets\Microsoft.NET.Sdk.DefaultItems.targets (34,5)
       C:\Program Files\dotnet\sdk\9.0.308\Sdks\Microsoft.NET.Sdk\targets\Microsoft.NET.Sdk.DefaultItems.targets(35,5): message : Özellik yeniden ataması: $(DefaultItemExcludes)=";bin\Debug\/**;obj\Debug\/**;bin\/**;obj\/**;**/*.user;**/*.*proj;**/*.sln;**/*.slnx" (önceki değer: ";bin\Debug\/**;obj\Debug\/**;bin\/**;obj\/**;**/*.user;**/*.*proj;**/*.sln") konum: C:\Program Files\dotnet\sdk\9.0.308\Sdks\Microsoft.NET.Sdk\targets\Microsoft.NET.Sdk.DefaultItems.targets (35,5)
       C:\Program Files\dotnet\sdk\9.0.308\Sdks\Microsoft.NET.Sdk\targets\Microsoft.NET.Sdk.DefaultItems.targets(36,5): message : Özellik yeniden ataması: $(DefaultItemExcludes)=";bin\Debug\/**;obj\Debug\/**;bin\/**;obj\/**;**/*.user;**/*.*proj;**/*.sln;**/*.slnx;**/*.vssscc" (önceki değer: ";bin\Debug\/**;obj\Debug\/**;bin\/**;obj\/**;**/*.user;**/*.*proj;**/*.sln;**/*.slnx") konum: C:\Program Files\dotnet\sdk\9.0.308\Sdks\Microsoft.NET.Sdk\targets\Microsoft.NET.Sdk.DefaultItems.targets (36,5)
       C:\Program Files\dotnet\sdk\9.0.308\Sdks\Microsoft.NET.Sdk\targets\Microsoft.NET.Sdk.DefaultItems.targets(37,5): message : Özellik yeniden ataması: $(DefaultItemExcludes)=";bin\Debug\/**;obj\Debug\/**;bin\/**;obj\/**;**/*.user;**/*.*proj;**/*.sln;**/*.slnx;**/*.vssscc;**/.DS_Store" (önceki değer: ";bin\Debug\/**;obj\Debug\/**;bin\/**;obj\/**;**/*.user;**/*.*proj;**/*.sln;**/*.slnx;**/*.vssscc") konum: C:\Program Files\dotnet\sdk\9.0.308\Sdks\Microsoft.NET.Sdk\targets\Microsoft.NET.Sdk.DefaultItems.targets (37,5)
       C:\Program Files\dotnet\sdk\9.0.308\Sdks\Microsoft.NET.Sdk\targets\Microsoft.NET.Sdk.FrameworkReferenceResolution.targets(14,5): message : Özellik yeniden ataması: $(ResolveAssemblyReferencesDependsOn)="
       C:\Program Files\dotnet\sdk\9.0.308\Sdks\Microsoft.NET.Sdk\targets\Microsoft.NET.Sdk.FrameworkReferenceResolution.targets(14,5): message :       
       C:\Program Files\dotnet\sdk\9.0.308\Sdks\Microsoft.NET.Sdk\targets\Microsoft.NET.Sdk.FrameworkReferenceResolution.targets(14,5): message :       
       C:\Program Files\dotnet\sdk\9.0.308\Sdks\Microsoft.NET.Sdk\targets\Microsoft.NET.Sdk.FrameworkReferenceResolution.targets(14,5): message :       ResolveProjectReferences;
       C:\Program Files\dotnet\sdk\9.0.308\Sdks\Microsoft.NET.Sdk\targets\Microsoft.NET.Sdk.FrameworkReferenceResolution.targets(14,5): message :       FindInvalidProjectReferences;
       C:\Program Files\dotnet\sdk\9.0.308\Sdks\Microsoft.NET.Sdk\targets\Microsoft.NET.Sdk.FrameworkReferenceResolution.targets(14,5): message :       GetFrameworkPaths;
       C:\Program Files\dotnet\sdk\9.0.308\Sdks\Microsoft.NET.Sdk\targets\Microsoft.NET.Sdk.FrameworkReferenceResolution.targets(14,5): message :       GetReferenceAssemblyPaths;
       C:\Program Files\dotnet\sdk\9.0.308\Sdks\Microsoft.NET.Sdk\targets\Microsoft.NET.Sdk.FrameworkReferenceResolution.targets(14,5): message :       PrepareForBuild;
       C:\Program Files\dotnet\sdk\9.0.308\Sdks\Microsoft.NET.Sdk\targets\Microsoft.NET.Sdk.FrameworkReferenceResolution.targets(14,5): message :       ResolveSDKReferences;
       C:\Program Files\dotnet\sdk\9.0.308\Sdks\Microsoft.NET.Sdk\targets\Microsoft.NET.Sdk.FrameworkReferenceResolution.targets(14,5): message :       ExpandSDKReferences;
       C:\Program Files\dotnet\sdk\9.0.308\Sdks\Microsoft.NET.Sdk\targets\Microsoft.NET.Sdk.FrameworkReferenceResolution.targets(14,5): message :     ;
       C:\Program Files\dotnet\sdk\9.0.308\Sdks\Microsoft.NET.Sdk\targets\Microsoft.NET.Sdk.FrameworkReferenceResolution.targets(14,5): message :       ResolvePackageDependenciesForBuild;
       C:\Program Files\dotnet\sdk\9.0.308\Sdks\Microsoft.NET.Sdk\targets\Microsoft.NET.Sdk.FrameworkReferenceResolution.targets(14,5): message :       _HandlePackageFileConflicts;
       C:\Program Files\dotnet\sdk\9.0.308\Sdks\Microsoft.NET.Sdk\targets\Microsoft.NET.Sdk.FrameworkReferenceResolution.targets(14,5): message :     ;
       C:\Program Files\dotnet\sdk\9.0.308\Sdks\Microsoft.NET.Sdk\targets\Microsoft.NET.Sdk.FrameworkReferenceResolution.targets(14,5): message :       ResolveTargetingPackAssets;
       C:\Program Files\dotnet\sdk\9.0.308\Sdks\Microsoft.NET.Sdk\targets\Microsoft.NET.Sdk.FrameworkReferenceResolution.targets(14,5): message :     " (önceki değer: "
       C:\Program Files\dotnet\sdk\9.0.308\Sdks\Microsoft.NET.Sdk\targets\Microsoft.NET.Sdk.FrameworkReferenceResolution.targets(14,5): message :       
       C:\Program Files\dotnet\sdk\9.0.308\Sdks\Microsoft.NET.Sdk\targets\Microsoft.NET.Sdk.FrameworkReferenceResolution.targets(14,5): message :       ResolveProjectReferences;
       C:\Program Files\dotnet\sdk\9.0.308\Sdks\Microsoft.NET.Sdk\targets\Microsoft.NET.Sdk.FrameworkReferenceResolution.targets(14,5): message :       FindInvalidProjectReferences;
       C:\Program Files\dotnet\sdk\9.0.308\Sdks\Microsoft.NET.Sdk\targets\Microsoft.NET.Sdk.FrameworkReferenceResolution.targets(14,5): message :       GetFrameworkPaths;
       C:\Program Files\dotnet\sdk\9.0.308\Sdks\Microsoft.NET.Sdk\targets\Microsoft.NET.Sdk.FrameworkReferenceResolution.targets(14,5): message :       GetReferenceAssemblyPaths;
       C:\Program Files\dotnet\sdk\9.0.308\Sdks\Microsoft.NET.Sdk\targets\Microsoft.NET.Sdk.FrameworkReferenceResolution.targets(14,5): message :       PrepareForBuild;
       C:\Program Files\dotnet\sdk\9.0.308\Sdks\Microsoft.NET.Sdk\targets\Microsoft.NET.Sdk.FrameworkReferenceResolution.targets(14,5): message :       ResolveSDKReferences;
       C:\Program Files\dotnet\sdk\9.0.308\Sdks\Microsoft.NET.Sdk\targets\Microsoft.NET.Sdk.FrameworkReferenceResolution.targets(14,5): message :       ExpandSDKReferences;
       C:\Program Files\dotnet\sdk\9.0.308\Sdks\Microsoft.NET.Sdk\targets\Microsoft.NET.Sdk.FrameworkReferenceResolution.targets(14,5): message :     ;
       C:\Program Files\dotnet\sdk\9.0.308\Sdks\Microsoft.NET.Sdk\targets\Microsoft.NET.Sdk.FrameworkReferenceResolution.targets(14,5): message :       ResolvePackageDependenciesForBuild;
       C:\Program Files\dotnet\sdk\9.0.308\Sdks\Microsoft.NET.Sdk\targets\Microsoft.NET.Sdk.FrameworkReferenceResolution.targets(14,5): message :       _HandlePackageFileConflicts;
       C:\Program Files\dotnet\sdk\9.0.308\Sdks\Microsoft.NET.Sdk\targets\Microsoft.NET.Sdk.FrameworkReferenceResolution.targets(14,5): message :     ") konum: C:\Program Files\dotnet\sdk\9.0.308\Sdks\Microsoft.NET.Sdk\targets\Microsoft.NET.Sdk.FrameworkReferenceResolution.targets (14,5)
       C:\Program Files\dotnet\sdk\9.0.308\Sdks\Microsoft.NET.Sdk\targets\Microsoft.NET.Sdk.targets(44,5): message : Özellik yeniden ataması: $(_GenerateRuntimeConfigurationPropertyInputsCache)="c:\Users\Muhammet\Documents\GitHub\Wonderland-Private-Server\RCLibrary\obj\Debug\net462\RCLibrary.genruntimeconfig.cache" (önceki değer: "obj\Debug\net462\RCLibrary.genruntimeconfig.cache") konum: C:\Program Files\dotnet\sdk\9.0.308\Sdks\Microsoft.NET.Sdk\targets\Microsoft.NET.Sdk.targets (44,5)
       C:\Program Files\dotnet\sdk\9.0.308\Sdks\Microsoft.NET.Sdk\targets\Microsoft.NET.Sdk.targets(46,5): message : Özellik yeniden ataması: $(_GeneratePublishDependencyFilePropertyInputsCache)="c:\Users\Muhammet\Documents\GitHub\Wonderland-Private-Server\RCLibrary\obj\Debug\net462\RCLibrary.genpublishdeps.cache" (önceki değer: "obj\Debug\net462\RCLibrary.genpublishdeps.cache") konum: C:\Program Files\dotnet\sdk\9.0.308\Sdks\Microsoft.NET.Sdk\targets\Microsoft.NET.Sdk.targets (46,5)
       C:\Program Files\dotnet\sdk\9.0.308\Sdks\Microsoft.NET.Sdk\targets\Microsoft.NET.Sdk.targets(48,5): message : Özellik yeniden ataması: $(_GenerateSingleFileBundlePropertyInputsCache)="c:\Users\Muhammet\Documents\GitHub\Wonderland-Private-Server\RCLibrary\obj\Debug\net462\RCLibrary.genbundle.cache" (önceki değer: "obj\Debug\net462\RCLibrary.genbundle.cache") konum: C:\Program Files\dotnet\sdk\9.0.308\Sdks\Microsoft.NET.Sdk\targets\Microsoft.NET.Sdk.targets (48,5)
       C:\Program Files\dotnet\sdk\9.0.308\Sdks\Microsoft.NET.Sdk\targets\Microsoft.NET.Sdk.targets(97,5): message : Özellik yeniden ataması: $(_DefaultUserProfileRuntimeStorePath)="C:\Users\Muhammet" (önceki değer: "") konum: C:\Program Files\dotnet\sdk\9.0.308\Sdks\Microsoft.NET.Sdk\targets\Microsoft.NET.Sdk.targets (97,5)
       C:\Program Files\dotnet\sdk\9.0.308\Sdks\Microsoft.NET.Sdk\targets\Microsoft.NET.Sdk.targets(98,5): message : Özellik yeniden ataması: $(_DefaultUserProfileRuntimeStorePath)="C:\Users\Muhammet\.dotnet\store" (önceki değer: "C:\Users\Muhammet") konum: C:\Program Files\dotnet\sdk\9.0.308\Sdks\Microsoft.NET.Sdk\targets\Microsoft.NET.Sdk.targets (98,5)
       C:\Program Files\dotnet\sdk\9.0.308\Sdks\Microsoft.NET.Sdk\targets\Microsoft.NET.Sdk.targets(201,5): message : Özellik yeniden ataması: $(CoreBuildDependsOn)="
       C:\Program Files\dotnet\sdk\9.0.308\Sdks\Microsoft.NET.Sdk\targets\Microsoft.NET.Sdk.targets(201,5): message :       _CheckForBuildWithNoBuild;
       C:\Program Files\dotnet\sdk\9.0.308\Sdks\Microsoft.NET.Sdk\targets\Microsoft.NET.Sdk.targets(201,5): message :       
       C:\Program Files\dotnet\sdk\9.0.308\Sdks\Microsoft.NET.Sdk\targets\Microsoft.NET.Sdk.targets(201,5): message :       BuildOnlySettings;
       C:\Program Files\dotnet\sdk\9.0.308\Sdks\Microsoft.NET.Sdk\targets\Microsoft.NET.Sdk.targets(201,5): message :       PrepareForBuild;
       C:\Program Files\dotnet\sdk\9.0.308\Sdks\Microsoft.NET.Sdk\targets\Microsoft.NET.Sdk.targets(201,5): message :       PreBuildEvent;
       C:\Program Files\dotnet\sdk\9.0.308\Sdks\Microsoft.NET.Sdk\targets\Microsoft.NET.Sdk.targets(201,5): message :       ResolveReferences;
       C:\Program Files\dotnet\sdk\9.0.308\Sdks\Microsoft.NET.Sdk\targets\Microsoft.NET.Sdk.targets(201,5): message :       PrepareResources;
       C:\Program Files\dotnet\sdk\9.0.308\Sdks\Microsoft.NET.Sdk\targets\Microsoft.NET.Sdk.targets(201,5): message :       ResolveKeySource;
       C:\Program Files\dotnet\sdk\9.0.308\Sdks\Microsoft.NET.Sdk\targets\Microsoft.NET.Sdk.targets(201,5): message :       Compile;
       C:\Program Files\dotnet\sdk\9.0.308\Sdks\Microsoft.NET.Sdk\targets\Microsoft.NET.Sdk.targets(201,5): message :       ExportWindowsMDFile;
       C:\Program Files\dotnet\sdk\9.0.308\Sdks\Microsoft.NET.Sdk\targets\Microsoft.NET.Sdk.targets(201,5): message :       UnmanagedUnregistration;
       C:\Program Files\dotnet\sdk\9.0.308\Sdks\Microsoft.NET.Sdk\targets\Microsoft.NET.Sdk.targets(201,5): message :       GenerateSerializationAssemblies;
       C:\Program Files\dotnet\sdk\9.0.308\Sdks\Microsoft.NET.Sdk\targets\Microsoft.NET.Sdk.targets(201,5): message :       CreateSatelliteAssemblies;
       C:\Program Files\dotnet\sdk\9.0.308\Sdks\Microsoft.NET.Sdk\targets\Microsoft.NET.Sdk.targets(201,5): message :       GenerateManifests;
       C:\Program Files\dotnet\sdk\9.0.308\Sdks\Microsoft.NET.Sdk\targets\Microsoft.NET.Sdk.targets(201,5): message :       GetTargetPath;
       C:\Program Files\dotnet\sdk\9.0.308\Sdks\Microsoft.NET.Sdk\targets\Microsoft.NET.Sdk.targets(201,5): message :       PrepareForRun;
       C:\Program Files\dotnet\sdk\9.0.308\Sdks\Microsoft.NET.Sdk\targets\Microsoft.NET.Sdk.targets(201,5): message :       UnmanagedRegistration;
       C:\Program Files\dotnet\sdk\9.0.308\Sdks\Microsoft.NET.Sdk\targets\Microsoft.NET.Sdk.targets(201,5): message :       IncrementalClean;
       C:\Program Files\dotnet\sdk\9.0.308\Sdks\Microsoft.NET.Sdk\targets\Microsoft.NET.Sdk.targets(201,5): message :       PostBuildEvent
       C:\Program Files\dotnet\sdk\9.0.308\Sdks\Microsoft.NET.Sdk\targets\Microsoft.NET.Sdk.targets(201,5): message :     ;
       C:\Program Files\dotnet\sdk\9.0.308\Sdks\Microsoft.NET.Sdk\targets\Microsoft.NET.Sdk.targets(201,5): message :       GenerateBuildDependencyFile;
       C:\Program Files\dotnet\sdk\9.0.308\Sdks\Microsoft.NET.Sdk\targets\Microsoft.NET.Sdk.targets(201,5): message :       GenerateBuildRuntimeConfigurationFiles
       C:\Program Files\dotnet\sdk\9.0.308\Sdks\Microsoft.NET.Sdk\targets\Microsoft.NET.Sdk.targets(201,5): message :     " (önceki değer: "
       C:\Program Files\dotnet\sdk\9.0.308\Sdks\Microsoft.NET.Sdk\targets\Microsoft.NET.Sdk.targets(201,5): message :       BuildOnlySettings;
       C:\Program Files\dotnet\sdk\9.0.308\Sdks\Microsoft.NET.Sdk\targets\Microsoft.NET.Sdk.targets(201,5): message :       PrepareForBuild;
       C:\Program Files\dotnet\sdk\9.0.308\Sdks\Microsoft.NET.Sdk\targets\Microsoft.NET.Sdk.targets(201,5): message :       PreBuildEvent;
       C:\Program Files\dotnet\sdk\9.0.308\Sdks\Microsoft.NET.Sdk\targets\Microsoft.NET.Sdk.targets(201,5): message :       ResolveReferences;
       C:\Program Files\dotnet\sdk\9.0.308\Sdks\Microsoft.NET.Sdk\targets\Microsoft.NET.Sdk.targets(201,5): message :       PrepareResources;
       C:\Program Files\dotnet\sdk\9.0.308\Sdks\Microsoft.NET.Sdk\targets\Microsoft.NET.Sdk.targets(201,5): message :       ResolveKeySource;
       C:\Program Files\dotnet\sdk\9.0.308\Sdks\Microsoft.NET.Sdk\targets\Microsoft.NET.Sdk.targets(201,5): message :       Compile;
       C:\Program Files\dotnet\sdk\9.0.308\Sdks\Microsoft.NET.Sdk\targets\Microsoft.NET.Sdk.targets(201,5): message :       ExportWindowsMDFile;
       C:\Program Files\dotnet\sdk\9.0.308\Sdks\Microsoft.NET.Sdk\targets\Microsoft.NET.Sdk.targets(201,5): message :       UnmanagedUnregistration;
       C:\Program Files\dotnet\sdk\9.0.308\Sdks\Microsoft.NET.Sdk\targets\Microsoft.NET.Sdk.targets(201,5): message :       GenerateSerializationAssemblies;
       C:\Program Files\dotnet\sdk\9.0.308\Sdks\Microsoft.NET.Sdk\targets\Microsoft.NET.Sdk.targets(201,5): message :       CreateSatelliteAssemblies;
       C:\Program Files\dotnet\sdk\9.0.308\Sdks\Microsoft.NET.Sdk\targets\Microsoft.NET.Sdk.targets(201,5): message :       GenerateManifests;
       C:\Program Files\dotnet\sdk\9.0.308\Sdks\Microsoft.NET.Sdk\targets\Microsoft.NET.Sdk.targets(201,5): message :       GetTargetPath;
       C:\Program Files\dotnet\sdk\9.0.308\Sdks\Microsoft.NET.Sdk\targets\Microsoft.NET.Sdk.targets(201,5): message :       PrepareForRun;
       C:\Program Files\dotnet\sdk\9.0.308\Sdks\Microsoft.NET.Sdk\targets\Microsoft.NET.Sdk.targets(201,5): message :       UnmanagedRegistration;
       C:\Program Files\dotnet\sdk\9.0.308\Sdks\Microsoft.NET.Sdk\targets\Microsoft.NET.Sdk.targets(201,5): message :       IncrementalClean;
       C:\Program Files\dotnet\sdk\9.0.308\Sdks\Microsoft.NET.Sdk\targets\Microsoft.NET.Sdk.targets(201,5): message :       PostBuildEvent
       C:\Program Files\dotnet\sdk\9.0.308\Sdks\Microsoft.NET.Sdk\targets\Microsoft.NET.Sdk.targets(201,5): message :     ") konum: C:\Program Files\dotnet\sdk\9.0.308\Sdks\Microsoft.NET.Sdk\targets\Microsoft.NET.Sdk.targets (201,5)
       C:\Program Files\dotnet\sdk\9.0.308\Sdks\Microsoft.NET.Sdk\targets\Microsoft.NET.Sdk.targets(210,5): message : Özellik yeniden ataması: $(CoreCleanDependsOn)="
       C:\Program Files\dotnet\sdk\9.0.308\Sdks\Microsoft.NET.Sdk\targets\Microsoft.NET.Sdk.targets(210,5): message :       _SdkBeforeClean;
       C:\Program Files\dotnet\sdk\9.0.308\Sdks\Microsoft.NET.Sdk\targets\Microsoft.NET.Sdk.targets(210,5): message :       
       C:\Program Files\dotnet\sdk\9.0.308\Sdks\Microsoft.NET.Sdk\targets\Microsoft.NET.Sdk.targets(210,5): message :     " (önceki değer: "") konum: C:\Program Files\dotnet\sdk\9.0.308\Sdks\Microsoft.NET.Sdk\targets\Microsoft.NET.Sdk.targets (210,5)
       C:\Program Files\dotnet\sdk\9.0.308\Sdks\Microsoft.NET.Sdk\targets\Microsoft.NET.Sdk.targets(217,5): message : Özellik yeniden ataması: $(RebuildDependsOn)="
       C:\Program Files\dotnet\sdk\9.0.308\Sdks\Microsoft.NET.Sdk\targets\Microsoft.NET.Sdk.targets(217,5): message :       _SdkBeforeRebuild;
       C:\Program Files\dotnet\sdk\9.0.308\Sdks\Microsoft.NET.Sdk\targets\Microsoft.NET.Sdk.targets(217,5): message :       
       C:\Program Files\dotnet\sdk\9.0.308\Sdks\Microsoft.NET.Sdk\targets\Microsoft.NET.Sdk.targets(217,5): message :       BeforeRebuild;
       C:\Program Files\dotnet\sdk\9.0.308\Sdks\Microsoft.NET.Sdk\targets\Microsoft.NET.Sdk.targets(217,5): message :       Clean;
       C:\Program Files\dotnet\sdk\9.0.308\Sdks\Microsoft.NET.Sdk\targets\Microsoft.NET.Sdk.targets(217,5): message :       Build;
       C:\Program Files\dotnet\sdk\9.0.308\Sdks\Microsoft.NET.Sdk\targets\Microsoft.NET.Sdk.targets(217,5): message :       AfterRebuild;
       C:\Program Files\dotnet\sdk\9.0.308\Sdks\Microsoft.NET.Sdk\targets\Microsoft.NET.Sdk.targets(217,5): message :     
       C:\Program Files\dotnet\sdk\9.0.308\Sdks\Microsoft.NET.Sdk\targets\Microsoft.NET.Sdk.targets(217,5): message :     " (önceki değer: "
       C:\Program Files\dotnet\sdk\9.0.308\Sdks\Microsoft.NET.Sdk\targets\Microsoft.NET.Sdk.targets(217,5): message :       BeforeRebuild;
       C:\Program Files\dotnet\sdk\9.0.308\Sdks\Microsoft.NET.Sdk\targets\Microsoft.NET.Sdk.targets(217,5): message :       Clean;
       C:\Program Files\dotnet\sdk\9.0.308\Sdks\Microsoft.NET.Sdk\targets\Microsoft.NET.Sdk.targets(217,5): message :       Build;
       C:\Program Files\dotnet\sdk\9.0.308\Sdks\Microsoft.NET.Sdk\targets\Microsoft.NET.Sdk.targets(217,5): message :       AfterRebuild;
       C:\Program Files\dotnet\sdk\9.0.308\Sdks\Microsoft.NET.Sdk\targets\Microsoft.NET.Sdk.targets(217,5): message :     ") konum: C:\Program Files\dotnet\sdk\9.0.308\Sdks\Microsoft.NET.Sdk\targets\Microsoft.NET.Sdk.targets (217,5)
       C:\Program Files\dotnet\sdk\9.0.308\Sdks\Microsoft.NET.Sdk\targets\Microsoft.NET.Sdk.targets(784,5): message : Özellik yeniden ataması: $(CompileDependsOn)="
       C:\Program Files\dotnet\sdk\9.0.308\Sdks\Microsoft.NET.Sdk\targets\Microsoft.NET.Sdk.targets(784,5): message :       
       C:\Program Files\dotnet\sdk\9.0.308\Sdks\Microsoft.NET.Sdk\targets\Microsoft.NET.Sdk.targets(784,5): message :       ResolveReferences;
       C:\Program Files\dotnet\sdk\9.0.308\Sdks\Microsoft.NET.Sdk\targets\Microsoft.NET.Sdk.targets(784,5): message :       ResolveKeySource;
       C:\Program Files\dotnet\sdk\9.0.308\Sdks\Microsoft.NET.Sdk\targets\Microsoft.NET.Sdk.targets(784,5): message :       SetWin32ManifestProperties;
       C:\Program Files\dotnet\sdk\9.0.308\Sdks\Microsoft.NET.Sdk\targets\Microsoft.NET.Sdk.targets(784,5): message :       _SetPreferNativeArm64Win32ManifestProperties;
       C:\Program Files\dotnet\sdk\9.0.308\Sdks\Microsoft.NET.Sdk\targets\Microsoft.NET.Sdk.targets(784,5): message :       FindReferenceAssembliesForReferences;
       C:\Program Files\dotnet\sdk\9.0.308\Sdks\Microsoft.NET.Sdk\targets\Microsoft.NET.Sdk.targets(784,5): message :       _GenerateCompileInputs;
       C:\Program Files\dotnet\sdk\9.0.308\Sdks\Microsoft.NET.Sdk\targets\Microsoft.NET.Sdk.targets(784,5): message :       BeforeCompile;
       C:\Program Files\dotnet\sdk\9.0.308\Sdks\Microsoft.NET.Sdk\targets\Microsoft.NET.Sdk.targets(784,5): message :       _TimeStampBeforeCompile;
       C:\Program Files\dotnet\sdk\9.0.308\Sdks\Microsoft.NET.Sdk\targets\Microsoft.NET.Sdk.targets(784,5): message :       _GenerateCompileDependencyCache;
       C:\Program Files\dotnet\sdk\9.0.308\Sdks\Microsoft.NET.Sdk\targets\Microsoft.NET.Sdk.targets(784,5): message :       CoreCompile;
       C:\Program Files\dotnet\sdk\9.0.308\Sdks\Microsoft.NET.Sdk\targets\Microsoft.NET.Sdk.targets(784,5): message :       _TimeStampAfterCompile;
       C:\Program Files\dotnet\sdk\9.0.308\Sdks\Microsoft.NET.Sdk\targets\Microsoft.NET.Sdk.targets(784,5): message :       AfterCompile;
       C:\Program Files\dotnet\sdk\9.0.308\Sdks\Microsoft.NET.Sdk\targets\Microsoft.NET.Sdk.targets(784,5): message :     ;
       C:\Program Files\dotnet\sdk\9.0.308\Sdks\Microsoft.NET.Sdk\targets\Microsoft.NET.Sdk.targets(784,5): message :       _CreateAppHost;
       C:\Program Files\dotnet\sdk\9.0.308\Sdks\Microsoft.NET.Sdk\targets\Microsoft.NET.Sdk.targets(784,5): message :       _CreateComHost;
       C:\Program Files\dotnet\sdk\9.0.308\Sdks\Microsoft.NET.Sdk\targets\Microsoft.NET.Sdk.targets(784,5): message :       _GetIjwHostPaths;
       C:\Program Files\dotnet\sdk\9.0.308\Sdks\Microsoft.NET.Sdk\targets\Microsoft.NET.Sdk.targets(784,5): message :     " (önceki değer: "
       C:\Program Files\dotnet\sdk\9.0.308\Sdks\Microsoft.NET.Sdk\targets\Microsoft.NET.Sdk.targets(784,5): message :       ResolveReferences;
       C:\Program Files\dotnet\sdk\9.0.308\Sdks\Microsoft.NET.Sdk\targets\Microsoft.NET.Sdk.targets(784,5): message :       ResolveKeySource;
       C:\Program Files\dotnet\sdk\9.0.308\Sdks\Microsoft.NET.Sdk\targets\Microsoft.NET.Sdk.targets(784,5): message :       SetWin32ManifestProperties;
       C:\Program Files\dotnet\sdk\9.0.308\Sdks\Microsoft.NET.Sdk\targets\Microsoft.NET.Sdk.targets(784,5): message :       _SetPreferNativeArm64Win32ManifestProperties;
       C:\Program Files\dotnet\sdk\9.0.308\Sdks\Microsoft.NET.Sdk\targets\Microsoft.NET.Sdk.targets(784,5): message :       FindReferenceAssembliesForReferences;
       C:\Program Files\dotnet\sdk\9.0.308\Sdks\Microsoft.NET.Sdk\targets\Microsoft.NET.Sdk.targets(784,5): message :       _GenerateCompileInputs;
       C:\Program Files\dotnet\sdk\9.0.308\Sdks\Microsoft.NET.Sdk\targets\Microsoft.NET.Sdk.targets(784,5): message :       BeforeCompile;
       C:\Program Files\dotnet\sdk\9.0.308\Sdks\Microsoft.NET.Sdk\targets\Microsoft.NET.Sdk.targets(784,5): message :       _TimeStampBeforeCompile;
       C:\Program Files\dotnet\sdk\9.0.308\Sdks\Microsoft.NET.Sdk\targets\Microsoft.NET.Sdk.targets(784,5): message :       _GenerateCompileDependencyCache;
       C:\Program Files\dotnet\sdk\9.0.308\Sdks\Microsoft.NET.Sdk\targets\Microsoft.NET.Sdk.targets(784,5): message :       CoreCompile;
       C:\Program Files\dotnet\sdk\9.0.308\Sdks\Microsoft.NET.Sdk\targets\Microsoft.NET.Sdk.targets(784,5): message :       _TimeStampAfterCompile;
       C:\Program Files\dotnet\sdk\9.0.308\Sdks\Microsoft.NET.Sdk\targets\Microsoft.NET.Sdk.targets(784,5): message :       AfterCompile;
       C:\Program Files\dotnet\sdk\9.0.308\Sdks\Microsoft.NET.Sdk\targets\Microsoft.NET.Sdk.targets(784,5): message :     ") konum: C:\Program Files\dotnet\sdk\9.0.308\Sdks\Microsoft.NET.Sdk\targets\Microsoft.NET.Sdk.targets (784,5)
       C:\Program Files\dotnet\sdk\9.0.308\Sdks\Microsoft.NET.Sdk\targets\Microsoft.NET.Sdk.targets(1184,5): message : Özellik yeniden ataması: $(CreateSatelliteAssembliesDependsOn)="
       C:\Program Files\dotnet\sdk\9.0.308\Sdks\Microsoft.NET.Sdk\targets\Microsoft.NET.Sdk.targets(1184,5): message :       
       C:\Program Files\dotnet\sdk\9.0.308\Sdks\Microsoft.NET.Sdk\targets\Microsoft.NET.Sdk.targets(1184,5): message :       ;
       C:\Program Files\dotnet\sdk\9.0.308\Sdks\Microsoft.NET.Sdk\targets\Microsoft.NET.Sdk.targets(1184,5): message :       _GenerateSatelliteAssemblyInputs;
       C:\Program Files\dotnet\sdk\9.0.308\Sdks\Microsoft.NET.Sdk\targets\Microsoft.NET.Sdk.targets(1184,5): message :       ComputeIntermediateSatelliteAssemblies;
       C:\Program Files\dotnet\sdk\9.0.308\Sdks\Microsoft.NET.Sdk\targets\Microsoft.NET.Sdk.targets(1184,5): message :       GenerateSatelliteAssemblies
       C:\Program Files\dotnet\sdk\9.0.308\Sdks\Microsoft.NET.Sdk\targets\Microsoft.NET.Sdk.targets(1184,5): message :     ;
       C:\Program Files\dotnet\sdk\9.0.308\Sdks\Microsoft.NET.Sdk\targets\Microsoft.NET.Sdk.targets(1184,5): message :       CoreGenerateSatelliteAssemblies
       C:\Program Files\dotnet\sdk\9.0.308\Sdks\Microsoft.NET.Sdk\targets\Microsoft.NET.Sdk.targets(1184,5): message :     " (önceki değer: "
       C:\Program Files\dotnet\sdk\9.0.308\Sdks\Microsoft.NET.Sdk\targets\Microsoft.NET.Sdk.targets(1184,5): message :       ;
       C:\Program Files\dotnet\sdk\9.0.308\Sdks\Microsoft.NET.Sdk\targets\Microsoft.NET.Sdk.targets(1184,5): message :       _GenerateSatelliteAssemblyInputs;
       C:\Program Files\dotnet\sdk\9.0.308\Sdks\Microsoft.NET.Sdk\targets\Microsoft.NET.Sdk.targets(1184,5): message :       ComputeIntermediateSatelliteAssemblies;
       C:\Program Files\dotnet\sdk\9.0.308\Sdks\Microsoft.NET.Sdk\targets\Microsoft.NET.Sdk.targets(1184,5): message :       GenerateSatelliteAssemblies
       C:\Program Files\dotnet\sdk\9.0.308\Sdks\Microsoft.NET.Sdk\targets\Microsoft.NET.Sdk.targets(1184,5): message :     ") konum: C:\Program Files\dotnet\sdk\9.0.308\Sdks\Microsoft.NET.Sdk\targets\Microsoft.NET.Sdk.targets (1184,5)
       C:\Program Files\dotnet\sdk\9.0.308\Sdks\Microsoft.SourceLink.GitLab\build\Microsoft.SourceLink.GitLab.targets(12,5): message : Özellik yeniden ataması: $(SourceLinkUrlInitializerTargets)=";_InitializeGitHubSourceLinkUrl;_InitializeGitLabSourceLinkUrl" (önceki değer: ";_InitializeGitHubSourceLinkUrl") konum: C:\Program Files\dotnet\sdk\9.0.308\Sdks\Microsoft.SourceLink.GitLab\build\Microsoft.SourceLink.GitLab.targets (12,5)
       C:\Program Files\dotnet\sdk\9.0.308\Sdks\Microsoft.SourceLink.GitLab\build\Microsoft.SourceLink.GitLab.targets(13,5): message : Özellik yeniden ataması: $(SourceControlManagerUrlTranslationTargets)=";TranslateGitHubUrlsInSourceControlInformation;TranslateGitLabUrlsInSourceControlInformation" (önceki değer: ";TranslateGitHubUrlsInSourceControlInformation") konum: C:\Program Files\dotnet\sdk\9.0.308\Sdks\Microsoft.SourceLink.GitLab\build\Microsoft.SourceLink.GitLab.targets (13,5)
       C:\Program Files\dotnet\sdk\9.0.308\Sdks\Microsoft.SourceLink.AzureRepos.Git\build\Microsoft.SourceLink.AzureRepos.Git.targets(12,5): message : Özellik yeniden ataması: $(SourceLinkUrlInitializerTargets)=";_InitializeGitHubSourceLinkUrl;_InitializeGitLabSourceLinkUrl;_InitializeAzureReposGitSourceLinkUrl" (önceki değer: ";_InitializeGitHubSourceLinkUrl;_InitializeGitLabSourceLinkUrl") konum: C:\Program Files\dotnet\sdk\9.0.308\Sdks\Microsoft.SourceLink.AzureRepos.Git\build\Microsoft.SourceLink.AzureRepos.Git.targets (12,5)
       C:\Program Files\dotnet\sdk\9.0.308\Sdks\Microsoft.SourceLink.AzureRepos.Git\build\Microsoft.SourceLink.AzureRepos.Git.targets(13,5): message : Özellik yeniden ataması: $(SourceControlManagerUrlTranslationTargets)=";TranslateGitHubUrlsInSourceControlInformation;TranslateGitLabUrlsInSourceControlInformation;TranslateAzureReposGitUrlsInSourceControlInformation" (önceki değer: ";TranslateGitHubUrlsInSourceControlInformation;TranslateGitLabUrlsInSourceControlInformation") konum: C:\Program Files\dotnet\sdk\9.0.308\Sdks\Microsoft.SourceLink.AzureRepos.Git\build\Microsoft.SourceLink.AzureRepos.Git.targets (13,5)
       C:\Program Files\dotnet\sdk\9.0.308\Sdks\Microsoft.SourceLink.Bitbucket.Git\build\Microsoft.SourceLink.Bitbucket.Git.targets(12,5): message : Özellik yeniden ataması: $(SourceLinkUrlInitializerTargets)=";_InitializeGitHubSourceLinkUrl;_InitializeGitLabSourceLinkUrl;_InitializeAzureReposGitSourceLinkUrl;_InitializeBitbucketGitSourceLinkUrl" (önceki değer: ";_InitializeGitHubSourceLinkUrl;_InitializeGitLabSourceLinkUrl;_InitializeAzureReposGitSourceLinkUrl") konum: C:\Program Files\dotnet\sdk\9.0.308\Sdks\Microsoft.SourceLink.Bitbucket.Git\build\Microsoft.SourceLink.Bitbucket.Git.targets (12,5)
       C:\Program Files\dotnet\sdk\9.0.308\Sdks\Microsoft.SourceLink.Bitbucket.Git\build\Microsoft.SourceLink.Bitbucket.Git.targets(13,5): message : Özellik yeniden ataması: $(SourceControlManagerUrlTranslationTargets)=";TranslateGitHubUrlsInSourceControlInformation;TranslateGitLabUrlsInSourceControlInformation;TranslateAzureReposGitUrlsInSourceControlInformation;TranslateBitbucketGitUrlsInSourceControlInformation" (önceki değer: ";TranslateGitHubUrlsInSourceControlInformation;TranslateGitLabUrlsInSourceControlInformation;TranslateAzureReposGitUrlsInSourceControlInformation") konum: C:\Program Files\dotnet\sdk\9.0.308\Sdks\Microsoft.SourceLink.Bitbucket.Git\build\Microsoft.SourceLink.Bitbucket.Git.targets (13,5)
       C:\Program Files\dotnet\sdk\9.0.308\Sdks\Microsoft.NET.Sdk\targets\Microsoft.NET.DesignerSupport.targets(21,5): message : Özellik yeniden ataması: $(DesignerRuntimeImplementationProjectOutputGroupDependsOn)="
       C:\Program Files\dotnet\sdk\9.0.308\Sdks\Microsoft.NET.Sdk\targets\Microsoft.NET.DesignerSupport.targets(21,5): message :       
       C:\Program Files\dotnet\sdk\9.0.308\Sdks\Microsoft.NET.Sdk\targets\Microsoft.NET.DesignerSupport.targets(21,5): message :       ;
       C:\Program Files\dotnet\sdk\9.0.308\Sdks\Microsoft.NET.Sdk\targets\Microsoft.NET.DesignerSupport.targets(21,5): message :       
       C:\Program Files\dotnet\sdk\9.0.308\Sdks\Microsoft.NET.Sdk\targets\Microsoft.NET.DesignerSupport.targets(21,5): message :       ;
       C:\Program Files\dotnet\sdk\9.0.308\Sdks\Microsoft.NET.Sdk\targets\Microsoft.NET.DesignerSupport.targets(21,5): message :       BuildOnlySettings;
       C:\Program Files\dotnet\sdk\9.0.308\Sdks\Microsoft.NET.Sdk\targets\Microsoft.NET.DesignerSupport.targets(21,5): message :       PrepareForBuild;
       C:\Program Files\dotnet\sdk\9.0.308\Sdks\Microsoft.NET.Sdk\targets\Microsoft.NET.DesignerSupport.targets(21,5): message :       AssignTargetPaths;
       C:\Program Files\dotnet\sdk\9.0.308\Sdks\Microsoft.NET.Sdk\targets\Microsoft.NET.DesignerSupport.targets(21,5): message :       ResolveReferences
       C:\Program Files\dotnet\sdk\9.0.308\Sdks\Microsoft.NET.Sdk\targets\Microsoft.NET.DesignerSupport.targets(21,5): message :     
       C:\Program Files\dotnet\sdk\9.0.308\Sdks\Microsoft.NET.Sdk\targets\Microsoft.NET.DesignerSupport.targets(21,5): message :     ;
       C:\Program Files\dotnet\sdk\9.0.308\Sdks\Microsoft.NET.Sdk\targets\Microsoft.NET.DesignerSupport.targets(21,5): message :       _GenerateDesignerDepsFile;
       C:\Program Files\dotnet\sdk\9.0.308\Sdks\Microsoft.NET.Sdk\targets\Microsoft.NET.DesignerSupport.targets(21,5): message :       _GenerateDesignerRuntimeConfigFile;
       C:\Program Files\dotnet\sdk\9.0.308\Sdks\Microsoft.NET.Sdk\targets\Microsoft.NET.DesignerSupport.targets(21,5): message :       GetCopyToOutputDirectoryItems;
       C:\Program Files\dotnet\sdk\9.0.308\Sdks\Microsoft.NET.Sdk\targets\Microsoft.NET.DesignerSupport.targets(21,5): message :       _GatherDesignerShadowCopyFiles;
       C:\Program Files\dotnet\sdk\9.0.308\Sdks\Microsoft.NET.Sdk\targets\Microsoft.NET.DesignerSupport.targets(21,5): message :     " (önceki değer: "
       C:\Program Files\dotnet\sdk\9.0.308\Sdks\Microsoft.NET.Sdk\targets\Microsoft.NET.DesignerSupport.targets(21,5): message :       ;
       C:\Program Files\dotnet\sdk\9.0.308\Sdks\Microsoft.NET.Sdk\targets\Microsoft.NET.DesignerSupport.targets(21,5): message :       
       C:\Program Files\dotnet\sdk\9.0.308\Sdks\Microsoft.NET.Sdk\targets\Microsoft.NET.DesignerSupport.targets(21,5): message :       ;
       C:\Program Files\dotnet\sdk\9.0.308\Sdks\Microsoft.NET.Sdk\targets\Microsoft.NET.DesignerSupport.targets(21,5): message :       BuildOnlySettings;
       C:\Program Files\dotnet\sdk\9.0.308\Sdks\Microsoft.NET.Sdk\targets\Microsoft.NET.DesignerSupport.targets(21,5): message :       PrepareForBuild;
       C:\Program Files\dotnet\sdk\9.0.308\Sdks\Microsoft.NET.Sdk\targets\Microsoft.NET.DesignerSupport.targets(21,5): message :       AssignTargetPaths;
       C:\Program Files\dotnet\sdk\9.0.308\Sdks\Microsoft.NET.Sdk\targets\Microsoft.NET.DesignerSupport.targets(21,5): message :       ResolveReferences
       C:\Program Files\dotnet\sdk\9.0.308\Sdks\Microsoft.NET.Sdk\targets\Microsoft.NET.DesignerSupport.targets(21,5): message :     
       C:\Program Files\dotnet\sdk\9.0.308\Sdks\Microsoft.NET.Sdk\targets\Microsoft.NET.DesignerSupport.targets(21,5): message :     ") konum: C:\Program Files\dotnet\sdk\9.0.308\Sdks\Microsoft.NET.Sdk\targets\Microsoft.NET.DesignerSupport.targets (21,5)
       C:\Program Files\dotnet\sdk\9.0.308\Sdks\Microsoft.NET.Sdk\targets\Microsoft.NET.PackTool.targets(68,5): message : Özellik yeniden ataması: $(_GenerateToolsSettingsFileCacheFile)="c:\Users\Muhammet\Documents\GitHub\Wonderland-Private-Server\RCLibrary\obj\Debug\net462\RCLibrary.toolssettingsinput.cache" (önceki değer: "obj\Debug\net462\RCLibrary.toolssettingsinput.cache") konum: C:\Program Files\dotnet\sdk\9.0.308\Sdks\Microsoft.NET.Sdk\targets\Microsoft.NET.PackTool.targets (68,5)
       C:\Program Files\dotnet\sdk\9.0.308\Sdks\Microsoft.NET.Sdk\targets\Microsoft.NET.PackTool.targets(137,5): message : Özellik yeniden ataması: $(_ShimInputCacheFile)="c:\Users\Muhammet\Documents\GitHub\Wonderland-Private-Server\RCLibrary\obj\Debug\net462\RCLibrary.shiminput.cache" (önceki değer: "obj\Debug\net462\RCLibrary.shiminput.cache") konum: C:\Program Files\dotnet\sdk\9.0.308\Sdks\Microsoft.NET.Sdk\targets\Microsoft.NET.PackTool.targets (137,5)
       C:\Program Files\dotnet\sdk\9.0.308\Sdks\Microsoft.NET.Sdk\targets\Microsoft.NET.PackTool.targets(139,5): message : Özellik yeniden ataması: $(_ShimCreatedSentinelFile)="c:\Users\Muhammet\Documents\GitHub\Wonderland-Private-Server\RCLibrary\obj\Debug\net462\RCLibrary.shimcreated.sentinel" (önceki değer: "obj\Debug\net462\RCLibrary.shimcreated.sentinel") konum: C:\Program Files\dotnet\sdk\9.0.308\Sdks\Microsoft.NET.Sdk\targets\Microsoft.NET.PackTool.targets (139,5)
       C:\Program Files\dotnet\sdk\9.0.308\Sdks\Microsoft.NET.Sdk\targets\Microsoft.NET.Sdk.CSharp.targets(31,5): message : Özellik yeniden ataması: $(DefineConstants)="TRACE;DEBUG" (önceki değer: "TRACE") konum: C:\Program Files\dotnet\sdk\9.0.308\Sdks\Microsoft.NET.Sdk\targets\Microsoft.NET.Sdk.CSharp.targets (31,5)
       C:\Program Files\dotnet\sdk\9.0.308\Sdks\Microsoft.NET.Sdk\targets\Microsoft.NET.Sdk.CSharp.targets(34,5): message : Özellik yeniden ataması: $(DefineConstants)="TRACE;DEBUG;NETFRAMEWORK;NET462;" (önceki değer: "TRACE;DEBUG") konum: C:\Program Files\dotnet\sdk\9.0.308\Sdks\Microsoft.NET.Sdk\targets\Microsoft.NET.Sdk.CSharp.targets (34,5)
       C:\Program Files\dotnet\sdk\9.0.308\Sdks\Microsoft.NET.Sdk\targets\Microsoft.NET.Windows.targets(44,5): message : Özellik yeniden ataması: $(SupportedOSPlatformVersion)="7.0" (önceki değer: "") konum: C:\Program Files\dotnet\sdk\9.0.308\Sdks\Microsoft.NET.Sdk\targets\Microsoft.NET.Windows.targets (44,5)
       C:\Program Files\dotnet\sdk\9.0.308\Sdks\Microsoft.NET.Sdk\targets\Microsoft.NET.Windows.targets(45,5): message : Özellik yeniden ataması: $(TargetPlatformMinVersion)="7.0" (önceki değer: "") konum: C:\Program Files\dotnet\sdk\9.0.308\Sdks\Microsoft.NET.Sdk\targets\Microsoft.NET.Windows.targets (45,5)
       C:\Program Files\dotnet\sdk\9.0.308\Sdks\Microsoft.NET.Sdk.WindowsDesktop\targets\Microsoft.NET.Sdk.WindowsDesktop.targets(51,5): message : Özellik yeniden ataması: $(_TargetFrameworkVersionValue)="4.6.2" (önceki değer: "0.0") konum: C:\Program Files\dotnet\sdk\9.0.308\Sdks\Microsoft.NET.Sdk.WindowsDesktop\targets\Microsoft.NET.Sdk.WindowsDesktop.targets (51,5)
       C:\Program Files\dotnet\sdk\9.0.308\Sdks\Microsoft.NET.Sdk.WindowsDesktop\targets\Microsoft.WinFX.targets(61,7): message : Özellik yeniden ataması: $(PrepareResourceNamesDependsOn)="
       C:\Program Files\dotnet\sdk\9.0.308\Sdks\Microsoft.NET.Sdk.WindowsDesktop\targets\Microsoft.WinFX.targets(61,7): message :                     AssignWinFXEmbeddedResource;
       C:\Program Files\dotnet\sdk\9.0.308\Sdks\Microsoft.NET.Sdk.WindowsDesktop\targets\Microsoft.WinFX.targets(61,7): message :                     
       C:\Program Files\dotnet\sdk\9.0.308\Sdks\Microsoft.NET.Sdk.WindowsDesktop\targets\Microsoft.WinFX.targets(61,7): message :       AssignTargetPaths;
       C:\Program Files\dotnet\sdk\9.0.308\Sdks\Microsoft.NET.Sdk.WindowsDesktop\targets\Microsoft.WinFX.targets(61,7): message :       SplitResourcesByCulture;
       C:\Program Files\dotnet\sdk\9.0.308\Sdks\Microsoft.NET.Sdk.WindowsDesktop\targets\Microsoft.WinFX.targets(61,7): message :       CreateManifestResourceNames;
       C:\Program Files\dotnet\sdk\9.0.308\Sdks\Microsoft.NET.Sdk.WindowsDesktop\targets\Microsoft.WinFX.targets(61,7): message :       CreateCustomManifestResourceNames
       C:\Program Files\dotnet\sdk\9.0.308\Sdks\Microsoft.NET.Sdk.WindowsDesktop\targets\Microsoft.WinFX.targets(61,7): message :     
       C:\Program Files\dotnet\sdk\9.0.308\Sdks\Microsoft.NET.Sdk.WindowsDesktop\targets\Microsoft.WinFX.targets(61,7): message :       " (önceki değer: "
       C:\Program Files\dotnet\sdk\9.0.308\Sdks\Microsoft.NET.Sdk.WindowsDesktop\targets\Microsoft.WinFX.targets(61,7): message :       AssignTargetPaths;
       C:\Program Files\dotnet\sdk\9.0.308\Sdks\Microsoft.NET.Sdk.WindowsDesktop\targets\Microsoft.WinFX.targets(61,7): message :       SplitResourcesByCulture;
       C:\Program Files\dotnet\sdk\9.0.308\Sdks\Microsoft.NET.Sdk.WindowsDesktop\targets\Microsoft.WinFX.targets(61,7): message :       CreateManifestResourceNames;
       C:\Program Files\dotnet\sdk\9.0.308\Sdks\Microsoft.NET.Sdk.WindowsDesktop\targets\Microsoft.WinFX.targets(61,7): message :       CreateCustomManifestResourceNames
       C:\Program Files\dotnet\sdk\9.0.308\Sdks\Microsoft.NET.Sdk.WindowsDesktop\targets\Microsoft.WinFX.targets(61,7): message :     ") konum: C:\Program Files\dotnet\sdk\9.0.308\Sdks\Microsoft.NET.Sdk.WindowsDesktop\targets\Microsoft.WinFX.targets (61,7)
       C:\Program Files\dotnet\sdk\9.0.308\Sdks\Microsoft.NET.Sdk.WindowsDesktop\targets\Microsoft.WinFX.targets(69,7): message : Özellik yeniden ataması: $(PrepareResourcesDependsOn)="
       C:\Program Files\dotnet\sdk\9.0.308\Sdks\Microsoft.NET.Sdk.WindowsDesktop\targets\Microsoft.WinFX.targets(69,7): message :                 MarkupCompilePass1;
       C:\Program Files\dotnet\sdk\9.0.308\Sdks\Microsoft.NET.Sdk.WindowsDesktop\targets\Microsoft.WinFX.targets(69,7): message :                 AfterMarkupCompilePass1;
       C:\Program Files\dotnet\sdk\9.0.308\Sdks\Microsoft.NET.Sdk.WindowsDesktop\targets\Microsoft.WinFX.targets(69,7): message :                 MarkupCompilePass2ForMainAssembly;
       C:\Program Files\dotnet\sdk\9.0.308\Sdks\Microsoft.NET.Sdk.WindowsDesktop\targets\Microsoft.WinFX.targets(69,7): message :                 FileClassification;
       C:\Program Files\dotnet\sdk\9.0.308\Sdks\Microsoft.NET.Sdk.WindowsDesktop\targets\Microsoft.WinFX.targets(69,7): message :                 MainResourcesGeneration;
       C:\Program Files\dotnet\sdk\9.0.308\Sdks\Microsoft.NET.Sdk.WindowsDesktop\targets\Microsoft.WinFX.targets(69,7): message :                 
       C:\Program Files\dotnet\sdk\9.0.308\Sdks\Microsoft.NET.Sdk.WindowsDesktop\targets\Microsoft.WinFX.targets(69,7): message :       ResolvePackageDependenciesForBuild;
       C:\Program Files\dotnet\sdk\9.0.308\Sdks\Microsoft.NET.Sdk.WindowsDesktop\targets\Microsoft.WinFX.targets(69,7): message :       _HandlePackageFileConflicts;
       C:\Program Files\dotnet\sdk\9.0.308\Sdks\Microsoft.NET.Sdk.WindowsDesktop\targets\Microsoft.WinFX.targets(69,7): message :       
       C:\Program Files\dotnet\sdk\9.0.308\Sdks\Microsoft.NET.Sdk.WindowsDesktop\targets\Microsoft.WinFX.targets(69,7): message :       ;
       C:\Program Files\dotnet\sdk\9.0.308\Sdks\Microsoft.NET.Sdk.WindowsDesktop\targets\Microsoft.WinFX.targets(69,7): message :       PrepareResourceNames;
       C:\Program Files\dotnet\sdk\9.0.308\Sdks\Microsoft.NET.Sdk.WindowsDesktop\targets\Microsoft.WinFX.targets(69,7): message :       ResGen;
       C:\Program Files\dotnet\sdk\9.0.308\Sdks\Microsoft.NET.Sdk.WindowsDesktop\targets\Microsoft.WinFX.targets(69,7): message :       CompileLicxFiles
       C:\Program Files\dotnet\sdk\9.0.308\Sdks\Microsoft.NET.Sdk.WindowsDesktop\targets\Microsoft.WinFX.targets(69,7): message :     
       C:\Program Files\dotnet\sdk\9.0.308\Sdks\Microsoft.NET.Sdk.WindowsDesktop\targets\Microsoft.WinFX.targets(69,7): message :     
       C:\Program Files\dotnet\sdk\9.0.308\Sdks\Microsoft.NET.Sdk.WindowsDesktop\targets\Microsoft.WinFX.targets(69,7): message :       " (önceki değer: "
       C:\Program Files\dotnet\sdk\9.0.308\Sdks\Microsoft.NET.Sdk.WindowsDesktop\targets\Microsoft.WinFX.targets(69,7): message :       ResolvePackageDependenciesForBuild;
       C:\Program Files\dotnet\sdk\9.0.308\Sdks\Microsoft.NET.Sdk.WindowsDesktop\targets\Microsoft.WinFX.targets(69,7): message :       _HandlePackageFileConflicts;
       C:\Program Files\dotnet\sdk\9.0.308\Sdks\Microsoft.NET.Sdk.WindowsDesktop\targets\Microsoft.WinFX.targets(69,7): message :       
       C:\Program Files\dotnet\sdk\9.0.308\Sdks\Microsoft.NET.Sdk.WindowsDesktop\targets\Microsoft.WinFX.targets(69,7): message :       ;
       C:\Program Files\dotnet\sdk\9.0.308\Sdks\Microsoft.NET.Sdk.WindowsDesktop\targets\Microsoft.WinFX.targets(69,7): message :       PrepareResourceNames;
       C:\Program Files\dotnet\sdk\9.0.308\Sdks\Microsoft.NET.Sdk.WindowsDesktop\targets\Microsoft.WinFX.targets(69,7): message :       ResGen;
       C:\Program Files\dotnet\sdk\9.0.308\Sdks\Microsoft.NET.Sdk.WindowsDesktop\targets\Microsoft.WinFX.targets(69,7): message :       CompileLicxFiles
       C:\Program Files\dotnet\sdk\9.0.308\Sdks\Microsoft.NET.Sdk.WindowsDesktop\targets\Microsoft.WinFX.targets(69,7): message :     
       C:\Program Files\dotnet\sdk\9.0.308\Sdks\Microsoft.NET.Sdk.WindowsDesktop\targets\Microsoft.WinFX.targets(69,7): message :     ") konum: C:\Program Files\dotnet\sdk\9.0.308\Sdks\Microsoft.NET.Sdk.WindowsDesktop\targets\Microsoft.WinFX.targets (69,7)
       C:\Program Files\dotnet\sdk\9.0.308\Sdks\Microsoft.NET.Sdk.WindowsDesktop\targets\Microsoft.WinFX.targets(136,5): message : Özellik yeniden ataması: $(CompileDependsOn)="
       C:\Program Files\dotnet\sdk\9.0.308\Sdks\Microsoft.NET.Sdk.WindowsDesktop\targets\Microsoft.WinFX.targets(136,5): message :         
       C:\Program Files\dotnet\sdk\9.0.308\Sdks\Microsoft.NET.Sdk.WindowsDesktop\targets\Microsoft.WinFX.targets(136,5): message :       
       C:\Program Files\dotnet\sdk\9.0.308\Sdks\Microsoft.NET.Sdk.WindowsDesktop\targets\Microsoft.WinFX.targets(136,5): message :       ResolveReferences;
       C:\Program Files\dotnet\sdk\9.0.308\Sdks\Microsoft.NET.Sdk.WindowsDesktop\targets\Microsoft.WinFX.targets(136,5): message :       ResolveKeySource;
       C:\Program Files\dotnet\sdk\9.0.308\Sdks\Microsoft.NET.Sdk.WindowsDesktop\targets\Microsoft.WinFX.targets(136,5): message :       SetWin32ManifestProperties;
       C:\Program Files\dotnet\sdk\9.0.308\Sdks\Microsoft.NET.Sdk.WindowsDesktop\targets\Microsoft.WinFX.targets(136,5): message :       _SetPreferNativeArm64Win32ManifestProperties;
       C:\Program Files\dotnet\sdk\9.0.308\Sdks\Microsoft.NET.Sdk.WindowsDesktop\targets\Microsoft.WinFX.targets(136,5): message :       FindReferenceAssembliesForReferences;
       C:\Program Files\dotnet\sdk\9.0.308\Sdks\Microsoft.NET.Sdk.WindowsDesktop\targets\Microsoft.WinFX.targets(136,5): message :       _GenerateCompileInputs;
       C:\Program Files\dotnet\sdk\9.0.308\Sdks\Microsoft.NET.Sdk.WindowsDesktop\targets\Microsoft.WinFX.targets(136,5): message :       BeforeCompile;
       C:\Program Files\dotnet\sdk\9.0.308\Sdks\Microsoft.NET.Sdk.WindowsDesktop\targets\Microsoft.WinFX.targets(136,5): message :       _TimeStampBeforeCompile;
       C:\Program Files\dotnet\sdk\9.0.308\Sdks\Microsoft.NET.Sdk.WindowsDesktop\targets\Microsoft.WinFX.targets(136,5): message :       _GenerateCompileDependencyCache;
       C:\Program Files\dotnet\sdk\9.0.308\Sdks\Microsoft.NET.Sdk.WindowsDesktop\targets\Microsoft.WinFX.targets(136,5): message :       CoreCompile;
       C:\Program Files\dotnet\sdk\9.0.308\Sdks\Microsoft.NET.Sdk.WindowsDesktop\targets\Microsoft.WinFX.targets(136,5): message :       _TimeStampAfterCompile;
       C:\Program Files\dotnet\sdk\9.0.308\Sdks\Microsoft.NET.Sdk.WindowsDesktop\targets\Microsoft.WinFX.targets(136,5): message :       AfterCompile;
       C:\Program Files\dotnet\sdk\9.0.308\Sdks\Microsoft.NET.Sdk.WindowsDesktop\targets\Microsoft.WinFX.targets(136,5): message :     ;
       C:\Program Files\dotnet\sdk\9.0.308\Sdks\Microsoft.NET.Sdk.WindowsDesktop\targets\Microsoft.WinFX.targets(136,5): message :       _CreateAppHost;
       C:\Program Files\dotnet\sdk\9.0.308\Sdks\Microsoft.NET.Sdk.WindowsDesktop\targets\Microsoft.WinFX.targets(136,5): message :       _CreateComHost;
       C:\Program Files\dotnet\sdk\9.0.308\Sdks\Microsoft.NET.Sdk.WindowsDesktop\targets\Microsoft.WinFX.targets(136,5): message :       _GetIjwHostPaths;
       C:\Program Files\dotnet\sdk\9.0.308\Sdks\Microsoft.NET.Sdk.WindowsDesktop\targets\Microsoft.WinFX.targets(136,5): message :     ;
       C:\Program Files\dotnet\sdk\9.0.308\Sdks\Microsoft.NET.Sdk.WindowsDesktop\targets\Microsoft.WinFX.targets(136,5): message :         _AfterCompileWinFXInternal
       C:\Program Files\dotnet\sdk\9.0.308\Sdks\Microsoft.NET.Sdk.WindowsDesktop\targets\Microsoft.WinFX.targets(136,5): message :     " (önceki değer: "
       C:\Program Files\dotnet\sdk\9.0.308\Sdks\Microsoft.NET.Sdk.WindowsDesktop\targets\Microsoft.WinFX.targets(136,5): message :       
       C:\Program Files\dotnet\sdk\9.0.308\Sdks\Microsoft.NET.Sdk.WindowsDesktop\targets\Microsoft.WinFX.targets(136,5): message :       ResolveReferences;
       C:\Program Files\dotnet\sdk\9.0.308\Sdks\Microsoft.NET.Sdk.WindowsDesktop\targets\Microsoft.WinFX.targets(136,5): message :       ResolveKeySource;
       C:\Program Files\dotnet\sdk\9.0.308\Sdks\Microsoft.NET.Sdk.WindowsDesktop\targets\Microsoft.WinFX.targets(136,5): message :       SetWin32ManifestProperties;
       C:\Program Files\dotnet\sdk\9.0.308\Sdks\Microsoft.NET.Sdk.WindowsDesktop\targets\Microsoft.WinFX.targets(136,5): message :       _SetPreferNativeArm64Win32ManifestProperties;
       C:\Program Files\dotnet\sdk\9.0.308\Sdks\Microsoft.NET.Sdk.WindowsDesktop\targets\Microsoft.WinFX.targets(136,5): message :       FindReferenceAssembliesForReferences;
       C:\Program Files\dotnet\sdk\9.0.308\Sdks\Microsoft.NET.Sdk.WindowsDesktop\targets\Microsoft.WinFX.targets(136,5): message :       _GenerateCompileInputs;
       C:\Program Files\dotnet\sdk\9.0.308\Sdks\Microsoft.NET.Sdk.WindowsDesktop\targets\Microsoft.WinFX.targets(136,5): message :       BeforeCompile;
       C:\Program Files\dotnet\sdk\9.0.308\Sdks\Microsoft.NET.Sdk.WindowsDesktop\targets\Microsoft.WinFX.targets(136,5): message :       _TimeStampBeforeCompile;
       C:\Program Files\dotnet\sdk\9.0.308\Sdks\Microsoft.NET.Sdk.WindowsDesktop\targets\Microsoft.WinFX.targets(136,5): message :       _GenerateCompileDependencyCache;
       C:\Program Files\dotnet\sdk\9.0.308\Sdks\Microsoft.NET.Sdk.WindowsDesktop\targets\Microsoft.WinFX.targets(136,5): message :       CoreCompile;
       C:\Program Files\dotnet\sdk\9.0.308\Sdks\Microsoft.NET.Sdk.WindowsDesktop\targets\Microsoft.WinFX.targets(136,5): message :       _TimeStampAfterCompile;
       C:\Program Files\dotnet\sdk\9.0.308\Sdks\Microsoft.NET.Sdk.WindowsDesktop\targets\Microsoft.WinFX.targets(136,5): message :       AfterCompile;
       C:\Program Files\dotnet\sdk\9.0.308\Sdks\Microsoft.NET.Sdk.WindowsDesktop\targets\Microsoft.WinFX.targets(136,5): message :     ;
       C:\Program Files\dotnet\sdk\9.0.308\Sdks\Microsoft.NET.Sdk.WindowsDesktop\targets\Microsoft.WinFX.targets(136,5): message :       _CreateAppHost;
       C:\Program Files\dotnet\sdk\9.0.308\Sdks\Microsoft.NET.Sdk.WindowsDesktop\targets\Microsoft.WinFX.targets(136,5): message :       _CreateComHost;
       C:\Program Files\dotnet\sdk\9.0.308\Sdks\Microsoft.NET.Sdk.WindowsDesktop\targets\Microsoft.WinFX.targets(136,5): message :       _GetIjwHostPaths;
       C:\Program Files\dotnet\sdk\9.0.308\Sdks\Microsoft.NET.Sdk.WindowsDesktop\targets\Microsoft.WinFX.targets(136,5): message :     ") konum: C:\Program Files\dotnet\sdk\9.0.308\Sdks\Microsoft.NET.Sdk.WindowsDesktop\targets\Microsoft.WinFX.targets (136,5)
       C:\Program Files\dotnet\sdk\9.0.308\Sdks\Microsoft.NET.Sdk.WindowsDesktop\targets\Microsoft.WinFX.targets(803,9): message : Özellik yeniden ataması: $(PublishBuildDependsOn)="
       C:\Program Files\dotnet\sdk\9.0.308\Sdks\Microsoft.NET.Sdk.WindowsDesktop\targets\Microsoft.WinFX.targets(803,9): message :             BuildOnlySettings;
       C:\Program Files\dotnet\sdk\9.0.308\Sdks\Microsoft.NET.Sdk.WindowsDesktop\targets\Microsoft.WinFX.targets(803,9): message :             PrepareForBuild;
       C:\Program Files\dotnet\sdk\9.0.308\Sdks\Microsoft.NET.Sdk.WindowsDesktop\targets\Microsoft.WinFX.targets(803,9): message :             ResolveReferences;
       C:\Program Files\dotnet\sdk\9.0.308\Sdks\Microsoft.NET.Sdk.WindowsDesktop\targets\Microsoft.WinFX.targets(803,9): message :             PrepareResources;
       C:\Program Files\dotnet\sdk\9.0.308\Sdks\Microsoft.NET.Sdk.WindowsDesktop\targets\Microsoft.WinFX.targets(803,9): message :             ResolveKeySource;
       C:\Program Files\dotnet\sdk\9.0.308\Sdks\Microsoft.NET.Sdk.WindowsDesktop\targets\Microsoft.WinFX.targets(803,9): message :             PrepareResourcesForSatelliteAssemblies;
       C:\Program Files\dotnet\sdk\9.0.308\Sdks\Microsoft.NET.Sdk.WindowsDesktop\targets\Microsoft.WinFX.targets(803,9): message :             GenerateSerializationAssemblies;
       C:\Program Files\dotnet\sdk\9.0.308\Sdks\Microsoft.NET.Sdk.WindowsDesktop\targets\Microsoft.WinFX.targets(803,9): message :             CreateSatelliteAssemblies;
       C:\Program Files\dotnet\sdk\9.0.308\Sdks\Microsoft.NET.Sdk.WindowsDesktop\targets\Microsoft.WinFX.targets(803,9): message :         " (önceki değer: "
       C:\Program Files\dotnet\sdk\9.0.308\Sdks\Microsoft.NET.Sdk.WindowsDesktop\targets\Microsoft.WinFX.targets(803,9): message :       BuildOnlySettings;
       C:\Program Files\dotnet\sdk\9.0.308\Sdks\Microsoft.NET.Sdk.WindowsDesktop\targets\Microsoft.WinFX.targets(803,9): message :       PrepareForBuild;
       C:\Program Files\dotnet\sdk\9.0.308\Sdks\Microsoft.NET.Sdk.WindowsDesktop\targets\Microsoft.WinFX.targets(803,9): message :       ResolveReferences;
       C:\Program Files\dotnet\sdk\9.0.308\Sdks\Microsoft.NET.Sdk.WindowsDesktop\targets\Microsoft.WinFX.targets(803,9): message :       PrepareResources;
       C:\Program Files\dotnet\sdk\9.0.308\Sdks\Microsoft.NET.Sdk.WindowsDesktop\targets\Microsoft.WinFX.targets(803,9): message :       ResolveKeySource;
       C:\Program Files\dotnet\sdk\9.0.308\Sdks\Microsoft.NET.Sdk.WindowsDesktop\targets\Microsoft.WinFX.targets(803,9): message :       GenerateSerializationAssemblies;
       C:\Program Files\dotnet\sdk\9.0.308\Sdks\Microsoft.NET.Sdk.WindowsDesktop\targets\Microsoft.WinFX.targets(803,9): message :       CreateSatelliteAssemblies;
       C:\Program Files\dotnet\sdk\9.0.308\Sdks\Microsoft.NET.Sdk.WindowsDesktop\targets\Microsoft.WinFX.targets(803,9): message :     ") konum: C:\Program Files\dotnet\sdk\9.0.308\Sdks\Microsoft.NET.Sdk.WindowsDesktop\targets\Microsoft.WinFX.targets (803,9)
       C:\Program Files\dotnet\sdk\9.0.308\Sdks\NuGet.Build.Tasks.Pack\build\NuGet.Build.Tasks.Pack.targets(34,5): message : Özellik yeniden ataması: $(PackageDescription)="Package Description" (önceki değer: "") konum: C:\Program Files\dotnet\sdk\9.0.308\Sdks\NuGet.Build.Tasks.Pack\build\NuGet.Build.Tasks.Pack.targets (34,5)
       C:\Program Files\dotnet\sdk\9.0.308\Sdks\NuGet.Build.Tasks.Pack\build\NuGet.Build.Tasks.Pack.targets(59,5): message : Özellik yeniden ataması: $(GenerateNuspecDependsOn)="Build;_LoadPackInputItems; _GetTargetFrameworksOutput; _WalkEachTargetPerFramework; _GetPackageFiles; " (önceki değer: "_LoadPackInputItems; _GetTargetFrameworksOutput; _WalkEachTargetPerFramework; _GetPackageFiles; ") konum: C:\Program Files\dotnet\sdk\9.0.308\Sdks\NuGet.Build.Tasks.Pack\build\NuGet.Build.Tasks.Pack.targets (59,5)
       C:\Program Files\dotnet\sdk\9.0.308\Sdks\Microsoft.NET.Sdk\Sdk\Sdk.targets(60,5): message : Özellik yeniden ataması: $(_IsNotSetContainersTargetsDir)="true" (önceki değer: "false") konum: C:\Program Files\dotnet\sdk\9.0.308\Sdks\Microsoft.NET.Sdk\Sdk\Sdk.targets (60,5)
       C:\Program Files\dotnet\sdk\9.0.308\Containers\build\Microsoft.NET.Build.Containers.targets(5,5): message : Özellik yeniden ataması: $(_IsSDKContainerAllowedVersion)="true" (önceki değer: "false") konum: C:\Program Files\dotnet\sdk\9.0.308\Containers\build\Microsoft.NET.Build.Containers.targets (5,5)
       "C:\Program Files\dotnet\sdk\9.0.308\Microsoft.NETFramework.CurrentVersion.targets" projesindeki "GetFrameworkPaths" hedefi kullanılarak "C:\Program Files\dotnet\sdk\9.0.308\Microsoft.Common.CurrentVersion.targets" projesindeki "GetFrameworkPaths" hedefinin üzerine yazılıyor.
       "C:\Program Files\dotnet\sdk\9.0.308\Sdks\Microsoft.NET.Sdk\targets\Microsoft.NET.Sdk.FrameworkReferenceResolution.targets" projesindeki "ResolveFrameworkReferences" hedefi kullanılarak "C:\Program Files\dotnet\sdk\9.0.308\Microsoft.Common.CurrentVersion.targets" projesindeki "ResolveFrameworkReferences" hedefinin üzerine yazılıyor.
       "C:\Program Files\dotnet\sdk\9.0.308\Sdks\Microsoft.NET.Sdk\targets\Microsoft.NET.Sdk.targets" projesindeki "Run" hedefi kullanılarak "C:\Program Files\dotnet\sdk\9.0.308\Microsoft.Common.CurrentVersion.targets" projesindeki "Run" hedefinin üzerine yazılıyor.
       "C:\Program Files\dotnet\sdk\9.0.308\Sdks\Microsoft.NET.Sdk\targets\Microsoft.NET.Sdk.targets" projesindeki "GenerateSupportedTargetFrameworkAlias" hedefi kullanılarak "C:\Program Files\dotnet\sdk\9.0.308\Microsoft.Common.CurrentVersion.targets" projesindeki "GenerateSupportedTargetFrameworkAlias" hedefinin üzerine yazılıyor.
       "C:\Program Files\dotnet\sdk\9.0.308\Sdks\Microsoft.NET.Sdk\targets\Microsoft.NET.DesignerSupport.targets" projesindeki "DesignerRuntimeImplementationProjectOutputGroup" hedefi kullanılarak "C:\Program Files\dotnet\sdk\9.0.308\Microsoft.Common.CurrentVersion.targets" projesindeki "DesignerRuntimeImplementationProjectOutputGroup" hedefinin üzerine yazılıyor.
       "C:\Program Files\dotnet\sdk\9.0.308\Sdks\Microsoft.NET.Sdk\targets\Microsoft.NET.Publish.targets" projesindeki "Publish" hedefi kullanılarak "C:\Program Files\dotnet\sdk\9.0.308\Microsoft.Common.CurrentVersion.targets" projesindeki "Publish" hedefinin üzerine yazılıyor.
       "C:\Program Files\dotnet\sdk\9.0.308\Sdks\Microsoft.NET.Sdk\targets\Microsoft.NET.Publish.targets" projesindeki "ResolveReadyToRunCompilers" hedefi kullanılarak "C:\Program Files\dotnet\sdk\9.0.308\Sdks\Microsoft.NET.Sdk\targets\Microsoft.NET.CrossGen.targets" projesindeki "ResolveReadyToRunCompilers" hedefinin üzerine yazılıyor.
       "C:\Program Files\dotnet\sdk\9.0.308\Sdks\Microsoft.NET.Sdk\targets\Microsoft.NET.Publish.targets" projesindeki "GetCopyToPublishDirectoryItems" hedefi kullanılarak "C:\Program Files\dotnet\sdk\9.0.308\Microsoft.Common.CurrentVersion.targets" projesindeki "GetCopyToPublishDirectoryItems" hedefinin üzerine yazılıyor.
       "C:\Program Files\dotnet\sdk\9.0.308\Sdks\Microsoft.NET.Sdk.WindowsDesktop\targets\Microsoft.WinFX.targets" projesindeki "SatelliteDllsProjectOutputGroup" hedefi kullanılarak "C:\Program Files\dotnet\sdk\9.0.308\Microsoft.Common.CurrentVersion.targets" projesindeki "SatelliteDllsProjectOutputGroup" hedefinin üzerine yazılıyor.
   1:7>"c:\Users\Muhammet\Documents\GitHub\Wonderland-Private-Server\wlo.pserver.core\wlo.pserver.core.csproj" projesi (1:7) 1 düğümünde "c:\Users\Muhammet\Documents\GitHub\Wonderland-Private-Server\RCLibrary\RCLibrary.csproj" (2:5) oluşturuyor (GetTargetFrameworks hedef).
   2:5>"c:\Users\Muhammet\Documents\GitHub\Wonderland-Private-Server\RCLibrary\RCLibrary.csproj" projesinin "C:\Program Files\dotnet\sdk\9.0.308\Microsoft.Common.CurrentVersion.targets" dosyasındaki "GetTargetFrameworksWithPlatformForSingleTargetFramework" hedefi ("GetTargetFrameworks" hedefi buna bağımlı):
   2:5>"Microsoft.Build.Tasks.Core, Version=15.1.0.0, Culture=neutral, PublicKeyToken=b03f5f7f11d50a3a" derlemesindeki "CombineTargetFrameworkInfoProperties" görevi kullanılıyor.
       "CombineTargetFrameworkInfoProperties" görevi
       "CombineTargetFrameworkInfoProperties" görevini yürütme tamamlandı.
   2:5>"RCLibrary.csproj" projesinde "GetTargetFrameworksWithPlatformForSingleTargetFramework" hedefini oluşturma tamamlandı.
   2:5>"c:\Users\Muhammet\Documents\GitHub\Wonderland-Private-Server\RCLibrary\RCLibrary.csproj" projesinin "C:\Program Files\dotnet\sdk\9.0.308\Microsoft.Common.CurrentVersion.targets" dosyasındaki "GetTargetFrameworks" hedefi (giriş noktası):
       Yanlış koşul nedeniyle "MSBuildInternalMessage" görevi atlandı; ('$(IsCrossTargetingBuild)' == 'true'), ('' == 'true') olarak değerlendirildi.
       "Microsoft.Build.Tasks.Core, Version=15.1.0.0, Culture=neutral, PublicKeyToken=b03f5f7f11d50a3a" derlemesindeki "CombineXmlElements" görevi kullanılıyor.
       "CombineXmlElements" görevi
       "CombineXmlElements" görevini yürütme tamamlandı.
   2:5>"RCLibrary.csproj" projesinde "GetTargetFrameworks" hedefini oluşturma tamamlandı.
   2:5>"c:\Users\Muhammet\Documents\GitHub\Wonderland-Private-Server\RCLibrary\RCLibrary.csproj" Projesini Oluşturma İşlemi Tamamlandı (GetTargetFrameworks hedef).
   1:7>"MSBuild" görevini yürütme tamamlandı.
       Yanlış koşul nedeniyle "MSBuild" görevi atlandı; ('%(_MSBuildProjectReferenceExistent.SkipGetTargetFrameworkProperties)' != 'true' and '$(EnableDynamicPlatformResolution)' == 'true'), ('' != 'true' and '' == 'true') olarak değerlendirildi.
       "C:\Program Files\dotnet\sdk\9.0.308\NuGet.Build.Tasks.dll" derlemesindeki "GetReferenceNearestTargetFrameworkTask" görevi kullanılıyor.
       "GetReferenceNearestTargetFrameworkTask" görevi
       "GetReferenceNearestTargetFrameworkTask" görevini yürütme tamamlandı.
       Yanlış koşul nedeniyle "GetReferenceNearestTargetFrameworkTask" görevi atlandı; ('@(_ProjectReferenceTargetFrameworkPossibilities)' != '' and '$(ReferringTargetFrameworkForProjectReferences)' != ''
                                                               And '$(GetReferenceNearestTargetFrameworkTaskSupportsTargetPlatformParameter)' != 'true' and '%(_ProjectReferenceTargetFrameworkPossibilities.IsVcxOrNativeProj)' != 'true'), ('..\PhoenixData\PhoenixData.csproj;..\RCLibrary\RCLibrary.csproj' != '' and '.NETFramework,Version=v4.6.2' != ''
                                                               And 'true' != 'true' and '' != 'true') olarak değerlendirildi.
       "Microsoft.Build.Tasks.Core, Version=15.1.0.0, Culture=neutral, PublicKeyToken=b03f5f7f11d50a3a" derlemesindeki "SetRidAgnosticValueForProjects" görevi kullanılıyor.
       "SetRidAgnosticValueForProjects" görevi
       "SetRidAgnosticValueForProjects" görevini yürütme tamamlandı.
   1:7>"wlo.pserver.core.csproj" projesinde "_GetProjectReferenceTargetFrameworkProperties" hedefini oluşturma tamamlandı.
       Yanlış koşul nedeniyle "_GetProjectReferencePlatformProperties" hedefi atlandı; ('$(EnableDynamicPlatformResolution)' == 'true'
                            and '@(_MSBuildProjectReferenceExistent)' != ''), ('' == 'true'
                            and '..\PhoenixData\PhoenixData.csproj;..\RCLibrary\RCLibrary.csproj' != '') olarak değerlendirildi.
   1:7>"c:\Users\Muhammet\Documents\GitHub\Wonderland-Private-Server\wlo.pserver.core\wlo.pserver.core.csproj" projesinin "C:\Program Files\dotnet\sdk\9.0.308\Microsoft.Common.CurrentVersion.targets" dosyasındaki "PrepareProjectReferences" hedefi ("ResolveProjectReferences" hedefi buna bağımlı):
   1:7>"wlo.pserver.core.csproj" projesinde "PrepareProjectReferences" hedefini oluşturma tamamlandı.
   1:7>"c:\Users\Muhammet\Documents\GitHub\Wonderland-Private-Server\wlo.pserver.core\wlo.pserver.core.csproj" projesinin "C:\Program Files\dotnet\sdk\9.0.308\Microsoft.Common.CurrentVersion.targets" dosyasındaki "ResolveProjectReferences" hedefi ("ResolveReferences" hedefi buna bağımlı):
       Yanlış koşul nedeniyle "MSBuild" görevi atlandı; ('%(_MSBuildProjectReferenceExistent.BuildReference)' == 'true' and '@(ProjectReferenceWithConfiguration)' != '' and ('$(BuildingInsideVisualStudio)' == 'true' or '$(BuildProjectReferences)' != 'true') and '$(VisualStudioVersion)' != '10.0' and '@(_MSBuildProjectReferenceExistent)' != ''), ('true' == 'true' and '..\PhoenixData\PhoenixData.csproj;..\RCLibrary\RCLibrary.csproj' != '' and ('' == 'true' or 'true' != 'true') and '17.0' != '10.0' and '..\PhoenixData\PhoenixData.csproj;..\RCLibrary\RCLibrary.csproj' != '') olarak değerlendirildi.
       "MSBuild" görevi
         "..\PhoenixData\PhoenixData.csproj" projesinin Özellikleri kaldırılıyor:
           TargetFramework
           RuntimeIdentifier
           SelfContained
         "..\RCLibrary\RCLibrary.csproj" projesinin Özellikleri kaldırılıyor:
           TargetFramework
           RuntimeIdentifier
           SelfContained
   1:7>"c:\Users\Muhammet\Documents\GitHub\Wonderland-Private-Server\wlo.pserver.core\wlo.pserver.core.csproj" projesi (1:7) 2 düğümünde "c:\Users\Muhammet\Documents\GitHub\Wonderland-Private-Server\PhoenixData\PhoenixData.csproj" (3:6) oluşturuyor (varsayılan hedefler).
   3:6>Yanlış koşul nedeniyle "_CheckForUnsupportedTargetFramework" hedefi atlandı; ('$(_UnsupportedTargetFrameworkError)' == 'true'), ('' == 'true') olarak değerlendirildi.
   3:6>"c:\Users\Muhammet\Documents\GitHub\Wonderland-Private-Server\PhoenixData\PhoenixData.csproj" projesinin "C:\Program Files\dotnet\sdk\9.0.308\Sdks\Microsoft.NET.Sdk\targets\Microsoft.NET.TargetFrameworkInference.targets" dosyasındaki "_CollectTargetFrameworkForTelemetry" hedefi ("_CheckForInvalidConfigurationAndPlatform" hedefi buna bağımlı):
       "C:\Program Files\dotnet\sdk\9.0.308\Sdks\Microsoft.NET.Sdk\targets\..\tools\net9.0\Microsoft.NET.Build.Tasks.dll" derlemesindeki "AllowEmptyTelemetry" görevi kullanılıyor.
   1:7>"c:\Users\Muhammet\Documents\GitHub\Wonderland-Private-Server\wlo.pserver.core\wlo.pserver.core.csproj" projesi (1:7) 1 düğümünde "c:\Users\Muhammet\Documents\GitHub\Wonderland-Private-Server\RCLibrary\RCLibrary.csproj" (2:6) oluşturuyor (varsayılan hedefler).
   2:6>Yanlış koşul nedeniyle "_CheckForUnsupportedTargetFramework" hedefi atlandı; ('$(_UnsupportedTargetFrameworkError)' == 'true'), ('' == 'true') olarak değerlendirildi.
   3:6>"AllowEmptyTelemetry" görevi
       "AllowEmptyTelemetry" görevini yürütme tamamlandı.
   2:6>"c:\Users\Muhammet\Documents\GitHub\Wonderland-Private-Server\RCLibrary\RCLibrary.csproj" projesinin "C:\Program Files\dotnet\sdk\9.0.308\Sdks\Microsoft.NET.Sdk\targets\Microsoft.NET.TargetFrameworkInference.targets" dosyasındaki "_CollectTargetFrameworkForTelemetry" hedefi ("_CheckForInvalidConfigurationAndPlatform" hedefi buna bağımlı):
   2:6>"C:\Program Files\dotnet\sdk\9.0.308\Sdks\Microsoft.NET.Sdk\targets\..\tools\net9.0\Microsoft.NET.Build.Tasks.dll" derlemesindeki "AllowEmptyTelemetry" görevi kullanılıyor.
       "AllowEmptyTelemetry" görevi
   3:6>"PhoenixData.csproj" projesinde "_CollectTargetFrameworkForTelemetry" hedefini oluşturma tamamlandı.
       Yanlış koşul nedeniyle "_CheckForUnsupportedTargetPlatformIdentifier" hedefi atlandı; ('$(TargetPlatformIdentifier)' != '' and '$(TargetFrameworkIdentifier)' == '.NETCoreApp' and $([MSBuild]::VersionGreaterThanOrEquals($(TargetFrameworkVersion), 5.0)) And ('$(DesignTimeBuild)' != 'true' Or '@(MissingWorkloadPack)' == '')), ('Windows' != '' and '.NETFramework' == '.NETCoreApp' and False And ('' != 'true' Or '' == '')) olarak değerlendirildi.
       Yanlış koşul nedeniyle "_CheckForMissingWorkload" hedefi atlandı; ('@(MissingWorkloadPack)' != '' And '$(DesignTimeBuild)' != 'true'), ('' != '' And '' != 'true') olarak değerlendirildi.
       Yanlış koşul nedeniyle "_CheckForUnsupportedNETCoreVersion" hedefi atlandı; ('$(TargetFrameworkIdentifier)' == '.NETCoreApp' And '$(NETCoreAppMaximumVersion)' != ''), ('.NETFramework' == '.NETCoreApp' And '9.0' != '') olarak değerlendirildi.
       Yanlış koşul nedeniyle "_CheckForEolTargetFrameworks" hedefi atlandı; ('@(_EolNetCoreTargetFrameworkVersions->AnyHaveMetadataValue('Identity', '$(_TargetFrameworkVersionWithoutV)'))' and '$(TargetFrameworkIdentifier)' == '.NETCoreApp' and '$(CheckEolTargetFramework)' == 'true'), ('false' and '.NETFramework' == '.NETCoreApp' and '' == 'true') olarak değerlendirildi.
       Yanlış koşul nedeniyle "_CheckForEolWorkloads" hedefi atlandı; ('@(EolWorkload)' != '' and '$(CheckEolWorkloads)' == 'true'), ('' != '' and 'true' == 'true') olarak değerlendirildi.
       Yanlış koşul nedeniyle "_CheckForNotRecommendedNETStandardVersion" hedefi atlandı; ('$(TargetFrameworkIdentifier)' == '.NETStandard' and $([MSBuild]::VersionLessThan($(TargetFrameworkVersion), '2.0'))), ('.NETFramework' == '.NETStandard' and False) olarak değerlendirildi.
   2:6>"AllowEmptyTelemetry" görevini yürütme tamamlandı.
   2:6>"RCLibrary.csproj" projesinde "_CollectTargetFrameworkForTelemetry" hedefini oluşturma tamamlandı.
   3:6>"c:\Users\Muhammet\Documents\GitHub\Wonderland-Private-Server\PhoenixData\PhoenixData.csproj" projesinin "C:\Program Files\dotnet\sdk\9.0.308\Sdks\Microsoft.NET.Sdk\targets\Microsoft.NET.TargetFrameworkInference.targets" dosyasındaki "_CheckForUnsupportedCppNETCoreVersion" hedefi ("_CheckForInvalidConfigurationAndPlatform" hedefi buna bağımlı):
   3:6>Yanlış koşul nedeniyle "NETSdkError" görevi atlandı; ('$(TargetFrameworkIdentifier)' == '.NETCoreApp' and '$(_TargetFrameworkVersionWithoutV)' < '3.1' and ('$(Language)' == 'C++' and '$(_EnablePackageReferencesInVCProjects)' != 'true')), ('.NETFramework' == '.NETCoreApp' and '4.6.2' < '3.1' and ('C#' == 'C++' and '' != 'true')) olarak değerlendirildi.
   2:6>Yanlış koşul nedeniyle "_CheckForUnsupportedTargetPlatformIdentifier" hedefi atlandı; ('$(TargetPlatformIdentifier)' != '' and '$(TargetFrameworkIdentifier)' == '.NETCoreApp' and $([MSBuild]::VersionGreaterThanOrEquals($(TargetFrameworkVersion), 5.0)) And ('$(DesignTimeBuild)' != 'true' Or '@(MissingWorkloadPack)' == '')), ('Windows' != '' and '.NETFramework' == '.NETCoreApp' and False And ('' != 'true' Or '' == '')) olarak değerlendirildi.
       Yanlış koşul nedeniyle "_CheckForMissingWorkload" hedefi atlandı; ('@(MissingWorkloadPack)' != '' And '$(DesignTimeBuild)' != 'true'), ('' != '' And '' != 'true') olarak değerlendirildi.
       Yanlış koşul nedeniyle "_CheckForUnsupportedNETCoreVersion" hedefi atlandı; ('$(TargetFrameworkIdentifier)' == '.NETCoreApp' And '$(NETCoreAppMaximumVersion)' != ''), ('.NETFramework' == '.NETCoreApp' And '9.0' != '') olarak değerlendirildi.
       Yanlış koşul nedeniyle "_CheckForEolTargetFrameworks" hedefi atlandı; ('@(_EolNetCoreTargetFrameworkVersions->AnyHaveMetadataValue('Identity', '$(_TargetFrameworkVersionWithoutV)'))' and '$(TargetFrameworkIdentifier)' == '.NETCoreApp' and '$(CheckEolTargetFramework)' == 'true'), ('false' and '.NETFramework' == '.NETCoreApp' and '' == 'true') olarak değerlendirildi.
       Yanlış koşul nedeniyle "_CheckForEolWorkloads" hedefi atlandı; ('@(EolWorkload)' != '' and '$(CheckEolWorkloads)' == 'true'), ('' != '' and 'true' == 'true') olarak değerlendirildi.
       Yanlış koşul nedeniyle "_CheckForNotRecommendedNETStandardVersion" hedefi atlandı; ('$(TargetFrameworkIdentifier)' == '.NETStandard' and $([MSBuild]::VersionLessThan($(TargetFrameworkVersion), '2.0'))), ('.NETFramework' == '.NETStandard' and False) olarak değerlendirildi.
   3:6>"PhoenixData.csproj" projesinde "_CheckForUnsupportedCppNETCoreVersion" hedefini oluşturma tamamlandı.
   2:6>"c:\Users\Muhammet\Documents\GitHub\Wonderland-Private-Server\RCLibrary\RCLibrary.csproj" projesinin "C:\Program Files\dotnet\sdk\9.0.308\Sdks\Microsoft.NET.Sdk\targets\Microsoft.NET.TargetFrameworkInference.targets" dosyasındaki "_CheckForUnsupportedCppNETCoreVersion" hedefi ("_CheckForInvalidConfigurationAndPlatform" hedefi buna bağımlı):
   2:6>Yanlış koşul nedeniyle "NETSdkError" görevi atlandı; ('$(TargetFrameworkIdentifier)' == '.NETCoreApp' and '$(_TargetFrameworkVersionWithoutV)' < '3.1' and ('$(Language)' == 'C++' and '$(_EnablePackageReferencesInVCProjects)' != 'true')), ('.NETFramework' == '.NETCoreApp' and '4.6.2' < '3.1' and ('C#' == 'C++' and '' != 'true')) olarak değerlendirildi.
   2:6>"RCLibrary.csproj" projesinde "_CheckForUnsupportedCppNETCoreVersion" hedefini oluşturma tamamlandı.
       Yanlış koşul nedeniyle "_CheckForUnsupportedNETStandardVersion" hedefi atlandı; ('$(TargetFrameworkIdentifier)' == '.NETStandard' And '$(NETStandardMaximumVersion)' != ''), ('.NETFramework' == '.NETStandard' And '' != '') olarak değerlendirildi.
   3:6>Yanlış koşul nedeniyle "_CheckForUnsupportedNETStandardVersion" hedefi atlandı; ('$(TargetFrameworkIdentifier)' == '.NETStandard' And '$(NETStandardMaximumVersion)' != ''), ('.NETFramework' == '.NETStandard' And '' != '') olarak değerlendirildi.
   2:6>"c:\Users\Muhammet\Documents\GitHub\Wonderland-Private-Server\RCLibrary\RCLibrary.csproj" projesinin "C:\Program Files\dotnet\sdk\9.0.308\Sdks\Microsoft.NET.Sdk\targets\Microsoft.NET.TargetFrameworkInference.targets" dosyasındaki "_CheckForUnsupportedTargetFrameworkAndFeatureCombination" hedefi ("_CheckForInvalidConfigurationAndPlatform" hedefi buna bağımlı):
   2:6>Yanlış koşul nedeniyle "NETSdkError" görevi atlandı; ('$(UsingNETSdkDefaults)' != 'true'), ('true' != 'true') olarak değerlendirildi.
   2:6>"RCLibrary.csproj" projesinde "_CheckForUnsupportedTargetFrameworkAndFeatureCombination" hedefini oluşturma tamamlandı.
       Yanlış koşul nedeniyle "_CheckForSupportedOSPlatformVersionHigherThanTargetPlatformVersion" hedefi atlandı; ('$(TargetPlatformVersion)' != '' and '$(TargetFrameworkIdentifier)' == '.NETCoreApp' and $([MSBuild]::VersionGreaterThanOrEquals($(TargetFrameworkVersion), 5.0))), ('7.0' != '' and '.NETFramework' == '.NETCoreApp' and False) olarak değerlendirildi.
       Yanlış koşul nedeniyle "_CheckForInvalidTargetPlatformVersion" hedefi atlandı; ('$(TargetPlatformVersion)' != '' and '$(TargetFrameworkIdentifier)' == '.NETCoreApp' and $([MSBuild]::VersionGreaterThanOrEquals($(TargetFrameworkVersion), 5.0)) and ('$(Language)' != 'C++' or '$(_EnablePackageReferencesInVCProjects)' == 'true')), ('7.0' != '' and '.NETFramework' == '.NETCoreApp' and False and ('C#' != 'C++' or '' == 'true')) olarak değerlendirildi.
   2:6>"c:\Users\Muhammet\Documents\GitHub\Wonderland-Private-Server\RCLibrary\RCLibrary.csproj" projesinin "C:\Program Files\dotnet\sdk\9.0.308\Sdks\Microsoft.NET.Sdk\targets\Microsoft.NET.DefaultOutputPaths.targets" dosyasındaki "_CheckForUnsupportedArtifactsPath" hedefi ("_CheckForInvalidConfigurationAndPlatform" hedefi buna bağımlı):
       Yanlış koşul nedeniyle "NetSdkError" görevi atlandı; ('$(UseArtifactsOutput)' == 'true' and '$(_ArtifactsPathSetEarly)' != 'true'), ('' == 'true' and '' != 'true') olarak değerlendirildi.
       Yanlış koşul nedeniyle "NetSdkError" görevi atlandı; ('$(_ArtifactsPathLocationType)' == 'ProjectFolder'), ('' == 'ProjectFolder') olarak değerlendirildi.
   2:6>"RCLibrary.csproj" projesinde "_CheckForUnsupportedArtifactsPath" hedefini oluşturma tamamlandı.
       Yanlış koşul nedeniyle "_CheckForMissingWorkload" hedefi atlandı; ('@(MissingWorkloadPack)' != '' And '$(DesignTimeBuild)' != 'true'), ('' != '' And '' != 'true') olarak değerlendirildi.
       Yanlış koşul nedeniyle "_CheckForUnsupportedAppHostUsage" hedefi atlandı; ('$(TargetFrameworkIdentifier)' == '.NETCoreApp' and '$(HasRuntimeOutput)' == 'true'), ('.NETFramework' == '.NETCoreApp' and '' == 'true') olarak değerlendirildi.
       Yanlış koşul nedeniyle "_CheckForUnsupportedHostingUsage" hedefi atlandı; ('$(TargetFrameworkIdentifier)' == '.NETCoreApp'), ('.NETFramework' == '.NETCoreApp') olarak değerlendirildi.
       Yanlış koşul nedeniyle "_CheckAndUnsetUnsupportedPrefer32Bit" hedefi atlandı; ('$(TargetFrameworkIdentifier)' == '.NETCoreApp' and '$(_TargetFrameworkVersionWithoutV)' >= '7.0'), ('.NETFramework' == '.NETCoreApp' and '4.6.2' >= '7.0') olarak değerlendirildi.
       Yanlış koşul nedeniyle "_CheckAndUnsetUnsupportedPreferNativeArm64" hedefi atlandı; ('$(TargetFrameworkIdentifier)' == '.NETCoreApp' and '$(PreferNativeArm64)' == 'true'), ('.NETFramework' == '.NETCoreApp' and 'false' == 'true') olarak değerlendirildi.
       Yanlış koşul nedeniyle "_CheckForMismatchingPlatform" hedefi atlandı; ('$(RuntimeIdentifier)' != '' and '$(PlatformTarget)' != ''), ('' != '' and '' != '') olarak değerlendirildi.
   3:6>"c:\Users\Muhammet\Documents\GitHub\Wonderland-Private-Server\PhoenixData\PhoenixData.csproj" projesinin "C:\Program Files\dotnet\sdk\9.0.308\Sdks\Microsoft.NET.Sdk\targets\Microsoft.NET.TargetFrameworkInference.targets" dosyasındaki "_CheckForUnsupportedTargetFrameworkAndFeatureCombination" hedefi ("_CheckForInvalidConfigurationAndPlatform" hedefi buna bağımlı):
   3:6>Yanlış koşul nedeniyle "NETSdkError" görevi atlandı; ('$(UsingNETSdkDefaults)' != 'true'), ('true' != 'true') olarak değerlendirildi.
   2:6>"c:\Users\Muhammet\Documents\GitHub\Wonderland-Private-Server\RCLibrary\RCLibrary.csproj" projesinin "C:\Program Files\dotnet\sdk\9.0.308\Sdks\Microsoft.NET.Sdk\targets\Microsoft.NET.RuntimeIdentifierInference.targets" dosyasındaki "_CheckForLanguageAndFeatureCombinationSupport" hedefi ("_CheckForInvalidConfigurationAndPlatform" hedefi buna bağımlı):
   2:6>Yanlış koşul nedeniyle "NETSdkError" görevi atlandı; (('$(Language)' == 'C++' and '$(_EnablePackageReferencesInVCProjects)' != 'true') and $(OutputType) != 'library' and '$(TargetFrameworkIdentifier)' == '.NETCoreApp'), (('C#' == 'C++' and '' != 'true') and Library != 'library' and '.NETFramework' == '.NETCoreApp') olarak değerlendirildi.
       Yanlış koşul nedeniyle "NETSdkError" görevi atlandı; (('$(Language)' == 'C++' and '$(_EnablePackageReferencesInVCProjects)' != 'true') and $(EnableComHosting) == 'true'), (('C#' == 'C++' and '' != 'true') and  == 'true') olarak değerlendirildi.
       Yanlış koşul nedeniyle "NETSdkError" görevi atlandı; (('$(Language)' == 'C++' and '$(_EnablePackageReferencesInVCProjects)' != 'true') and $(SelfContained) == 'true'), (('C#' == 'C++' and '' != 'true') and  == 'true') olarak değerlendirildi.
   2:6>"RCLibrary.csproj" projesinde "_CheckForLanguageAndFeatureCombinationSupport" hedefini oluşturma tamamlandı.
       Yanlış koşul nedeniyle "_CheckForNETCoreSdkIsPreview" hedefi atlandı; ( '$(_NETCoreSdkIsPreview)' == 'true' AND '$(SuppressNETCoreSdkPreviewMessage)' != 'true' ), ( 'false' == 'true' AND '' != 'true' ) olarak değerlendirildi.
   2:6>"c:\Users\Muhammet\Documents\GitHub\Wonderland-Private-Server\RCLibrary\RCLibrary.csproj" projesinin "C:\Program Files\dotnet\sdk\9.0.308\NuGet.targets" dosyasındaki "_GetProjectJsonPath" hedefi ("_GetRestoreProjectStyle" hedefi buna bağımlı):
       Yanlış koşul nedeniyle "GetRestoreProjectJsonPathTask" görevi atlandı; ( '$(RestoreProjectStyle)' == 'ProjectJson' OR '$(RestoreProjectStyle)' == '' ), ( 'PackageReference' == 'ProjectJson' OR 'PackageReference' == '' ) olarak değerlendirildi.
   2:6>"RCLibrary.csproj" projesinde "_GetProjectJsonPath" hedefini oluşturma tamamlandı.
   3:6>"PhoenixData.csproj" projesinde "_CheckForUnsupportedTargetFrameworkAndFeatureCombination" hedefini oluşturma tamamlandı.
   2:6>Yanlış koşul nedeniyle "_CheckForUnsupportedTargetPlatformIdentifier" hedefi atlandı; ('$(TargetPlatformIdentifier)' != '' and '$(TargetFrameworkIdentifier)' == '.NETCoreApp' and $([MSBuild]::VersionGreaterThanOrEquals($(TargetFrameworkVersion), 5.0)) And ('$(DesignTimeBuild)' != 'true' Or '@(MissingWorkloadPack)' == '')), ('Windows' != '' and '.NETFramework' == '.NETCoreApp' and False And ('' != 'true' Or '' == '')) olarak değerlendirildi.
       Yanlış koşul nedeniyle "_CheckForMissingWorkload" hedefi atlandı; ('@(MissingWorkloadPack)' != '' And '$(DesignTimeBuild)' != 'true'), ('' != '' And '' != 'true') olarak değerlendirildi.
       Yanlış koşul nedeniyle "_CheckForUnsupportedNETCoreVersion" hedefi atlandı; ('$(TargetFrameworkIdentifier)' == '.NETCoreApp' And '$(NETCoreAppMaximumVersion)' != ''), ('.NETFramework' == '.NETCoreApp' And '9.0' != '') olarak değerlendirildi.
   3:6>Yanlış koşul nedeniyle "_CheckForSupportedOSPlatformVersionHigherThanTargetPlatformVersion" hedefi atlandı; ('$(TargetPlatformVersion)' != '' and '$(TargetFrameworkIdentifier)' == '.NETCoreApp' and $([MSBuild]::VersionGreaterThanOrEquals($(TargetFrameworkVersion), 5.0))), ('7.0' != '' and '.NETFramework' == '.NETCoreApp' and False) olarak değerlendirildi.
   2:6>Yanlış koşul nedeniyle "_CheckForEolTargetFrameworks" hedefi atlandı; ('@(_EolNetCoreTargetFrameworkVersions->AnyHaveMetadataValue('Identity', '$(_TargetFrameworkVersionWithoutV)'))' and '$(TargetFrameworkIdentifier)' == '.NETCoreApp' and '$(CheckEolTargetFramework)' == 'true'), ('false' and '.NETFramework' == '.NETCoreApp' and '' == 'true') olarak değerlendirildi.
       Yanlış koşul nedeniyle "_CheckForEolWorkloads" hedefi atlandı; ('@(EolWorkload)' != '' and '$(CheckEolWorkloads)' == 'true'), ('' != '' and 'true' == 'true') olarak değerlendirildi.
       Yanlış koşul nedeniyle "_CheckForNotRecommendedNETStandardVersion" hedefi atlandı; ('$(TargetFrameworkIdentifier)' == '.NETStandard' and $([MSBuild]::VersionLessThan($(TargetFrameworkVersion), '2.0'))), ('.NETFramework' == '.NETStandard' and False) olarak değerlendirildi.
       Yanlış koşul nedeniyle "_CheckForUnsupportedNETStandardVersion" hedefi atlandı; ('$(TargetFrameworkIdentifier)' == '.NETStandard' And '$(NETStandardMaximumVersion)' != ''), ('.NETFramework' == '.NETStandard' And '' != '') olarak değerlendirildi.
   3:6>Yanlış koşul nedeniyle "_CheckForInvalidTargetPlatformVersion" hedefi atlandı; ('$(TargetPlatformVersion)' != '' and '$(TargetFrameworkIdentifier)' == '.NETCoreApp' and $([MSBuild]::VersionGreaterThanOrEquals($(TargetFrameworkVersion), 5.0)) and ('$(Language)' != 'C++' or '$(_EnablePackageReferencesInVCProjects)' == 'true')), ('7.0' != '' and '.NETFramework' == '.NETCoreApp' and False and ('C#' != 'C++' or '' == 'true')) olarak değerlendirildi.
   2:6>Yanlış koşul nedeniyle "UpdateAspNetToFrameworkReference" hedefi atlandı; ('$(TargetFrameworkIdentifier)' == '.NETCoreApp' And '$(_TargetFrameworkVersionWithoutV)' >= '3.0'), ('.NETFramework' == '.NETCoreApp' And '4.6.2' >= '3.0') olarak değerlendirildi.
   3:6>"c:\Users\Muhammet\Documents\GitHub\Wonderland-Private-Server\PhoenixData\PhoenixData.csproj" projesinin "C:\Program Files\dotnet\sdk\9.0.308\Sdks\Microsoft.NET.Sdk\targets\Microsoft.NET.DefaultOutputPaths.targets" dosyasındaki "_CheckForUnsupportedArtifactsPath" hedefi ("_CheckForInvalidConfigurationAndPlatform" hedefi buna bağımlı):
   3:6>Yanlış koşul nedeniyle "NetSdkError" görevi atlandı; ('$(UseArtifactsOutput)' == 'true' and '$(_ArtifactsPathSetEarly)' != 'true'), ('' == 'true' and '' != 'true') olarak değerlendirildi.
   2:6>"c:\Users\Muhammet\Documents\GitHub\Wonderland-Private-Server\RCLibrary\RCLibrary.csproj" projesinin "C:\Program Files\dotnet\sdk\9.0.308\Sdks\Microsoft.NET.Sdk\targets\Microsoft.NET.Sdk.FrameworkReferenceResolution.targets" dosyasındaki "IncludeTargetingPackReference" hedefi ("CheckForImplicitPackageReferenceOverrides" hedefi buna bağımlı):
   2:6>"GetReferenceAssemblyPaths" görevi
   3:6>_CheckForUnsupportedArtifactsPath:
       Yanlış koşul nedeniyle "NetSdkError" görevi atlandı; ('$(_ArtifactsPathLocationType)' == 'ProjectFolder'), ('' == 'ProjectFolder') olarak değerlendirildi.
   3:6>"PhoenixData.csproj" projesinde "_CheckForUnsupportedArtifactsPath" hedefini oluşturma tamamlandı.
       Yanlış koşul nedeniyle "_CheckForMissingWorkload" hedefi atlandı; ('@(MissingWorkloadPack)' != '' And '$(DesignTimeBuild)' != 'true'), ('' != '' And '' != 'true') olarak değerlendirildi.
       Yanlış koşul nedeniyle "_CheckForUnsupportedAppHostUsage" hedefi atlandı; ('$(TargetFrameworkIdentifier)' == '.NETCoreApp' and '$(HasRuntimeOutput)' == 'true'), ('.NETFramework' == '.NETCoreApp' and '' == 'true') olarak değerlendirildi.
       Yanlış koşul nedeniyle "_CheckForUnsupportedHostingUsage" hedefi atlandı; ('$(TargetFrameworkIdentifier)' == '.NETCoreApp'), ('.NETFramework' == '.NETCoreApp') olarak değerlendirildi.
       Yanlış koşul nedeniyle "_CheckAndUnsetUnsupportedPrefer32Bit" hedefi atlandı; ('$(TargetFrameworkIdentifier)' == '.NETCoreApp' and '$(_TargetFrameworkVersionWithoutV)' >= '7.0'), ('.NETFramework' == '.NETCoreApp' and '4.6.2' >= '7.0') olarak değerlendirildi.
       Yanlış koşul nedeniyle "_CheckAndUnsetUnsupportedPreferNativeArm64" hedefi atlandı; ('$(TargetFrameworkIdentifier)' == '.NETCoreApp' and '$(PreferNativeArm64)' == 'true'), ('.NETFramework' == '.NETCoreApp' and 'false' == 'true') olarak değerlendirildi.
       Yanlış koşul nedeniyle "_CheckForMismatchingPlatform" hedefi atlandı; ('$(RuntimeIdentifier)' != '' and '$(PlatformTarget)' != ''), ('' != '' and '' != '') olarak değerlendirildi.
   3:6>"c:\Users\Muhammet\Documents\GitHub\Wonderland-Private-Server\PhoenixData\PhoenixData.csproj" projesinin "C:\Program Files\dotnet\sdk\9.0.308\Sdks\Microsoft.NET.Sdk\targets\Microsoft.NET.RuntimeIdentifierInference.targets" dosyasındaki "_CheckForLanguageAndFeatureCombinationSupport" hedefi ("_CheckForInvalidConfigurationAndPlatform" hedefi buna bağımlı):
       Yanlış koşul nedeniyle "NETSdkError" görevi atlandı; (('$(Language)' == 'C++' and '$(_EnablePackageReferencesInVCProjects)' != 'true') and $(OutputType) != 'library' and '$(TargetFrameworkIdentifier)' == '.NETCoreApp'), (('C#' == 'C++' and '' != 'true') and Library != 'library' and '.NETFramework' == '.NETCoreApp') olarak değerlendirildi.
   2:6>"GetReferenceAssemblyPaths" görevini yürütme tamamlandı.
   3:6>_CheckForLanguageAndFeatureCombinationSupport:
       Yanlış koşul nedeniyle "NETSdkError" görevi atlandı; (('$(Language)' == 'C++' and '$(_EnablePackageReferencesInVCProjects)' != 'true') and $(EnableComHosting) == 'true'), (('C#' == 'C++' and '' != 'true') and  == 'true') olarak değerlendirildi.
       Yanlış koşul nedeniyle "NETSdkError" görevi atlandı; (('$(Language)' == 'C++' and '$(_EnablePackageReferencesInVCProjects)' != 'true') and $(SelfContained) == 'true'), (('C#' == 'C++' and '' != 'true') and  == 'true') olarak değerlendirildi.
   3:6>"PhoenixData.csproj" projesinde "_CheckForLanguageAndFeatureCombinationSupport" hedefini oluşturma tamamlandı.
   2:6>"RCLibrary.csproj" projesinde "IncludeTargetingPackReference" hedefini oluşturma tamamlandı.
   3:6>Yanlış koşul nedeniyle "_CheckForNETCoreSdkIsPreview" hedefi atlandı; ( '$(_NETCoreSdkIsPreview)' == 'true' AND '$(SuppressNETCoreSdkPreviewMessage)' != 'true' ), ( 'false' == 'true' AND '' != 'true' ) olarak değerlendirildi.
   2:6>"c:\Users\Muhammet\Documents\GitHub\Wonderland-Private-Server\RCLibrary\RCLibrary.csproj" projesinin "C:\Program Files\dotnet\sdk\9.0.308\Sdks\Microsoft.NET.Sdk\targets\Microsoft.NET.Sdk.DefaultItems.Shared.targets" dosyasındaki "CheckForImplicitPackageReferenceOverrides" hedefi ("ApplyImplicitVersions" hedefi buna bağımlı):
   2:6>"C:\Program Files\dotnet\sdk\9.0.308\Sdks\Microsoft.NET.Sdk\targets\..\tools\net9.0\Microsoft.NET.Build.Tasks.dll" derlemesindeki "CheckForImplicitPackageReferenceOverrides" görevi kullanılıyor.
       "CheckForImplicitPackageReferenceOverrides" görevi
   3:6>"c:\Users\Muhammet\Documents\GitHub\Wonderland-Private-Server\PhoenixData\PhoenixData.csproj" projesinin "C:\Program Files\dotnet\sdk\9.0.308\NuGet.targets" dosyasındaki "_GetProjectJsonPath" hedefi ("_GetRestoreProjectStyle" hedefi buna bağımlı):
   3:6>Yanlış koşul nedeniyle "GetRestoreProjectJsonPathTask" görevi atlandı; ( '$(RestoreProjectStyle)' == 'ProjectJson' OR '$(RestoreProjectStyle)' == '' ), ( 'PackageReference' == 'ProjectJson' OR 'PackageReference' == '' ) olarak değerlendirildi.
   3:6>"PhoenixData.csproj" projesinde "_GetProjectJsonPath" hedefini oluşturma tamamlandı.
       Yanlış koşul nedeniyle "_CheckForUnsupportedTargetPlatformIdentifier" hedefi atlandı; ('$(TargetPlatformIdentifier)' != '' and '$(TargetFrameworkIdentifier)' == '.NETCoreApp' and $([MSBuild]::VersionGreaterThanOrEquals($(TargetFrameworkVersion), 5.0)) And ('$(DesignTimeBuild)' != 'true' Or '@(MissingWorkloadPack)' == '')), ('Windows' != '' and '.NETFramework' == '.NETCoreApp' and False And ('' != 'true' Or '' == '')) olarak değerlendirildi.
       Yanlış koşul nedeniyle "_CheckForMissingWorkload" hedefi atlandı; ('@(MissingWorkloadPack)' != '' And '$(DesignTimeBuild)' != 'true'), ('' != '' And '' != 'true') olarak değerlendirildi.
       Yanlış koşul nedeniyle "_CheckForUnsupportedNETCoreVersion" hedefi atlandı; ('$(TargetFrameworkIdentifier)' == '.NETCoreApp' And '$(NETCoreAppMaximumVersion)' != ''), ('.NETFramework' == '.NETCoreApp' And '9.0' != '') olarak değerlendirildi.
   2:6>"CheckForImplicitPackageReferenceOverrides" görevini yürütme tamamlandı.
   2:6>"RCLibrary.csproj" projesinde "CheckForImplicitPackageReferenceOverrides" hedefini oluşturma tamamlandı.
   3:6>Yanlış koşul nedeniyle "_CheckForEolTargetFrameworks" hedefi atlandı; ('@(_EolNetCoreTargetFrameworkVersions->AnyHaveMetadataValue('Identity', '$(_TargetFrameworkVersionWithoutV)'))' and '$(TargetFrameworkIdentifier)' == '.NETCoreApp' and '$(CheckEolTargetFramework)' == 'true'), ('false' and '.NETFramework' == '.NETCoreApp' and '' == 'true') olarak değerlendirildi.
   2:6>"c:\Users\Muhammet\Documents\GitHub\Wonderland-Private-Server\RCLibrary\RCLibrary.csproj" projesinin "C:\Program Files\dotnet\sdk\9.0.308\Sdks\Microsoft.NET.Sdk\targets\Microsoft.NET.Sdk.DefaultItems.Shared.targets" dosyasındaki "ApplyImplicitVersions" hedefi ("CollectPackageReferences" hedefi buna bağımlı):
   2:6>"C:\Program Files\dotnet\sdk\9.0.308\Sdks\Microsoft.NET.Sdk\targets\..\tools\net9.0\Microsoft.NET.Build.Tasks.dll" derlemesindeki "ApplyImplicitVersions" görevi kullanılıyor.
       "ApplyImplicitVersions" görevi
   3:6>Yanlış koşul nedeniyle "_CheckForEolWorkloads" hedefi atlandı; ('@(EolWorkload)' != '' and '$(CheckEolWorkloads)' == 'true'), ('' != '' and 'true' == 'true') olarak değerlendirildi.
       Yanlış koşul nedeniyle "_CheckForNotRecommendedNETStandardVersion" hedefi atlandı; ('$(TargetFrameworkIdentifier)' == '.NETStandard' and $([MSBuild]::VersionLessThan($(TargetFrameworkVersion), '2.0'))), ('.NETFramework' == '.NETStandard' and False) olarak değerlendirildi.
       Yanlış koşul nedeniyle "_CheckForUnsupportedNETStandardVersion" hedefi atlandı; ('$(TargetFrameworkIdentifier)' == '.NETStandard' And '$(NETStandardMaximumVersion)' != ''), ('.NETFramework' == '.NETStandard' And '' != '') olarak değerlendirildi.
       Yanlış koşul nedeniyle "UpdateAspNetToFrameworkReference" hedefi atlandı; ('$(TargetFrameworkIdentifier)' == '.NETCoreApp' And '$(_TargetFrameworkVersionWithoutV)' >= '3.0'), ('.NETFramework' == '.NETCoreApp' And '4.6.2' >= '3.0') olarak değerlendirildi.
   3:6>"c:\Users\Muhammet\Documents\GitHub\Wonderland-Private-Server\PhoenixData\PhoenixData.csproj" projesinin "C:\Program Files\dotnet\sdk\9.0.308\Sdks\Microsoft.NET.Sdk\targets\Microsoft.NET.Sdk.FrameworkReferenceResolution.targets" dosyasındaki "IncludeTargetingPackReference" hedefi ("CheckForImplicitPackageReferenceOverrides" hedefi buna bağımlı):
       "GetReferenceAssemblyPaths" görevi
       "GetReferenceAssemblyPaths" görevini yürütme tamamlandı.
   3:6>"PhoenixData.csproj" projesinde "IncludeTargetingPackReference" hedefini oluşturma tamamlandı.
   2:6>"ApplyImplicitVersions" görevini yürütme tamamlandı.
   3:6>"c:\Users\Muhammet\Documents\GitHub\Wonderland-Private-Server\PhoenixData\PhoenixData.csproj" projesinin "C:\Program Files\dotnet\sdk\9.0.308\Sdks\Microsoft.NET.Sdk\targets\Microsoft.NET.Sdk.DefaultItems.Shared.targets" dosyasındaki "CheckForImplicitPackageReferenceOverrides" hedefi ("ApplyImplicitVersions" hedefi buna bağımlı):
   3:6>"C:\Program Files\dotnet\sdk\9.0.308\Sdks\Microsoft.NET.Sdk\targets\..\tools\net9.0\Microsoft.NET.Build.Tasks.dll" derlemesindeki "CheckForImplicitPackageReferenceOverrides" görevi kullanılıyor.
   2:6>"RCLibrary.csproj" projesinde "ApplyImplicitVersions" hedefini oluşturma tamamlandı.
       "CheckForImplicitPackageReferenceOverrides" hedefi atlandı. Önceden başarılı bir şekilde derlenmişti.
       Yanlış koşul nedeniyle "ProcessFrameworkReferences" hedefi atlandı; ('@(FrameworkReference)' != '' Or '$(_RequiresILLinkPack)' == 'true'), ('' != '' Or '' == 'true') olarak değerlendirildi.
   3:6>"CheckForImplicitPackageReferenceOverrides" görevi
   2:6>Yanlış koşul nedeniyle "_NormalizeTargetPlatformVersion" hedefi atlandı; ('$(TargetPlatformVersion)' != '' and '$(TargetFrameworkIdentifier)' == '.NETCoreApp' and $([MSBuild]::VersionGreaterThanOrEquals($(TargetFrameworkVersion), 5.0)) and ('$(Language)' != 'C++' or '$(_EnablePackageReferencesInVCProjects)' == 'true')), ('7.0' != '' and '.NETFramework' == '.NETCoreApp' and False and ('C#' != 'C++' or '' == 'true')) olarak değerlendirildi.
   3:6>"CheckForImplicitPackageReferenceOverrides" görevini yürütme tamamlandı.
   3:6>"PhoenixData.csproj" projesinde "CheckForImplicitPackageReferenceOverrides" hedefini oluşturma tamamlandı.
   3:6>"c:\Users\Muhammet\Documents\GitHub\Wonderland-Private-Server\PhoenixData\PhoenixData.csproj" projesinin "C:\Program Files\dotnet\sdk\9.0.308\Sdks\Microsoft.NET.Sdk\targets\Microsoft.NET.Sdk.DefaultItems.Shared.targets" dosyasındaki "ApplyImplicitVersions" hedefi ("CollectPackageReferences" hedefi buna bağımlı):
       "C:\Program Files\dotnet\sdk\9.0.308\Sdks\Microsoft.NET.Sdk\targets\..\tools\net9.0\Microsoft.NET.Build.Tasks.dll" derlemesindeki "ApplyImplicitVersions" görevi kullanılıyor.
       "ApplyImplicitVersions" görevi
       "ApplyImplicitVersions" görevini yürütme tamamlandı.
   3:6>"PhoenixData.csproj" projesinde "ApplyImplicitVersions" hedefini oluşturma tamamlandı.
   2:6>"c:\Users\Muhammet\Documents\GitHub\Wonderland-Private-Server\RCLibrary\RCLibrary.csproj" projesinin "C:\Program Files\dotnet\sdk\9.0.308\Sdks\Microsoft.NET.Sdk\targets\Microsoft.NET.Publish.targets" dosyasındaki "_ComputeToolPackInputsToProcessFrameworkReferences" hedefi ("ProcessFrameworkReferences" hedefi buna bağımlı):
   2:6>"RCLibrary.csproj" projesinde "_ComputeToolPackInputsToProcessFrameworkReferences" hedefini oluşturma tamamlandı.
       "IncludeTargetingPackReference" hedefi atlandı. Önceden başarılı bir şekilde derlenmişti.
   3:6>"CheckForImplicitPackageReferenceOverrides" hedefi atlandı. Önceden başarılı bir şekilde derlenmişti.
   2:6>Yanlış koşul nedeniyle "_CheckMicrosoftNetCompilersToolsetFrameworkPackageReference" hedefi atlandı; ('$(MSBuildRuntimeType)' == 'Full'), ('Core' == 'Full') olarak değerlendirildi.
   3:6>Yanlış koşul nedeniyle "ProcessFrameworkReferences" hedefi atlandı; ('@(FrameworkReference)' != '' Or '$(_RequiresILLinkPack)' == 'true'), ('' != '' Or '' == 'true') olarak değerlendirildi.
       Yanlış koşul nedeniyle "_NormalizeTargetPlatformVersion" hedefi atlandı; ('$(TargetPlatformVersion)' != '' and '$(TargetFrameworkIdentifier)' == '.NETCoreApp' and $([MSBuild]::VersionGreaterThanOrEquals($(TargetFrameworkVersion), 5.0)) and ('$(Language)' != 'C++' or '$(_EnablePackageReferencesInVCProjects)' == 'true')), ('7.0' != '' and '.NETFramework' == '.NETCoreApp' and False and ('C#' != 'C++' or '' == 'true')) olarak değerlendirildi.
   2:6>"c:\Users\Muhammet\Documents\GitHub\Wonderland-Private-Server\RCLibrary\RCLibrary.csproj" projesinin "C:\Program Files\dotnet\sdk\9.0.308\Sdks\Microsoft.NET.Sdk\targets\Microsoft.NET.ObsoleteReferences.targets" dosyasındaki "_CheckForObsoleteDotNetCliToolReferences" hedefi ("CollectPackageReferences" hedefi buna bağımlı):
   2:6>Yanlış koşul nedeniyle "NETSdkWarning" görevi atlandı; ( '%(_ReferenceToObsoleteDotNetCliTool.Identity)' != '' ), ( '' != '' ) olarak değerlendirildi.
   2:6>"RCLibrary.csproj" projesinde "_CheckForObsoleteDotNetCliToolReferences" hedefini oluşturma tamamlandı.
   2:6>"c:\Users\Muhammet\Documents\GitHub\Wonderland-Private-Server\RCLibrary\RCLibrary.csproj" projesinin "C:\Program Files\dotnet\sdk\9.0.308\NuGet.targets" dosyasındaki "CollectPackageReferences" hedefi ("_GetRestoreProjectStyle" hedefi buna bağımlı):
       "C:\Program Files\dotnet\sdk\9.0.308\NuGet.Build.Tasks.dll" derlemesindeki "CheckForDuplicateNuGetItemsTask" görevi kullanılıyor.
       "CheckForDuplicateNuGetItemsTask" görevi
   3:6>"c:\Users\Muhammet\Documents\GitHub\Wonderland-Private-Server\PhoenixData\PhoenixData.csproj" projesinin "C:\Program Files\dotnet\sdk\9.0.308\Sdks\Microsoft.NET.Sdk\targets\Microsoft.NET.Publish.targets" dosyasındaki "_ComputeToolPackInputsToProcessFrameworkReferences" hedefi ("ProcessFrameworkReferences" hedefi buna bağımlı):
   3:6>"PhoenixData.csproj" projesinde "_ComputeToolPackInputsToProcessFrameworkReferences" hedefini oluşturma tamamlandı.
   2:6>"CheckForDuplicateNuGetItemsTask" görevini yürütme tamamlandı.
   3:6>"IncludeTargetingPackReference" hedefi atlandı. Önceden başarılı bir şekilde derlenmişti.
   2:6>"RCLibrary.csproj" projesinde "CollectPackageReferences" hedefini oluşturma tamamlandı.
   3:6>Yanlış koşul nedeniyle "_CheckMicrosoftNetCompilersToolsetFrameworkPackageReference" hedefi atlandı; ('$(MSBuildRuntimeType)' == 'Full'), ('Core' == 'Full') olarak değerlendirildi.
   2:6>"c:\Users\Muhammet\Documents\GitHub\Wonderland-Private-Server\RCLibrary\RCLibrary.csproj" projesinin "C:\Program Files\dotnet\sdk\9.0.308\NuGet.targets" dosyasındaki "_GetRestoreProjectStyle" hedefi ("EnableIntermediateOutputPathMismatchWarning" hedefi buna bağımlı):
   2:6>"C:\Program Files\dotnet\sdk\9.0.308\NuGet.Build.Tasks.dll" derlemesindeki "GetRestoreProjectStyleTask" görevi kullanılıyor.
       "GetRestoreProjectStyleTask" görevi
   3:6>"c:\Users\Muhammet\Documents\GitHub\Wonderland-Private-Server\PhoenixData\PhoenixData.csproj" projesinin "C:\Program Files\dotnet\sdk\9.0.308\Sdks\Microsoft.NET.Sdk\targets\Microsoft.NET.ObsoleteReferences.targets" dosyasındaki "_CheckForObsoleteDotNetCliToolReferences" hedefi ("CollectPackageReferences" hedefi buna bağımlı):
   3:6>Yanlış koşul nedeniyle "NETSdkWarning" görevi atlandı; ( '%(_ReferenceToObsoleteDotNetCliTool.Identity)' != '' ), ( '' != '' ) olarak değerlendirildi.
   3:6>"PhoenixData.csproj" projesinde "_CheckForObsoleteDotNetCliToolReferences" hedefini oluşturma tamamlandı.
   3:6>"c:\Users\Muhammet\Documents\GitHub\Wonderland-Private-Server\PhoenixData\PhoenixData.csproj" projesinin "C:\Program Files\dotnet\sdk\9.0.308\NuGet.targets" dosyasındaki "CollectPackageReferences" hedefi ("_GetRestoreProjectStyle" hedefi buna bağımlı):
       "C:\Program Files\dotnet\sdk\9.0.308\NuGet.Build.Tasks.dll" derlemesindeki "CheckForDuplicateNuGetItemsTask" görevi kullanılıyor.
       "CheckForDuplicateNuGetItemsTask" görevi
       "CheckForDuplicateNuGetItemsTask" görevini yürütme tamamlandı.
   3:6>"PhoenixData.csproj" projesinde "CollectPackageReferences" hedefini oluşturma tamamlandı.
   3:6>"c:\Users\Muhammet\Documents\GitHub\Wonderland-Private-Server\PhoenixData\PhoenixData.csproj" projesinin "C:\Program Files\dotnet\sdk\9.0.308\NuGet.targets" dosyasındaki "_GetRestoreProjectStyle" hedefi ("EnableIntermediateOutputPathMismatchWarning" hedefi buna bağımlı):
       "C:\Program Files\dotnet\sdk\9.0.308\NuGet.Build.Tasks.dll" derlemesindeki "GetRestoreProjectStyleTask" görevi kullanılıyor.
       "GetRestoreProjectStyleTask" görevi
   2:6>"GetRestoreProjectStyleTask" görevini yürütme tamamlandı.
   3:6>"GetRestoreProjectStyleTask" görevini yürütme tamamlandı.
   2:6>"RCLibrary.csproj" projesinde "_GetRestoreProjectStyle" hedefini oluşturma tamamlandı.
   2:6>"c:\Users\Muhammet\Documents\GitHub\Wonderland-Private-Server\RCLibrary\RCLibrary.csproj" projesinin "C:\Program Files\dotnet\sdk\9.0.308\NuGet.targets" dosyasındaki "EnableIntermediateOutputPathMismatchWarning" hedefi ("_CheckForInvalidConfigurationAndPlatform" hedefi buna bağımlı):
   2:6>"RCLibrary.csproj" projesinde "EnableIntermediateOutputPathMismatchWarning" hedefini oluşturma tamamlandı.
       "ApplyImplicitVersions" hedefi atlandı. Önceden başarılı bir şekilde derlenmişti.
       "CheckForImplicitPackageReferenceOverrides" hedefi atlandı. Önceden başarılı bir şekilde derlenmişti.
   3:6>"PhoenixData.csproj" projesinde "_GetRestoreProjectStyle" hedefini oluşturma tamamlandı.
   2:6>"c:\Users\Muhammet\Documents\GitHub\Wonderland-Private-Server\RCLibrary\RCLibrary.csproj" projesinin "C:\Program Files\dotnet\sdk\9.0.308\Sdks\Microsoft.NET.Sdk\targets\Microsoft.NET.Sdk.DefaultItems.Shared.targets" dosyasındaki "CheckForDuplicateItems" hedefi ("_CheckForInvalidConfigurationAndPlatform" hedefi buna bağımlı):
   2:6>"C:\Program Files\dotnet\sdk\9.0.308\Sdks\Microsoft.NET.Sdk\targets\..\tools\net9.0\Microsoft.NET.Build.Tasks.dll" derlemesindeki "CheckForDuplicateItems" görevi kullanılıyor.
       "CheckForDuplicateItems" görevi
   3:6>"c:\Users\Muhammet\Documents\GitHub\Wonderland-Private-Server\PhoenixData\PhoenixData.csproj" projesinin "C:\Program Files\dotnet\sdk\9.0.308\NuGet.targets" dosyasındaki "EnableIntermediateOutputPathMismatchWarning" hedefi ("_CheckForInvalidConfigurationAndPlatform" hedefi buna bağımlı):
   3:6>"PhoenixData.csproj" projesinde "EnableIntermediateOutputPathMismatchWarning" hedefini oluşturma tamamlandı.
       "ApplyImplicitVersions" hedefi atlandı. Önceden başarılı bir şekilde derlenmişti.
       "CheckForImplicitPackageReferenceOverrides" hedefi atlandı. Önceden başarılı bir şekilde derlenmişti.
   2:6>"CheckForDuplicateItems" görevini yürütme tamamlandı.
       "CheckForDuplicateItems" görevi
   3:6>"c:\Users\Muhammet\Documents\GitHub\Wonderland-Private-Server\PhoenixData\PhoenixData.csproj" projesinin "C:\Program Files\dotnet\sdk\9.0.308\Sdks\Microsoft.NET.Sdk\targets\Microsoft.NET.Sdk.DefaultItems.Shared.targets" dosyasındaki "CheckForDuplicateItems" hedefi ("_CheckForInvalidConfigurationAndPlatform" hedefi buna bağımlı):
   3:6>"C:\Program Files\dotnet\sdk\9.0.308\Sdks\Microsoft.NET.Sdk\targets\..\tools\net9.0\Microsoft.NET.Build.Tasks.dll" derlemesindeki "CheckForDuplicateItems" görevi kullanılıyor.
   2:6>"CheckForDuplicateItems" görevini yürütme tamamlandı.
       "CheckForDuplicateItems" görevi
   3:6>"CheckForDuplicateItems" görevi
       "CheckForDuplicateItems" görevini yürütme tamamlandı.
       "CheckForDuplicateItems" görevi
       "CheckForDuplicateItems" görevini yürütme tamamlandı.
   2:6>"CheckForDuplicateItems" görevini yürütme tamamlandı.
   2:6>"RCLibrary.csproj" projesinde "CheckForDuplicateItems" hedefini oluşturma tamamlandı.
   3:6>"CheckForDuplicateItems" görevi
   2:6>Yanlış koşul nedeniyle "WarnForExplicitVersions" hedefi atlandı; ('@(SdkBuildWarning)' != ''), ('' != '') olarak değerlendirildi.
       Yanlış koşul nedeniyle "_CheckForFailedSDKResolution" hedefi atlandı; ('$(SdkResolverHonoredGlobalJson)' == 'false'), ('' == 'false') olarak değerlendirildi.
   3:6>"CheckForDuplicateItems" görevini yürütme tamamlandı.
   2:6>Yanlış koşul nedeniyle "_WarnWhenUsingNET9AndVSPriorTo1712" hedefi atlandı; ($([MSBuild]::VersionLessThan($(MSBuildVersion), '17.12.0')) and '$(TargetFrameworkIdentifier)' == '.NETCoreApp' and $([MSBuild]::VersionGreaterThanOrEquals($(_TargetFrameworkVersionWithoutV), '9.0'))), (False and '.NETFramework' == '.NETCoreApp' and False) olarak değerlendirildi.
       Yanlış koşul nedeniyle "_CheckForInvalidWindowsDesktopTargetingConfiguration" hedefi atlandı; ('$(TargetFrameworkIdentifier)' == '.NETCoreApp' and $([MSBuild]::VersionGreaterThanOrEquals($(_TargetFrameworkVersionWithoutV), '5.0')) and ('$(UseWindowsForms)' == 'true' or '$(UseWPF)' == 'true')), ('.NETFramework' == '.NETCoreApp' and False and ('True' == 'true' or '' == 'true')) olarak değerlendirildi.
       Yanlış koşul nedeniyle "_CheckForUnnecessaryWindowsDesktopSDK" hedefi atlandı; ('$(TargetFrameworkIdentifier)' == '.NETCoreApp' and $([MSBuild]::VersionGreaterThanOrEquals($(_TargetFrameworkVersionWithoutV), '5.0')) and '$(_MicrosoftWindowsDesktopSdkImported)' == 'true' and '$(TargetFrameworks)' == ''), ('.NETFramework' == '.NETCoreApp' and False and 'true' == 'true' and '' == '') olarak değerlendirildi.
       Yanlış koşul nedeniyle "ProcessFrameworkReferences" hedefi atlandı; ('@(FrameworkReference)' != '' Or '$(_RequiresILLinkPack)' == 'true'), ('' != '' Or 'false' == 'true') olarak değerlendirildi.
       Yanlış koşul nedeniyle "_NormalizeTargetPlatformVersion" hedefi atlandı; ('$(TargetPlatformVersion)' != '' and '$(TargetFrameworkIdentifier)' == '.NETCoreApp' and $([MSBuild]::VersionGreaterThanOrEquals($(TargetFrameworkVersion), 5.0)) and ('$(Language)' != 'C++' or '$(_EnablePackageReferencesInVCProjects)' == 'true')), ('7.0' != '' and '.NETFramework' == '.NETCoreApp' and False and ('C#' != 'C++' or '' == 'true')) olarak değerlendirildi.
       "IncludeTargetingPackReference" hedefi atlandı. Önceden başarılı bir şekilde derlenmişti.
       Yanlış koşul nedeniyle "CheckForDuplicatePageItems" hedefi atlandı; (('$(UseWPF)' == 'true') And ('$(_TargetFrameworkVersionValue)' != '$(_UndefinedTargetFrameworkVersion)') And ('$(_TargetFrameworkVersionValue)' >= '$(_WindowsDesktopSdkTargetFrameworkVersionFloor)')), (('' == 'true') And ('4.6.2' != '0.0') And ('4.6.2' >= '3.0')) olarak değerlendirildi.
   3:6>"PhoenixData.csproj" projesinde "CheckForDuplicateItems" hedefini oluşturma tamamlandı.
   2:6>"c:\Users\Muhammet\Documents\GitHub\Wonderland-Private-Server\RCLibrary\RCLibrary.csproj" projesinin "C:\Program Files\dotnet\sdk\9.0.308\Sdks\Microsoft.NET.Sdk.WindowsDesktop\targets\Microsoft.NET.Sdk.WindowsDesktop.targets" dosyasındaki "_WindowsDesktopFrameworkRequiresUseWpfOrUseWindowsForms" hedefi ("_CheckForInvalidConfigurationAndPlatform" hedefi buna bağımlı):
   2:6>Yanlış koşul nedeniyle "NetSdkWarning" görevi atlandı; ('$(UseWpf)' != 'true' And '$(UseWindowsForms)' != 'true'), ('' != 'true' And 'True' != 'true') olarak değerlendirildi.
   2:6>"RCLibrary.csproj" projesinde "_WindowsDesktopFrameworkRequiresUseWpfOrUseWindowsForms" hedefini oluşturma tamamlandı.
       Yanlış koşul nedeniyle "_WindowsDesktopFrameworkRequiresVersion30" hedefi atlandı; (('$(TargetFrameworkIdentifier)' == '.NETCoreApp') And
                         ('$(_TargetFrameworkVersionValue)' != '$(_UndefinedTargetFrameworkVersion)') And ('$(_TargetFrameworkVersionValue)' < '$(_WindowsDesktopSdkTargetFrameworkVersionFloor)')), (('.NETFramework' == '.NETCoreApp') And
                         ('4.6.2' != '0.0') And ('4.6.2' < '3.0')) olarak değerlendirildi.
   3:6>Yanlış koşul nedeniyle "WarnForExplicitVersions" hedefi atlandı; ('@(SdkBuildWarning)' != ''), ('' != '') olarak değerlendirildi.
   2:6>"c:\Users\Muhammet\Documents\GitHub\Wonderland-Private-Server\RCLibrary\RCLibrary.csproj" projesinin "C:\Program Files\dotnet\sdk\9.0.308\Microsoft.Common.CurrentVersion.targets" dosyasındaki "_CheckForInvalidConfigurationAndPlatform" hedefi ("BeforeBuild" hedefi buna bağımlı):
   2:6>Yanlış koşul nedeniyle "MSBuildInternalMessage" görevi atlandı; ('$(_InvalidConfigurationMessageSeverity)' != ''), ('' != '') olarak değerlendirildi.
   3:6>Yanlış koşul nedeniyle "_CheckForFailedSDKResolution" hedefi atlandı; ('$(SdkResolverHonoredGlobalJson)' == 'false'), ('' == 'false') olarak değerlendirildi.
   2:6>"Message" görevi
         Configuration=Debug
       "Message" görevini yürütme tamamlandı.
   3:6>Yanlış koşul nedeniyle "_WarnWhenUsingNET9AndVSPriorTo1712" hedefi atlandı; ($([MSBuild]::VersionLessThan($(MSBuildVersion), '17.12.0')) and '$(TargetFrameworkIdentifier)' == '.NETCoreApp' and $([MSBuild]::VersionGreaterThanOrEquals($(_TargetFrameworkVersionWithoutV), '9.0'))), (False and '.NETFramework' == '.NETCoreApp' and False) olarak değerlendirildi.
   2:6>"Message" görevi
         Platform=AnyCPU
       "Message" görevini yürütme tamamlandı.
       Yanlış koşul nedeniyle "MSBuildInternalMessage" görevi atlandı; ('$(OutDir)' != '' and !HasTrailingSlash('$(OutDir)')), ('bin\Debug\net462\' != '' and !HasTrailingSlash('bin\Debug\net462\')) olarak değerlendirildi.
       Yanlış koşul nedeniyle "MSBuildInternalMessage" görevi atlandı; ('$(IntermediateOutputPath)' != '' and !HasTrailingSlash('$(IntermediateOutputPath)')), ('obj\Debug\net462\' != '' and !HasTrailingSlash('obj\Debug\net462\')) olarak değerlendirildi.
       Yanlış koşul nedeniyle "MSBuildInternalMessage" görevi atlandı; ('$(BaseIntermediateOutputPath)' != '' and !HasTrailingSlash('$(BaseIntermediateOutputPath)')), ('obj\' != '' and !HasTrailingSlash('obj\')) olarak değerlendirildi.
       Yanlış koşul nedeniyle "MSBuildInternalMessage" görevi atlandı; ( '$(Prefer32Bit)' == 'true' and '$(PreferNativeArm64)' == 'true' ), ( 'false' == 'true' and 'false' == 'true' ) olarak değerlendirildi.
       Yanlış koşul nedeniyle "MSBuildInternalMessage" görevi atlandı; ( '$(NoWin32Manifest)' == 'true' and '$(PreferNativeArm64)' == 'true' ), ( '' == 'true' and 'false' == 'true' ) olarak değerlendirildi.
       Yanlış koşul nedeniyle "MSBuildInternalMessage" görevi atlandı; ( '$(PreferNativeArm64)' == 'true' and '$(Platform)' != 'AnyCPU' ), ( 'false' == 'true' and 'AnyCPU' != 'AnyCPU' ) olarak değerlendirildi.
   3:6>Yanlış koşul nedeniyle "_CheckForInvalidWindowsDesktopTargetingConfiguration" hedefi atlandı; ('$(TargetFrameworkIdentifier)' == '.NETCoreApp' and $([MSBuild]::VersionGreaterThanOrEquals($(_TargetFrameworkVersionWithoutV), '5.0')) and ('$(UseWindowsForms)' == 'true' or '$(UseWPF)' == 'true')), ('.NETFramework' == '.NETCoreApp' and False and ('' == 'true' or '' == 'true')) olarak değerlendirildi.
   2:6>_CheckForInvalidConfigurationAndPlatform:
       Yanlış koşul nedeniyle "MSBuildInternalMessage" görevi atlandı; ( '$(_InitialMSBuildProjectExtensionsPath)' != '' And '$(MSBuildProjectExtensionsPath)' != '$(_InitialMSBuildProjectExtensionsPath)' ), ( 'c:\Users\Muhammet\Documents\GitHub\Wonderland-Private-Server\RCLibrary\obj\' != '' And 'c:\Users\Muhammet\Documents\GitHub\Wonderland-Private-Server\RCLibrary\obj\' != 'c:\Users\Muhammet\Documents\GitHub\Wonderland-Private-Server\RCLibrary\obj\' ) olarak değerlendirildi.
       Yanlış koşul nedeniyle "MSBuildInternalMessage" görevi atlandı; ( '$(EnableBaseIntermediateOutputPathMismatchWarning)' == 'true' And '$(_InitialBaseIntermediateOutputPath)' != '$(BaseIntermediateOutputPath)' And '$(BaseIntermediateOutputPath)' != '$(MSBuildProjectExtensionsPath)' ), ( 'true' == 'true' And 'obj\' != 'obj\' And 'obj\' != 'c:\Users\Muhammet\Documents\GitHub\Wonderland-Private-Server\RCLibrary\obj\' ) olarak değerlendirildi.
   2:6>"RCLibrary.csproj" projesinde "_CheckForInvalidConfigurationAndPlatform" hedefini oluşturma tamamlandı.
   2:6>"c:\Users\Muhammet\Documents\GitHub\Wonderland-Private-Server\RCLibrary\RCLibrary.csproj" projesinin "C:\Program Files\dotnet\sdk\9.0.308\Sdks\Microsoft.NET.Sdk\targets\Microsoft.NET.Sdk.targets" dosyasındaki "ValidateCommandLineProperties" hedefi ("BeforeBuild" hedefi buna bağımlı):
   2:6>"RCLibrary.csproj" projesinde "ValidateCommandLineProperties" hedefini oluşturma tamamlandı.
   2:6>"c:\Users\Muhammet\Documents\GitHub\Wonderland-Private-Server\RCLibrary\RCLibrary.csproj" projesinin "C:\Program Files\dotnet\sdk\9.0.308\Microsoft.Common.CurrentVersion.targets" dosyasındaki "BeforeBuild" hedefi ("Build" hedefi buna bağımlı):
   2:6>"RCLibrary.csproj" projesinde "BeforeBuild" hedefini oluşturma tamamlandı.
   3:6>Yanlış koşul nedeniyle "_CheckForUnnecessaryWindowsDesktopSDK" hedefi atlandı; ('$(TargetFrameworkIdentifier)' == '.NETCoreApp' and $([MSBuild]::VersionGreaterThanOrEquals($(_TargetFrameworkVersionWithoutV), '5.0')) and '$(_MicrosoftWindowsDesktopSdkImported)' == 'true' and '$(TargetFrameworks)' == ''), ('.NETFramework' == '.NETCoreApp' and False and '' == 'true' and '' == '') olarak değerlendirildi.
   2:6>Yanlış koşul nedeniyle "_CheckForBuildWithNoBuild" hedefi atlandı; ('$(NoBuild)' == 'true' and '$(GeneratePackageOnBuild)' != 'true'), ('' == 'true' and 'false' != 'true') olarak değerlendirildi.
   2:6>"c:\Users\Muhammet\Documents\GitHub\Wonderland-Private-Server\RCLibrary\RCLibrary.csproj" projesinin "C:\Program Files\dotnet\sdk\9.0.308\Microsoft.Common.CurrentVersion.targets" dosyasındaki "BuildOnlySettings" hedefi ("CoreBuild" hedefi buna bağımlı):
       C:\Program Files\dotnet\sdk\9.0.308\Microsoft.Common.CurrentVersion.targets(1168,7): message : Özellik yeniden ataması: $(BuildingProject)="true" (önceki değer: "false") konum: C:\Program Files\dotnet\sdk\9.0.308\Microsoft.Common.CurrentVersion.targets (1168,7) [c:\Users\Muhammet\Documents\GitHub\Wonderland-Private-Server\RCLibrary\RCLibrary.csproj]
   2:6>"RCLibrary.csproj" projesinde "BuildOnlySettings" hedefini oluşturma tamamlandı.
   3:6>Yanlış koşul nedeniyle "ProcessFrameworkReferences" hedefi atlandı; ('@(FrameworkReference)' != '' Or '$(_RequiresILLinkPack)' == 'true'), ('' != '' Or 'false' == 'true') olarak değerlendirildi.
   2:6>Yanlış koşul nedeniyle "_CheckForUnsupportedTargetFramework" hedefi atlandı; ('$(_UnsupportedTargetFrameworkError)' == 'true'), ('' == 'true') olarak değerlendirildi.
       Yanlış koşul nedeniyle "_CheckForUnsupportedTargetPlatformIdentifier" hedefi atlandı; ('$(TargetPlatformIdentifier)' != '' and '$(TargetFrameworkIdentifier)' == '.NETCoreApp' and $([MSBuild]::VersionGreaterThanOrEquals($(TargetFrameworkVersion), 5.0)) And ('$(DesignTimeBuild)' != 'true' Or '@(MissingWorkloadPack)' == '')), ('Windows' != '' and '.NETFramework' == '.NETCoreApp' and False And ('' != 'true' Or '' == '')) olarak değerlendirildi.
   3:6>Yanlış koşul nedeniyle "_NormalizeTargetPlatformVersion" hedefi atlandı; ('$(TargetPlatformVersion)' != '' and '$(TargetFrameworkIdentifier)' == '.NETCoreApp' and $([MSBuild]::VersionGreaterThanOrEquals($(TargetFrameworkVersion), 5.0)) and ('$(Language)' != 'C++' or '$(_EnablePackageReferencesInVCProjects)' == 'true')), ('7.0' != '' and '.NETFramework' == '.NETCoreApp' and False and ('C#' != 'C++' or '' == 'true')) olarak değerlendirildi.
   2:6>Yanlış koşul nedeniyle "_CheckForMissingWorkload" hedefi atlandı; ('@(MissingWorkloadPack)' != '' And '$(DesignTimeBuild)' != 'true'), ('' != '' And '' != 'true') olarak değerlendirildi.
   3:6>"IncludeTargetingPackReference" hedefi atlandı. Önceden başarılı bir şekilde derlenmişti.
   2:6>"c:\Users\Muhammet\Documents\GitHub\Wonderland-Private-Server\RCLibrary\RCLibrary.csproj" projesinin "C:\Program Files\dotnet\sdk\9.0.308\Microsoft.NETFramework.CurrentVersion.targets" dosyasındaki "GetFrameworkPaths" hedefi ("PrepareForBuild" hedefi buna bağımlı):
   2:6>"RCLibrary.csproj" projesinde "GetFrameworkPaths" hedefini oluşturma tamamlandı.
       "GetFrameworkPaths" hedefi atlandı. Önceden başarılı bir şekilde derlenmişti.
       Yanlış koşul nedeniyle "_CheckForUnsupportedTargetFramework" hedefi atlandı; ('$(_UnsupportedTargetFrameworkError)' == 'true'), ('' == 'true') olarak değerlendirildi.
   3:6>"c:\Users\Muhammet\Documents\GitHub\Wonderland-Private-Server\PhoenixData\PhoenixData.csproj" projesinin "C:\Program Files\dotnet\sdk\9.0.308\Microsoft.Common.CurrentVersion.targets" dosyasındaki "_CheckForInvalidConfigurationAndPlatform" hedefi ("BeforeBuild" hedefi buna bağımlı):
   3:6>Yanlış koşul nedeniyle "MSBuildInternalMessage" görevi atlandı; ('$(_InvalidConfigurationMessageSeverity)' != ''), ('' != '') olarak değerlendirildi.
   2:6>Yanlış koşul nedeniyle "_CheckForUnsupportedTargetPlatformIdentifier" hedefi atlandı; ('$(TargetPlatformIdentifier)' != '' and '$(TargetFrameworkIdentifier)' == '.NETCoreApp' and $([MSBuild]::VersionGreaterThanOrEquals($(TargetFrameworkVersion), 5.0)) And ('$(DesignTimeBuild)' != 'true' Or '@(MissingWorkloadPack)' == '')), ('Windows' != '' and '.NETFramework' == '.NETCoreApp' and False And ('' != 'true' Or '' == '')) olarak değerlendirildi.
       Yanlış koşul nedeniyle "_CheckForMissingWorkload" hedefi atlandı; ('@(MissingWorkloadPack)' != '' And '$(DesignTimeBuild)' != 'true'), ('' != '' And '' != 'true') olarak değerlendirildi.
   2:6>"c:\Users\Muhammet\Documents\GitHub\Wonderland-Private-Server\RCLibrary\RCLibrary.csproj" projesinin "C:\Program Files\dotnet\sdk\9.0.308\Microsoft.Common.CurrentVersion.targets" dosyasındaki "GetReferenceAssemblyPaths" hedefi ("PrepareForBuild" hedefi buna bağımlı):
       C:\Program Files\dotnet\sdk\9.0.308\Microsoft.Common.CurrentVersion.targets(1255,7): message : Özellik yeniden ataması: $(TargetFrameworkDirectory)="" (önceki değer: "v4.0.30319") konum: C:\Program Files\dotnet\sdk\9.0.308\Microsoft.Common.CurrentVersion.targets (1255,7) [c:\Users\Muhammet\Documents\GitHub\Wonderland-Private-Server\RCLibrary\RCLibrary.csproj]
       "GetReferenceAssemblyPaths" görevi
   3:6>"Message" görevi
         Configuration=Debug
   2:6>GetReferenceAssemblyPaths:
       C:\Program Files\dotnet\sdk\9.0.308\Microsoft.Common.CurrentVersion.targets(1267,7): message : Özellik yeniden ataması: $(_FullFrameworkReferenceAssemblyPaths)="C:\Program Files %28x86%29\Reference Assemblies\Microsoft\Framework\.NETFramework\v4.6.2\" (önceki değer: "C:\Program Files (x86)\Reference Assemblies\Microsoft\Framework\.NETFramework\v4.6.2\") konum: C:\Program Files\dotnet\sdk\9.0.308\Microsoft.Common.CurrentVersion.targets (1267,7) [c:\Users\Muhammet\Documents\GitHub\Wonderland-Private-Server\RCLibrary\RCLibrary.csproj]
       "GetReferenceAssemblyPaths" görevini yürütme tamamlandı.
       C:\Program Files\dotnet\sdk\9.0.308\Microsoft.Common.CurrentVersion.targets(1272,7): message : Özellik yeniden ataması: $(TargetFrameworkDirectory)="C:\Program Files %28x86%29\Reference Assemblies\Microsoft\Framework\.NETFramework\v4.6.2\;;" (önceki değer: "v4.0.30319") konum: C:\Program Files\dotnet\sdk\9.0.308\Microsoft.Common.CurrentVersion.targets (1272,7) [c:\Users\Muhammet\Documents\GitHub\Wonderland-Private-Server\RCLibrary\RCLibrary.csproj]
   3:6>"Message" görevini yürütme tamamlandı.
       "Message" görevi
         Platform=AnyCPU
       "Message" görevini yürütme tamamlandı.
       Yanlış koşul nedeniyle "MSBuildInternalMessage" görevi atlandı; ('$(OutDir)' != '' and !HasTrailingSlash('$(OutDir)')), ('bin\Debug\net462\' != '' and !HasTrailingSlash('bin\Debug\net462\')) olarak değerlendirildi.
   2:6>GetReferenceAssemblyPaths:
       C:\Program Files\dotnet\sdk\9.0.308\Microsoft.Common.CurrentVersion.targets(1293,7): message : Özellik yeniden ataması: $(TargetFrameworkDirectory)="C:\Program Files %28x86%29\Reference Assemblies\Microsoft\Framework\.NETFramework\v4.6.2\;;;C:\Program Files %28x86%29\Reference Assemblies\Microsoft\Framework\.NETFramework\v4.6.2\Facades\" (önceki değer: "v4.0.30319") konum: C:\Program Files\dotnet\sdk\9.0.308\Microsoft.Common.CurrentVersion.targets (1293,7) [c:\Users\Muhammet\Documents\GitHub\Wonderland-Private-Server\RCLibrary\RCLibrary.csproj]
   2:6>"RCLibrary.csproj" projesinde "GetReferenceAssemblyPaths" hedefini oluşturma tamamlandı.
   3:6>_CheckForInvalidConfigurationAndPlatform:
       Yanlış koşul nedeniyle "MSBuildInternalMessage" görevi atlandı; ('$(IntermediateOutputPath)' != '' and !HasTrailingSlash('$(IntermediateOutputPath)')), ('obj\Debug\net462\' != '' and !HasTrailingSlash('obj\Debug\net462\')) olarak değerlendirildi.
   2:6>Yanlış koşul nedeniyle "AssignLinkMetadata" hedefi atlandı; ( '$(SynthesizeLinkMetadata)' == 'true' ), ( '' == 'true' ) olarak değerlendirildi.
   3:6>_CheckForInvalidConfigurationAndPlatform:
       Yanlış koşul nedeniyle "MSBuildInternalMessage" görevi atlandı; ('$(BaseIntermediateOutputPath)' != '' and !HasTrailingSlash('$(BaseIntermediateOutputPath)')), ('obj\' != '' and !HasTrailingSlash('obj\')) olarak değerlendirildi.
   2:6>Yanlış koşul nedeniyle "_VerifyPackReleaseConfigurations" hedefi atlandı; ('$(_IsPacking)' == 'true' and '$(DOTNET_CLI_DISABLE_PUBLISH_AND_PACK_RELEASE)' != 'true' and '$(DOTNET_CLI_LAZY_PUBLISH_AND_PACK_RELEASE_FOR_SOLUTIONS)' == 'true'), ('' == 'true' and '' != 'true' and '' == 'true') olarak değerlendirildi.
   3:6>_CheckForInvalidConfigurationAndPlatform:
       Yanlış koşul nedeniyle "MSBuildInternalMessage" görevi atlandı; ( '$(Prefer32Bit)' == 'true' and '$(PreferNativeArm64)' == 'true' ), ( 'false' == 'true' and 'false' == 'true' ) olarak değerlendirildi.
       Yanlış koşul nedeniyle "MSBuildInternalMessage" görevi atlandı; ( '$(NoWin32Manifest)' == 'true' and '$(PreferNativeArm64)' == 'true' ), ( '' == 'true' and 'false' == 'true' ) olarak değerlendirildi.
       Yanlış koşul nedeniyle "MSBuildInternalMessage" görevi atlandı; ( '$(PreferNativeArm64)' == 'true' and '$(Platform)' != 'AnyCPU' ), ( 'false' == 'true' and 'AnyCPU' != 'AnyCPU' ) olarak değerlendirildi.
       Yanlış koşul nedeniyle "MSBuildInternalMessage" görevi atlandı; ( '$(_InitialMSBuildProjectExtensionsPath)' != '' And '$(MSBuildProjectExtensionsPath)' != '$(_InitialMSBuildProjectExtensionsPath)' ), ( 'C:\Users\Muhammet\Documents\GitHub\Wonderland-Private-Server\PhoenixData\obj\' != '' And 'C:\Users\Muhammet\Documents\GitHub\Wonderland-Private-Server\PhoenixData\obj\' != 'C:\Users\Muhammet\Documents\GitHub\Wonderland-Private-Server\PhoenixData\obj\' ) olarak değerlendirildi.
       Yanlış koşul nedeniyle "MSBuildInternalMessage" görevi atlandı; ( '$(EnableBaseIntermediateOutputPathMismatchWarning)' == 'true' And '$(_InitialBaseIntermediateOutputPath)' != '$(BaseIntermediateOutputPath)' And '$(BaseIntermediateOutputPath)' != '$(MSBuildProjectExtensionsPath)' ), ( 'true' == 'true' And 'obj\' != 'obj\' And 'obj\' != 'C:\Users\Muhammet\Documents\GitHub\Wonderland-Private-Server\PhoenixData\obj\' ) olarak değerlendirildi.
   3:6>"PhoenixData.csproj" projesinde "_CheckForInvalidConfigurationAndPlatform" hedefini oluşturma tamamlandı.
   2:6>"c:\Users\Muhammet\Documents\GitHub\Wonderland-Private-Server\RCLibrary\RCLibrary.csproj" projesinin "C:\Program Files\dotnet\sdk\9.0.308\Microsoft.Common.CurrentVersion.targets" dosyasındaki "PrepareForBuild" hedefi ("CoreBuild" hedefi buna bağımlı):
   2:6>"Microsoft.Build.Tasks.Core, Version=15.1.0.0, Culture=neutral, PublicKeyToken=b03f5f7f11d50a3a" derlemesindeki "FindAppConfigFile" görevi kullanılıyor.
       "FindAppConfigFile" görevi
   3:6>"c:\Users\Muhammet\Documents\GitHub\Wonderland-Private-Server\PhoenixData\PhoenixData.csproj" projesinin "C:\Program Files\dotnet\sdk\9.0.308\Sdks\Microsoft.NET.Sdk\targets\Microsoft.NET.Sdk.targets" dosyasındaki "ValidateCommandLineProperties" hedefi ("BeforeBuild" hedefi buna bağımlı):
   3:6>"PhoenixData.csproj" projesinde "ValidateCommandLineProperties" hedefini oluşturma tamamlandı.
   3:6>"c:\Users\Muhammet\Documents\GitHub\Wonderland-Private-Server\PhoenixData\PhoenixData.csproj" projesinin "C:\Program Files\dotnet\sdk\9.0.308\Microsoft.Common.CurrentVersion.targets" dosyasındaki "BeforeBuild" hedefi ("Build" hedefi buna bağımlı):
   3:6>"PhoenixData.csproj" projesinde "BeforeBuild" hedefini oluşturma tamamlandı.
   2:6>"FindAppConfigFile" görevini yürütme tamamlandı.
   3:6>Yanlış koşul nedeniyle "_CheckForBuildWithNoBuild" hedefi atlandı; ('$(NoBuild)' == 'true' and '$(GeneratePackageOnBuild)' != 'true'), ('' == 'true' and 'false' != 'true') olarak değerlendirildi.
   3:6>"c:\Users\Muhammet\Documents\GitHub\Wonderland-Private-Server\PhoenixData\PhoenixData.csproj" projesinin "C:\Program Files\dotnet\sdk\9.0.308\Microsoft.Common.CurrentVersion.targets" dosyasındaki "BuildOnlySettings" hedefi ("CoreBuild" hedefi buna bağımlı):
       C:\Program Files\dotnet\sdk\9.0.308\Microsoft.Common.CurrentVersion.targets(1168,7): message : Özellik yeniden ataması: $(BuildingProject)="true" (önceki değer: "false") konum: C:\Program Files\dotnet\sdk\9.0.308\Microsoft.Common.CurrentVersion.targets (1168,7) [c:\Users\Muhammet\Documents\GitHub\Wonderland-Private-Server\PhoenixData\PhoenixData.csproj]
   3:6>"PhoenixData.csproj" projesinde "BuildOnlySettings" hedefini oluşturma tamamlandı.
   2:6>PrepareForBuild:
       "Microsoft.Build.Tasks.Core, Version=15.1.0.0, Culture=neutral, PublicKeyToken=b03f5f7f11d50a3a" derlemesindeki "MakeDir" görevi kullanılıyor.
       "MakeDir" görevi
   3:6>Yanlış koşul nedeniyle "_CheckForUnsupportedTargetFramework" hedefi atlandı; ('$(_UnsupportedTargetFrameworkError)' == 'true'), ('' == 'true') olarak değerlendirildi.
       Yanlış koşul nedeniyle "_CheckForUnsupportedTargetPlatformIdentifier" hedefi atlandı; ('$(TargetPlatformIdentifier)' != '' and '$(TargetFrameworkIdentifier)' == '.NETCoreApp' and $([MSBuild]::VersionGreaterThanOrEquals($(TargetFrameworkVersion), 5.0)) And ('$(DesignTimeBuild)' != 'true' Or '@(MissingWorkloadPack)' == '')), ('Windows' != '' and '.NETFramework' == '.NETCoreApp' and False And ('' != 'true' Or '' == '')) olarak değerlendirildi.
       Yanlış koşul nedeniyle "_CheckForMissingWorkload" hedefi atlandı; ('@(MissingWorkloadPack)' != '' And '$(DesignTimeBuild)' != 'true'), ('' != '' And '' != 'true') olarak değerlendirildi.
   3:6>"c:\Users\Muhammet\Documents\GitHub\Wonderland-Private-Server\PhoenixData\PhoenixData.csproj" projesinin "C:\Program Files\dotnet\sdk\9.0.308\Microsoft.NETFramework.CurrentVersion.targets" dosyasındaki "GetFrameworkPaths" hedefi ("PrepareForBuild" hedefi buna bağımlı):
   3:6>"PhoenixData.csproj" projesinde "GetFrameworkPaths" hedefini oluşturma tamamlandı.
       "GetFrameworkPaths" hedefi atlandı. Önceden başarılı bir şekilde derlenmişti.
       Yanlış koşul nedeniyle "_CheckForUnsupportedTargetFramework" hedefi atlandı; ('$(_UnsupportedTargetFrameworkError)' == 'true'), ('' == 'true') olarak değerlendirildi.
       Yanlış koşul nedeniyle "_CheckForUnsupportedTargetPlatformIdentifier" hedefi atlandı; ('$(TargetPlatformIdentifier)' != '' and '$(TargetFrameworkIdentifier)' == '.NETCoreApp' and $([MSBuild]::VersionGreaterThanOrEquals($(TargetFrameworkVersion), 5.0)) And ('$(DesignTimeBuild)' != 'true' Or '@(MissingWorkloadPack)' == '')), ('Windows' != '' and '.NETFramework' == '.NETCoreApp' and False And ('' != 'true' Or '' == '')) olarak değerlendirildi.
       Yanlış koşul nedeniyle "_CheckForMissingWorkload" hedefi atlandı; ('@(MissingWorkloadPack)' != '' And '$(DesignTimeBuild)' != 'true'), ('' != '' And '' != 'true') olarak değerlendirildi.
   3:6>"c:\Users\Muhammet\Documents\GitHub\Wonderland-Private-Server\PhoenixData\PhoenixData.csproj" projesinin "C:\Program Files\dotnet\sdk\9.0.308\Microsoft.Common.CurrentVersion.targets" dosyasındaki "GetReferenceAssemblyPaths" hedefi ("PrepareForBuild" hedefi buna bağımlı):
       C:\Program Files\dotnet\sdk\9.0.308\Microsoft.Common.CurrentVersion.targets(1255,7): message : Özellik yeniden ataması: $(TargetFrameworkDirectory)="" (önceki değer: "v4.0.30319") konum: C:\Program Files\dotnet\sdk\9.0.308\Microsoft.Common.CurrentVersion.targets (1255,7) [c:\Users\Muhammet\Documents\GitHub\Wonderland-Private-Server\PhoenixData\PhoenixData.csproj]
       "GetReferenceAssemblyPaths" görevi
       C:\Program Files\dotnet\sdk\9.0.308\Microsoft.Common.CurrentVersion.targets(1267,7): message : Özellik yeniden ataması: $(_FullFrameworkReferenceAssemblyPaths)="C:\Program Files %28x86%29\Reference Assemblies\Microsoft\Framework\.NETFramework\v4.6.2\" (önceki değer: "C:\Program Files (x86)\Reference Assemblies\Microsoft\Framework\.NETFramework\v4.6.2\") konum: C:\Program Files\dotnet\sdk\9.0.308\Microsoft.Common.CurrentVersion.targets (1267,7) [c:\Users\Muhammet\Documents\GitHub\Wonderland-Private-Server\PhoenixData\PhoenixData.csproj]
       "GetReferenceAssemblyPaths" görevini yürütme tamamlandı.
       C:\Program Files\dotnet\sdk\9.0.308\Microsoft.Common.CurrentVersion.targets(1272,7): message : Özellik yeniden ataması: $(TargetFrameworkDirectory)="C:\Program Files %28x86%29\Reference Assemblies\Microsoft\Framework\.NETFramework\v4.6.2\;;" (önceki değer: "v4.0.30319") konum: C:\Program Files\dotnet\sdk\9.0.308\Microsoft.Common.CurrentVersion.targets (1272,7) [c:\Users\Muhammet\Documents\GitHub\Wonderland-Private-Server\PhoenixData\PhoenixData.csproj]
       C:\Program Files\dotnet\sdk\9.0.308\Microsoft.Common.CurrentVersion.targets(1293,7): message : Özellik yeniden ataması: $(TargetFrameworkDirectory)="C:\Program Files %28x86%29\Reference Assemblies\Microsoft\Framework\.NETFramework\v4.6.2\;;;C:\Program Files %28x86%29\Reference Assemblies\Microsoft\Framework\.NETFramework\v4.6.2\Facades\" (önceki değer: "v4.0.30319") konum: C:\Program Files\dotnet\sdk\9.0.308\Microsoft.Common.CurrentVersion.targets (1293,7) [c:\Users\Muhammet\Documents\GitHub\Wonderland-Private-Server\PhoenixData\PhoenixData.csproj]
   3:6>"PhoenixData.csproj" projesinde "GetReferenceAssemblyPaths" hedefini oluşturma tamamlandı.
       Yanlış koşul nedeniyle "AssignLinkMetadata" hedefi atlandı; ( '$(SynthesizeLinkMetadata)' == 'true' ), ( '' == 'true' ) olarak değerlendirildi.
       Yanlış koşul nedeniyle "_VerifyPackReleaseConfigurations" hedefi atlandı; ('$(_IsPacking)' == 'true' and '$(DOTNET_CLI_DISABLE_PUBLISH_AND_PACK_RELEASE)' != 'true' and '$(DOTNET_CLI_LAZY_PUBLISH_AND_PACK_RELEASE_FOR_SOLUTIONS)' == 'true'), ('' == 'true' and '' != 'true' and '' == 'true') olarak değerlendirildi.
   3:6>"c:\Users\Muhammet\Documents\GitHub\Wonderland-Private-Server\PhoenixData\PhoenixData.csproj" projesinin "C:\Program Files\dotnet\sdk\9.0.308\Microsoft.Common.CurrentVersion.targets" dosyasındaki "PrepareForBuild" hedefi ("CoreBuild" hedefi buna bağımlı):
       "FindAppConfigFile" görevi
       "FindAppConfigFile" görevini yürütme tamamlandı.
       "MakeDir" görevi
       "MakeDir" görevini yürütme tamamlandı.
   3:6>"PhoenixData.csproj" projesinde "PrepareForBuild" hedefini oluşturma tamamlandı.
       Yanlış koşul nedeniyle "GenerateTargetPlatformDefineConstants" hedefi atlandı; ( '$(DisableImplicitFrameworkDefines)' != 'true' and '$(TargetPlatformIdentifier)' != '' and '$(TargetFrameworkIdentifier)' == '.NETCoreApp' and $([MSBuild]::VersionGreaterThanOrEquals($(TargetFrameworkVersion), 5.0)) ), ( '' != 'true' and 'Windows' != '' and '.NETFramework' == '.NETCoreApp' and False ) olarak değerlendirildi.
   2:6>"MakeDir" görevini yürütme tamamlandı.
   2:6>"RCLibrary.csproj" projesinde "PrepareForBuild" hedefini oluşturma tamamlandı.
   3:6>"c:\Users\Muhammet\Documents\GitHub\Wonderland-Private-Server\PhoenixData\PhoenixData.csproj" projesinin "C:\Program Files\dotnet\sdk\9.0.308\Sdks\Microsoft.NET.Sdk\targets\Microsoft.NET.Sdk.BeforeCommon.targets" dosyasındaki "GenerateNETCompatibleDefineConstants" hedefi ("AddImplicitDefineConstants" hedefi buna bağımlı):
   3:6>"PhoenixData.csproj" projesinde "GenerateNETCompatibleDefineConstants" hedefini oluşturma tamamlandı.
   2:6>Yanlış koşul nedeniyle "GenerateTargetPlatformDefineConstants" hedefi atlandı; ( '$(DisableImplicitFrameworkDefines)' != 'true' and '$(TargetPlatformIdentifier)' != '' and '$(TargetFrameworkIdentifier)' == '.NETCoreApp' and $([MSBuild]::VersionGreaterThanOrEquals($(TargetFrameworkVersion), 5.0)) ), ( '' != 'true' and 'Windows' != '' and '.NETFramework' == '.NETCoreApp' and False ) olarak değerlendirildi.
   3:6>Yanlış koşul nedeniyle "GeneratePlatformCompatibleDefineConstants" hedefi atlandı; ( '$(DisableImplicitFrameworkDefines)' != 'true' and '$(TargetPlatformIdentifier)' != '' and '$(TargetFrameworkIdentifier)' == '.NETCoreApp' and $([MSBuild]::VersionGreaterThanOrEquals($(TargetFrameworkVersion), 5.0)) ), ( '' != 'true' and 'Windows' != '' and '.NETFramework' == '.NETCoreApp' and False ) olarak değerlendirildi.
       Yanlış koşul nedeniyle "_DisableDiagnosticTracing" hedefi atlandı; ('$(DisableDiagnosticTracing)' == 'true'), ('' == 'true') olarak değerlendirildi.
   3:6>"c:\Users\Muhammet\Documents\GitHub\Wonderland-Private-Server\PhoenixData\PhoenixData.csproj" projesinin "C:\Program Files\dotnet\sdk\9.0.308\Sdks\Microsoft.NET.Sdk\targets\Microsoft.NET.Sdk.BeforeCommon.targets" dosyasındaki "AddImplicitDefineConstants" hedefi ("CoreBuild" hedefi buna bağımlı):
       C:\Program Files\dotnet\sdk\9.0.308\Sdks\Microsoft.NET.Sdk\targets\Microsoft.NET.Sdk.BeforeCommon.targets(267,7): message : Özellik yeniden ataması: $(DefineConstants)="TRACE;DEBUG;NETFRAMEWORK;NET462;;NET20_OR_GREATER;NET30_OR_GREATER;NET35_OR_GREATER;NET40_OR_GREATER;NET45_OR_GREATER;NET451_OR_GREATER;NET452_OR_GREATER;NET46_OR_GREATER;NET461_OR_GREATER;NET462_OR_GREATER" (önceki değer: "TRACE;DEBUG;NETFRAMEWORK;NET462;") konum: C:\Program Files\dotnet\sdk\9.0.308\Sdks\Microsoft.NET.Sdk\targets\Microsoft.NET.Sdk.BeforeCommon.targets (267,7) [c:\Users\Muhammet\Documents\GitHub\Wonderland-Private-Server\PhoenixData\PhoenixData.csproj]
   3:6>"PhoenixData.csproj" projesinde "AddImplicitDefineConstants" hedefini oluşturma tamamlandı.
       Yanlış koşul nedeniyle "GenerateGlobalUsings" hedefi atlandı; (@(Using->Count()) != 0), (0 != 0) olarak değerlendirildi.
       Yanlış koşul nedeniyle "PreBuildEvent" hedefi atlandı; ('$(PreBuildEvent)'!=''), (''!='') olarak değerlendirildi.
       Yanlış koşul nedeniyle "_BlockWinMDsOnUnsupportedTFMs" hedefi atlandı; ('$(TargetFrameworkIdentifier)' == '.NETCoreApp' and $([MSBuild]::VersionGreaterThanOrEquals($(TargetFrameworkVersion), '5.0'))), ('.NETFramework' == '.NETCoreApp' and False) olarak değerlendirildi.
   3:6>"c:\Users\Muhammet\Documents\GitHub\Wonderland-Private-Server\PhoenixData\PhoenixData.csproj" projesinin "C:\Program Files\dotnet\sdk\9.0.308\Microsoft.Common.CurrentVersion.targets" dosyasındaki "BeforeResolveReferences" hedefi ("ResolveReferences" hedefi buna bağımlı):
   3:6>"PhoenixData.csproj" projesinde "BeforeResolveReferences" hedefini oluşturma tamamlandı.
   2:6>"c:\Users\Muhammet\Documents\GitHub\Wonderland-Private-Server\RCLibrary\RCLibrary.csproj" projesinin "C:\Program Files\dotnet\sdk\9.0.308\Sdks\Microsoft.NET.Sdk\targets\Microsoft.NET.Sdk.BeforeCommon.targets" dosyasındaki "GenerateNETCompatibleDefineConstants" hedefi ("AddImplicitDefineConstants" hedefi buna bağımlı):
   2:6>"RCLibrary.csproj" projesinde "GenerateNETCompatibleDefineConstants" hedefini oluşturma tamamlandı.
       Yanlış koşul nedeniyle "GeneratePlatformCompatibleDefineConstants" hedefi atlandı; ( '$(DisableImplicitFrameworkDefines)' != 'true' and '$(TargetPlatformIdentifier)' != '' and '$(TargetFrameworkIdentifier)' == '.NETCoreApp' and $([MSBuild]::VersionGreaterThanOrEquals($(TargetFrameworkVersion), 5.0)) ), ( '' != 'true' and 'Windows' != '' and '.NETFramework' == '.NETCoreApp' and False ) olarak değerlendirildi.
       Yanlış koşul nedeniyle "_DisableDiagnosticTracing" hedefi atlandı; ('$(DisableDiagnosticTracing)' == 'true'), ('' == 'true') olarak değerlendirildi.
   2:6>"c:\Users\Muhammet\Documents\GitHub\Wonderland-Private-Server\RCLibrary\RCLibrary.csproj" projesinin "C:\Program Files\dotnet\sdk\9.0.308\Sdks\Microsoft.NET.Sdk\targets\Microsoft.NET.Sdk.BeforeCommon.targets" dosyasındaki "AddImplicitDefineConstants" hedefi ("CoreBuild" hedefi buna bağımlı):
       C:\Program Files\dotnet\sdk\9.0.308\Sdks\Microsoft.NET.Sdk\targets\Microsoft.NET.Sdk.BeforeCommon.targets(267,7): message : Özellik yeniden ataması: $(DefineConstants)="TRACE;DEBUG;NETFRAMEWORK;NET462;;NET30_OR_GREATER;NET35_OR_GREATER;NET40_OR_GREATER;NET45_OR_GREATER;NET451_OR_GREATER;NET452_OR_GREATER;NET46_OR_GREATER;NET461_OR_GREATER;NET462_OR_GREATER" (önceki değer: "TRACE;DEBUG;NETFRAMEWORK;NET462;") konum: C:\Program Files\dotnet\sdk\9.0.308\Sdks\Microsoft.NET.Sdk\targets\Microsoft.NET.Sdk.BeforeCommon.targets (267,7) [c:\Users\Muhammet\Documents\GitHub\Wonderland-Private-Server\RCLibrary\RCLibrary.csproj]
   2:6>"RCLibrary.csproj" projesinde "AddImplicitDefineConstants" hedefini oluşturma tamamlandı.
       Yanlış koşul nedeniyle "GenerateGlobalUsings" hedefi atlandı; (@(Using->Count()) != 0), (0 != 0) olarak değerlendirildi.
       Yanlış koşul nedeniyle "PreBuildEvent" hedefi atlandı; ('$(PreBuildEvent)'!=''), (''!='') olarak değerlendirildi.
   3:6>Yanlış koşul nedeniyle "AssignProjectConfiguration" hedefi atlandı; ('$(CurrentSolutionConfigurationContents)' != '' or '@(ProjectReference)'!=''), ('' != '' or ''!='') olarak değerlendirildi.
   2:6>Yanlış koşul nedeniyle "_BlockWinMDsOnUnsupportedTFMs" hedefi atlandı; ('$(TargetFrameworkIdentifier)' == '.NETCoreApp' and $([MSBuild]::VersionGreaterThanOrEquals($(TargetFrameworkVersion), '5.0'))), ('.NETFramework' == '.NETCoreApp' and False) olarak değerlendirildi.
   2:6>"c:\Users\Muhammet\Documents\GitHub\Wonderland-Private-Server\RCLibrary\RCLibrary.csproj" projesinin "C:\Program Files\dotnet\sdk\9.0.308\Microsoft.Common.CurrentVersion.targets" dosyasındaki "BeforeResolveReferences" hedefi ("ResolveReferences" hedefi buna bağımlı):
   2:6>"RCLibrary.csproj" projesinde "BeforeResolveReferences" hedefini oluşturma tamamlandı.
       Yanlış koşul nedeniyle "AssignProjectConfiguration" hedefi atlandı; ('$(CurrentSolutionConfigurationContents)' != '' or '@(ProjectReference)'!=''), ('' != '' or ''!='') olarak değerlendirildi.
   2:6>"c:\Users\Muhammet\Documents\GitHub\Wonderland-Private-Server\RCLibrary\RCLibrary.csproj" projesinin "C:\Program Files\dotnet\sdk\9.0.308\Microsoft.Common.CurrentVersion.targets" dosyasındaki "IgnoreJavaScriptOutputAssembly" hedefi ("AssignProjectConfiguration" hedefi buna bağımlı):
   2:6>"RCLibrary.csproj" projesinde "IgnoreJavaScriptOutputAssembly" hedefini oluşturma tamamlandı.
   3:6>"c:\Users\Muhammet\Documents\GitHub\Wonderland-Private-Server\PhoenixData\PhoenixData.csproj" projesinin "C:\Program Files\dotnet\sdk\9.0.308\Microsoft.Common.CurrentVersion.targets" dosyasındaki "IgnoreJavaScriptOutputAssembly" hedefi ("AssignProjectConfiguration" hedefi buna bağımlı):
   3:6>"PhoenixData.csproj" projesinde "IgnoreJavaScriptOutputAssembly" hedefini oluşturma tamamlandı.
   2:6>Yanlış koşul nedeniyle "ProcessFrameworkReferences" hedefi atlandı; ('@(FrameworkReference)' != '' Or '$(_RequiresILLinkPack)' == 'true'), ('' != '' Or 'false' == 'true') olarak değerlendirildi.
   3:6>Yanlış koşul nedeniyle "ProcessFrameworkReferences" hedefi atlandı; ('@(FrameworkReference)' != '' Or '$(_RequiresILLinkPack)' == 'true'), ('' != '' Or 'false' == 'true') olarak değerlendirildi.
   2:6>Yanlış koşul nedeniyle "_NormalizeTargetPlatformVersion" hedefi atlandı; ('$(TargetPlatformVersion)' != '' and '$(TargetFrameworkIdentifier)' == '.NETCoreApp' and $([MSBuild]::VersionGreaterThanOrEquals($(TargetFrameworkVersion), 5.0)) and ('$(Language)' != 'C++' or '$(_EnablePackageReferencesInVCProjects)' == 'true')), ('7.0' != '' and '.NETFramework' == '.NETCoreApp' and False and ('C#' != 'C++' or '' == 'true')) olarak değerlendirildi.
   3:6>Yanlış koşul nedeniyle "_NormalizeTargetPlatformVersion" hedefi atlandı; ('$(TargetPlatformVersion)' != '' and '$(TargetFrameworkIdentifier)' == '.NETCoreApp' and $([MSBuild]::VersionGreaterThanOrEquals($(TargetFrameworkVersion), 5.0)) and ('$(Language)' != 'C++' or '$(_EnablePackageReferencesInVCProjects)' == 'true')), ('7.0' != '' and '.NETFramework' == '.NETCoreApp' and False and ('C#' != 'C++' or '' == 'true')) olarak değerlendirildi.
   2:6>"c:\Users\Muhammet\Documents\GitHub\Wonderland-Private-Server\RCLibrary\RCLibrary.csproj" projesinin "C:\Program Files\dotnet\sdk\9.0.308\Sdks\Microsoft.NET.Sdk\targets\Microsoft.NET.Sdk.Shared.targets" dosyasındaki "_DefaultMicrosoftNETPlatformLibrary" hedefi ("ResolvePackageAssets" hedefi buna bağımlı):
   2:6>"RCLibrary.csproj" projesinde "_DefaultMicrosoftNETPlatformLibrary" hedefini oluşturma tamamlandı.
   2:6>"c:\Users\Muhammet\Documents\GitHub\Wonderland-Private-Server\RCLibrary\RCLibrary.csproj" projesinin "C:\Program Files\dotnet\sdk\9.0.308\Sdks\Microsoft.NET.Sdk\targets\Microsoft.NET.Sdk.Shared.targets" dosyasındaki "_ComputePackageReferencePublish" hedefi ("ResolvePackageAssets" hedefi buna bağımlı):
   2:6>"RCLibrary.csproj" projesinde "_ComputePackageReferencePublish" hedefini oluşturma tamamlandı.
       Yanlış koşul nedeniyle "_ResolveCompilerVersion" hedefi atlandı; ('$(CompilerApiVersion)' == '' And
                            ('$(Language)' == 'C#' Or '$(Language)' == 'VB') And
                            Exists('$(RoslynTargetsPath)\Microsoft.Build.Tasks.CodeAnalysis.dll')), ('roslyn4.14' == '' And
                            ('C#' == 'C#' Or 'C#' == 'VB') And
                            Exists('C:\Program Files\dotnet\sdk\9.0.308\Roslyn\Microsoft.Build.Tasks.CodeAnalysis.dll')) olarak değerlendirildi.
   3:6>"c:\Users\Muhammet\Documents\GitHub\Wonderland-Private-Server\PhoenixData\PhoenixData.csproj" projesinin "C:\Program Files\dotnet\sdk\9.0.308\Sdks\Microsoft.NET.Sdk\targets\Microsoft.NET.Sdk.Shared.targets" dosyasındaki "_DefaultMicrosoftNETPlatformLibrary" hedefi ("ResolvePackageAssets" hedefi buna bağımlı):
   3:6>"PhoenixData.csproj" projesinde "_DefaultMicrosoftNETPlatformLibrary" hedefini oluşturma tamamlandı.
   2:6>"c:\Users\Muhammet\Documents\GitHub\Wonderland-Private-Server\RCLibrary\RCLibrary.csproj" projesinin "C:\Program Files\dotnet\sdk\9.0.308\Sdks\Microsoft.NET.Sdk\targets\Microsoft.PackageDependencyResolution.targets" dosyasındaki "ResolvePackageAssets" hedefi ("ResolveLockFileReferences" hedefi buna bağımlı):
   2:6>"C:\Program Files\dotnet\sdk\9.0.308\Sdks\Microsoft.NET.Sdk\targets\..\tools\net9.0\Microsoft.NET.Build.Tasks.dll" derlemesindeki "ResolvePackageAssets" görevi kullanılıyor.
       "ResolvePackageAssets" görevi
   3:6>"c:\Users\Muhammet\Documents\GitHub\Wonderland-Private-Server\PhoenixData\PhoenixData.csproj" projesinin "C:\Program Files\dotnet\sdk\9.0.308\Sdks\Microsoft.NET.Sdk\targets\Microsoft.NET.Sdk.Shared.targets" dosyasındaki "_ComputePackageReferencePublish" hedefi ("ResolvePackageAssets" hedefi buna bağımlı):
   3:6>"PhoenixData.csproj" projesinde "_ComputePackageReferencePublish" hedefini oluşturma tamamlandı.
       Yanlış koşul nedeniyle "_ResolveCompilerVersion" hedefi atlandı; ('$(CompilerApiVersion)' == '' And
                            ('$(Language)' == 'C#' Or '$(Language)' == 'VB') And
                            Exists('$(RoslynTargetsPath)\Microsoft.Build.Tasks.CodeAnalysis.dll')), ('roslyn4.14' == '' And
                            ('C#' == 'C#' Or 'C#' == 'VB') And
                            Exists('C:\Program Files\dotnet\sdk\9.0.308\Roslyn\Microsoft.Build.Tasks.CodeAnalysis.dll')) olarak değerlendirildi.
   3:6>"c:\Users\Muhammet\Documents\GitHub\Wonderland-Private-Server\PhoenixData\PhoenixData.csproj" projesinin "C:\Program Files\dotnet\sdk\9.0.308\Sdks\Microsoft.NET.Sdk\targets\Microsoft.PackageDependencyResolution.targets" dosyasındaki "ResolvePackageAssets" hedefi ("ResolveLockFileReferences" hedefi buna bağımlı):
       "C:\Program Files\dotnet\sdk\9.0.308\Sdks\Microsoft.NET.Sdk\targets\..\tools\net9.0\Microsoft.NET.Build.Tasks.dll" derlemesindeki "ResolvePackageAssets" görevi kullanılıyor.
       "ResolvePackageAssets" görevi
       "ResolvePackageAssets" görevini yürütme tamamlandı.
   3:6>"PhoenixData.csproj" projesinde "ResolvePackageAssets" hedefini oluşturma tamamlandı.
       Yanlış koşul nedeniyle "AdjustDefaultPlatformTargetForNetFrameworkExeWithNoNativeCopyLocalItems" hedefi atlandı; ('$(_UsingDefaultPlatformTarget)' == 'true' and
                            '$(_UsingDefaultRuntimeIdentifier)' == 'true'), ('true' == 'true' and
                            '' == 'true') olarak değerlendirildi.
       Yanlış koşul nedeniyle "_CheckForTransitiveWindowsDesktopDependencies" hedefi atlandı; ('$(TargetFrameworkIdentifier)' == '.NETCoreApp' and $([MSBuild]::VersionGreaterThanOrEquals($(_TargetFrameworkVersionWithoutV), '5.0')) and '$(TargetPlatformIdentifier)' != 'Windows' and '@(TransitiveFrameworkReference)' != ''), ('.NETFramework' == '.NETCoreApp' and False and 'Windows' != 'Windows' and '' != '') olarak değerlendirildi.
       Yanlış koşul nedeniyle "AddTransitiveFrameworkReferences" hedefi atlandı; ('@(TransitiveFrameworkReference)' != ''), ('' != '') olarak değerlendirildi.
       Yanlış koşul nedeniyle "_CheckForTransitiveWindowsSDKFullDependencies" hedefi atlandı; ( '$(TargetFrameworkIdentifier)' == '.NETCoreApp'
                             and '$(TargetPlatformIdentifier)' == 'Windows'
                             and '@(TransitiveFrameworkReference)' != ''
                             and '$(UseUwp)' != 'true' ), ( '.NETFramework' == '.NETCoreApp'
                             and 'Windows' == 'Windows'
                             and '' != ''
                             and '' != 'true' ) olarak değerlendirildi.
       Yanlış koşul nedeniyle "_CheckForInvalidTfmForWindowsSDKXamlDependencies" hedefi atlandı; ( !('$(TargetFrameworkIdentifier)' == '.NETCoreApp' and $([MSBuild]::VersionGreaterThanOrEquals($(TargetFrameworkVersion), '8.0')) and '$(TargetPlatformIdentifier)' == 'Windows')
                             and '$(UseUwp)' == 'true' ), ( !('.NETFramework' == '.NETCoreApp' and False and 'Windows' == 'Windows')
                             and '' == 'true' ) olarak değerlendirildi.
   3:6>"c:\Users\Muhammet\Documents\GitHub\Wonderland-Private-Server\PhoenixData\PhoenixData.csproj" projesinin "C:\Program Files\dotnet\sdk\9.0.308\Sdks\Microsoft.NET.Sdk\targets\Microsoft.PackageDependencyResolution.targets" dosyasındaki "ResolveLockFileReferences" hedefi ("ResolvePackageDependenciesForBuild" hedefi buna bağımlı):
       "C:\Program Files\dotnet\sdk\9.0.308\Sdks\Microsoft.NET.Sdk\targets\..\tools\net9.0\Microsoft.NET.Build.Tasks.dll" derlemesindeki "JoinItems" görevi kullanılıyor.
       "JoinItems" görevi
   2:6>"ResolvePackageAssets" görevini yürütme tamamlandı.
   2:6>"RCLibrary.csproj" projesinde "ResolvePackageAssets" hedefini oluşturma tamamlandı.
       Yanlış koşul nedeniyle "AdjustDefaultPlatformTargetForNetFrameworkExeWithNoNativeCopyLocalItems" hedefi atlandı; ('$(_UsingDefaultPlatformTarget)' == 'true' and
                            '$(_UsingDefaultRuntimeIdentifier)' == 'true'), ('true' == 'true' and
                            '' == 'true') olarak değerlendirildi.
       Yanlış koşul nedeniyle "_CheckForTransitiveWindowsDesktopDependencies" hedefi atlandı; ('$(TargetFrameworkIdentifier)' == '.NETCoreApp' and $([MSBuild]::VersionGreaterThanOrEquals($(_TargetFrameworkVersionWithoutV), '5.0')) and '$(TargetPlatformIdentifier)' != 'Windows' and '@(TransitiveFrameworkReference)' != ''), ('.NETFramework' == '.NETCoreApp' and False and 'Windows' != 'Windows' and '' != '') olarak değerlendirildi.
       Yanlış koşul nedeniyle "AddTransitiveFrameworkReferences" hedefi atlandı; ('@(TransitiveFrameworkReference)' != ''), ('' != '') olarak değerlendirildi.
       Yanlış koşul nedeniyle "_CheckForTransitiveWindowsSDKFullDependencies" hedefi atlandı; ( '$(TargetFrameworkIdentifier)' == '.NETCoreApp'
                             and '$(TargetPlatformIdentifier)' == 'Windows'
                             and '@(TransitiveFrameworkReference)' != ''
                             and '$(UseUwp)' != 'true' ), ( '.NETFramework' == '.NETCoreApp'
                             and 'Windows' == 'Windows'
                             and '' != ''
                             and '' != 'true' ) olarak değerlendirildi.
       Yanlış koşul nedeniyle "_CheckForInvalidTfmForWindowsSDKXamlDependencies" hedefi atlandı; ( !('$(TargetFrameworkIdentifier)' == '.NETCoreApp' and $([MSBuild]::VersionGreaterThanOrEquals($(TargetFrameworkVersion), '8.0')) and '$(TargetPlatformIdentifier)' == 'Windows')
                             and '$(UseUwp)' == 'true' ), ( !('.NETFramework' == '.NETCoreApp' and False and 'Windows' == 'Windows')
                             and '' == 'true' ) olarak değerlendirildi.
   3:6>"JoinItems" görevini yürütme tamamlandı.
   3:6>"PhoenixData.csproj" projesinde "ResolveLockFileReferences" hedefini oluşturma tamamlandı.
   2:6>"c:\Users\Muhammet\Documents\GitHub\Wonderland-Private-Server\RCLibrary\RCLibrary.csproj" projesinin "C:\Program Files\dotnet\sdk\9.0.308\Sdks\Microsoft.NET.Sdk\targets\Microsoft.PackageDependencyResolution.targets" dosyasındaki "ResolveLockFileReferences" hedefi ("ResolvePackageDependenciesForBuild" hedefi buna bağımlı):
   2:6>"C:\Program Files\dotnet\sdk\9.0.308\Sdks\Microsoft.NET.Sdk\targets\..\tools\net9.0\Microsoft.NET.Build.Tasks.dll" derlemesindeki "JoinItems" görevi kullanılıyor.
       "JoinItems" görevi
   3:6>"ResolvePackageAssets" hedefi atlandı. Önceden başarılı bir şekilde derlenmişti.
   2:6>"JoinItems" görevini yürütme tamamlandı.
   2:6>"RCLibrary.csproj" projesinde "ResolveLockFileReferences" hedefini oluşturma tamamlandı.
       "ResolvePackageAssets" hedefi atlandı. Önceden başarılı bir şekilde derlenmişti.
   2:6>"c:\Users\Muhammet\Documents\GitHub\Wonderland-Private-Server\RCLibrary\RCLibrary.csproj" projesinin "C:\Program Files\dotnet\sdk\9.0.308\Sdks\Microsoft.NET.Sdk\targets\Microsoft.PackageDependencyResolution.targets" dosyasındaki "ResolveLockFileAnalyzers" hedefi ("ResolvePackageDependenciesForBuild" hedefi buna bağımlı):
   2:6>"RCLibrary.csproj" projesinde "ResolveLockFileAnalyzers" hedefini oluşturma tamamlandı.
       "ResolvePackageAssets" hedefi atlandı. Önceden başarılı bir şekilde derlenmişti.
       Yanlış koşul nedeniyle "RunProduceContentAssets" hedefi atlandı; ('@(_ContentFilesToPreprocess)' != '' and '$(_CleaningWithoutRebuilding)' != 'true'), ('' != '' and '' != 'true') olarak değerlendirildi.
   3:6>"c:\Users\Muhammet\Documents\GitHub\Wonderland-Private-Server\PhoenixData\PhoenixData.csproj" projesinin "C:\Program Files\dotnet\sdk\9.0.308\Sdks\Microsoft.NET.Sdk\targets\Microsoft.PackageDependencyResolution.targets" dosyasındaki "ResolveLockFileAnalyzers" hedefi ("ResolvePackageDependenciesForBuild" hedefi buna bağımlı):
   3:6>"PhoenixData.csproj" projesinde "ResolveLockFileAnalyzers" hedefini oluşturma tamamlandı.
   2:6>"c:\Users\Muhammet\Documents\GitHub\Wonderland-Private-Server\RCLibrary\RCLibrary.csproj" projesinin "C:\Program Files\dotnet\sdk\9.0.308\Sdks\Microsoft.NET.Sdk\targets\Microsoft.PackageDependencyResolution.targets" dosyasındaki "ResolveLockFileCopyLocalFiles" hedefi ("ResolvePackageDependenciesForBuild" hedefi buna bağımlı):
   2:6>"RCLibrary.csproj" projesinde "ResolveLockFileCopyLocalFiles" hedefini oluşturma tamamlandı.
       Yanlış koşul nedeniyle "ResolveRuntimePackAssets" hedefi atlandı; ('@(RuntimePack)' != ''), ('' != '') olarak değerlendirildi.
       Yanlış koşul nedeniyle "RunProduceContentAssets" hedefi atlandı; ('@(_ContentFilesToPreprocess)' != '' and '$(_CleaningWithoutRebuilding)' != 'true'), ('' != '' and '' != 'true') olarak değerlendirildi.
       "ResolvePackageAssets" hedefi atlandı. Önceden başarılı bir şekilde derlenmişti.
   2:6>"c:\Users\Muhammet\Documents\GitHub\Wonderland-Private-Server\RCLibrary\RCLibrary.csproj" projesinin "C:\Program Files\dotnet\sdk\9.0.308\Sdks\Microsoft.NET.Sdk\targets\Microsoft.PackageDependencyResolution.targets" dosyasındaki "IncludeTransitiveProjectReferences" hedefi ("ResolvePackageDependenciesForBuild" hedefi buna bağımlı):
   2:6>"RCLibrary.csproj" projesinde "IncludeTransitiveProjectReferences" hedefini oluşturma tamamlandı.
   2:6>"c:\Users\Muhammet\Documents\GitHub\Wonderland-Private-Server\RCLibrary\RCLibrary.csproj" projesinin "C:\Program Files\dotnet\sdk\9.0.308\Sdks\Microsoft.NET.Sdk\targets\Microsoft.PackageDependencyResolution.targets" dosyasındaki "ResolvePackageDependenciesForBuild" hedefi ("AssignProjectConfiguration" hedefi buna bağımlı):
   2:6>"RCLibrary.csproj" projesinde "ResolvePackageDependenciesForBuild" hedefini oluşturma tamamlandı.
       Yanlış koşul nedeniyle "AssignProjectConfiguration" hedefi atlandı; ('$(CurrentSolutionConfigurationContents)' != '' or '@(ProjectReference)'!=''), ('' != '' or ''!='') olarak değerlendirildi.
   2:6>"c:\Users\Muhammet\Documents\GitHub\Wonderland-Private-Server\RCLibrary\RCLibrary.csproj" projesinin "C:\Program Files\dotnet\sdk\9.0.308\Microsoft.Common.CurrentVersion.targets" dosyasındaki "_SplitProjectReferencesByFileExistence" hedefi ("PrepareProjectReferences" hedefi buna bağımlı):
       Yanlış koşul nedeniyle "ResolveNonMSBuildProjectOutput" görevi atlandı; ('$(BuildingInsideVisualStudio)'=='true' and '@(ProjectReferenceWithConfiguration)'!=''), (''=='true' and ''!='') olarak değerlendirildi.
   2:6>"RCLibrary.csproj" projesinde "_SplitProjectReferencesByFileExistence" hedefini oluşturma tamamlandı.
   2:6>"c:\Users\Muhammet\Documents\GitHub\Wonderland-Private-Server\RCLibrary\RCLibrary.csproj" projesinin "C:\Program Files\dotnet\sdk\9.0.308\Microsoft.Common.CurrentVersion.targets" dosyasındaki "_AddOutputPathToGlobalPropertiesToRemove" hedefi ("_GetProjectReferenceTargetFrameworkProperties" hedefi buna bağımlı):
   2:6>"RCLibrary.csproj" projesinde "_AddOutputPathToGlobalPropertiesToRemove" hedefini oluşturma tamamlandı.
   3:6>"ResolvePackageAssets" hedefi atlandı. Önceden başarılı bir şekilde derlenmişti.
       Yanlış koşul nedeniyle "RunProduceContentAssets" hedefi atlandı; ('@(_ContentFilesToPreprocess)' != '' and '$(_CleaningWithoutRebuilding)' != 'true'), ('' != '' and '' != 'true') olarak değerlendirildi.
   2:6>"c:\Users\Muhammet\Documents\GitHub\Wonderland-Private-Server\RCLibrary\RCLibrary.csproj" projesinin "C:\Program Files\dotnet\sdk\9.0.308\Microsoft.Common.CurrentVersion.targets" dosyasındaki "_GetProjectReferenceTargetFrameworkProperties" hedefi ("PrepareProjectReferences" hedefi buna bağımlı):
   2:6>"MSBuild" görevi
       "MSBuild" görevini yürütme tamamlandı.
       Yanlış koşul nedeniyle "MSBuild" görevi atlandı; ('%(_MSBuildProjectReferenceExistent.SkipGetTargetFrameworkProperties)' != 'true' and '$(EnableDynamicPlatformResolution)' == 'true'), ('' != 'true' and '' == 'true') olarak değerlendirildi.
       Yanlış koşul nedeniyle "GetReferenceNearestTargetFrameworkTask" görevi atlandı; ('@(_ProjectReferenceTargetFrameworkPossibilities)' != '' and '$(ReferringTargetFrameworkForProjectReferences)' != ''
                                                               And '$(GetReferenceNearestTargetFrameworkTaskSupportsTargetPlatformParameter)' == 'true' and '%(_ProjectReferenceTargetFrameworkPossibilities.IsVcxOrNativeProj)' != 'true'), ('' != '' and '.NETFramework,Version=v4.6.2' != ''
                                                               And 'true' == 'true' and '' != 'true') olarak değerlendirildi.
       Yanlış koşul nedeniyle "GetReferenceNearestTargetFrameworkTask" görevi atlandı; ('@(_ProjectReferenceTargetFrameworkPossibilities)' != '' and '$(ReferringTargetFrameworkForProjectReferences)' != ''
                                                               And '$(GetReferenceNearestTargetFrameworkTaskSupportsTargetPlatformParameter)' != 'true' and '%(_ProjectReferenceTargetFrameworkPossibilities.IsVcxOrNativeProj)' != 'true'), ('' != '' and '.NETFramework,Version=v4.6.2' != ''
                                                               And 'true' != 'true' and '' != 'true') olarak değerlendirildi.
   3:6>"c:\Users\Muhammet\Documents\GitHub\Wonderland-Private-Server\PhoenixData\PhoenixData.csproj" projesinin "C:\Program Files\dotnet\sdk\9.0.308\Sdks\Microsoft.NET.Sdk\targets\Microsoft.PackageDependencyResolution.targets" dosyasındaki "ResolveLockFileCopyLocalFiles" hedefi ("ResolvePackageDependenciesForBuild" hedefi buna bağımlı):
   3:6>"PhoenixData.csproj" projesinde "ResolveLockFileCopyLocalFiles" hedefini oluşturma tamamlandı.
       Yanlış koşul nedeniyle "ResolveRuntimePackAssets" hedefi atlandı; ('@(RuntimePack)' != ''), ('' != '') olarak değerlendirildi.
   2:6>_GetProjectReferenceTargetFrameworkProperties:
       "Microsoft.Build.Tasks.Core, Version=15.1.0.0, Culture=neutral, PublicKeyToken=b03f5f7f11d50a3a" derlemesindeki "SetRidAgnosticValueForProjects" görevi kullanılıyor.
       "SetRidAgnosticValueForProjects" görevi
   3:6>Yanlış koşul nedeniyle "RunProduceContentAssets" hedefi atlandı; ('@(_ContentFilesToPreprocess)' != '' and '$(_CleaningWithoutRebuilding)' != 'true'), ('' != '' and '' != 'true') olarak değerlendirildi.
       "ResolvePackageAssets" hedefi atlandı. Önceden başarılı bir şekilde derlenmişti.
   2:6>"SetRidAgnosticValueForProjects" görevini yürütme tamamlandı.
   2:6>"RCLibrary.csproj" projesinde "_GetProjectReferenceTargetFrameworkProperties" hedefini oluşturma tamamlandı.
   2:6>"c:\Users\Muhammet\Documents\GitHub\Wonderland-Private-Server\RCLibrary\RCLibrary.csproj" projesinin "C:\Program Files\dotnet\sdk\9.0.308\Sdks\Microsoft.NET.Sdk\targets\Microsoft.NET.Sdk.targets" dosyasındaki "ValidateExecutableReferences" hedefi ("PrepareProjectReferences" hedefi buna bağımlı):
       "C:\Program Files\dotnet\sdk\9.0.308\Sdks\Microsoft.NET.Sdk\targets\..\tools\net9.0\Microsoft.NET.Build.Tasks.dll" derlemesindeki "ValidateExecutableReferences" görevi kullanılıyor.
   3:6>"c:\Users\Muhammet\Documents\GitHub\Wonderland-Private-Server\PhoenixData\PhoenixData.csproj" projesinin "C:\Program Files\dotnet\sdk\9.0.308\Sdks\Microsoft.NET.Sdk\targets\Microsoft.PackageDependencyResolution.targets" dosyasındaki "IncludeTransitiveProjectReferences" hedefi ("ResolvePackageDependenciesForBuild" hedefi buna bağımlı):
   3:6>"PhoenixData.csproj" projesinde "IncludeTransitiveProjectReferences" hedefini oluşturma tamamlandı.
   2:6>"ValidateExecutableReferences" görevi
       "ValidateExecutableReferences" görevini yürütme tamamlandı.
   2:6>"RCLibrary.csproj" projesinde "ValidateExecutableReferences" hedefini oluşturma tamamlandı.
       Yanlış koşul nedeniyle "_GetProjectReferencePlatformProperties" hedefi atlandı; ('$(EnableDynamicPlatformResolution)' == 'true'
                            and '@(_MSBuildProjectReferenceExistent)' != ''), ('' == 'true'
                            and '' != '') olarak değerlendirildi.
   3:6>"c:\Users\Muhammet\Documents\GitHub\Wonderland-Private-Server\PhoenixData\PhoenixData.csproj" projesinin "C:\Program Files\dotnet\sdk\9.0.308\Sdks\Microsoft.NET.Sdk\targets\Microsoft.PackageDependencyResolution.targets" dosyasındaki "ResolvePackageDependenciesForBuild" hedefi ("AssignProjectConfiguration" hedefi buna bağımlı):
   3:6>"PhoenixData.csproj" projesinde "ResolvePackageDependenciesForBuild" hedefini oluşturma tamamlandı.
   2:6>"c:\Users\Muhammet\Documents\GitHub\Wonderland-Private-Server\RCLibrary\RCLibrary.csproj" projesinin "C:\Program Files\dotnet\sdk\9.0.308\Microsoft.Common.CurrentVersion.targets" dosyasındaki "PrepareProjectReferences" hedefi ("ResolveProjectReferences" hedefi buna bağımlı):
   2:6>"RCLibrary.csproj" projesinde "PrepareProjectReferences" hedefini oluşturma tamamlandı.
   3:6>Yanlış koşul nedeniyle "AssignProjectConfiguration" hedefi atlandı; ('$(CurrentSolutionConfigurationContents)' != '' or '@(ProjectReference)'!=''), ('' != '' or ''!='') olarak değerlendirildi.
   2:6>"c:\Users\Muhammet\Documents\GitHub\Wonderland-Private-Server\RCLibrary\RCLibrary.csproj" projesinin "C:\Program Files\dotnet\sdk\9.0.308\Microsoft.Common.CurrentVersion.targets" dosyasındaki "ResolveProjectReferences" hedefi ("ResolveReferences" hedefi buna bağımlı):
   2:6>Yanlış koşul nedeniyle "MSBuild" görevi atlandı; ('%(_MSBuildProjectReferenceExistent.BuildReference)' == 'true' and '@(ProjectReferenceWithConfiguration)' != '' and ('$(BuildingInsideVisualStudio)' == 'true' or '$(BuildProjectReferences)' != 'true') and '$(VisualStudioVersion)' != '10.0' and '@(_MSBuildProjectReferenceExistent)' != ''), ('' == 'true' and '' != '' and ('' == 'true' or 'true' != 'true') and '17.0' != '10.0' and '' != '') olarak değerlendirildi.
       Yanlış koşul nedeniyle "MSBuild" görevi atlandı; ('%(_MSBuildProjectReferenceExistent.BuildReference)' == 'true' and '@(ProjectReferenceWithConfiguration)' != '' and '$(BuildingInsideVisualStudio)' != 'true' and '$(BuildProjectReferences)' == 'true' and '@(_MSBuildProjectReferenceExistent)' != ''), ('' == 'true' and '' != '' and '' != 'true' and 'true' == 'true' and '' != '') olarak değerlendirildi.
       Yanlış koşul nedeniyle "MSBuild" görevi atlandı; ('%(_MSBuildProjectReferenceExistent.BuildReference)' == 'true' and '@(ProjectReferenceWithConfiguration)' != '' and '$(BuildingProject)' == 'true' and '@(_MSBuildProjectReferenceExistent)' != ''), ('' == 'true' and '' != '' and 'true' == 'true' and '' != '') olarak değerlendirildi.
       Yanlış koşul nedeniyle "MSBuildInternalMessage" görevi atlandı; ('$(_NonExistentProjectReferenceSeverity)' != ''), ('' != '') olarak değerlendirildi.
   2:6>"RCLibrary.csproj" projesinde "ResolveProjectReferences" hedefini oluşturma tamamlandı.
   2:6>"c:\Users\Muhammet\Documents\GitHub\Wonderland-Private-Server\RCLibrary\RCLibrary.csproj" projesinin "C:\Program Files\dotnet\sdk\9.0.308\Sdks\Microsoft.NET.Sdk\targets\Microsoft.NET.Windows.targets" dosyasındaki "RemoveManagedWinRTComponentWinMDReferences" hedefi ("ResolveReferences" hedefi buna bağımlı):
   2:6>"RCLibrary.csproj" projesinde "RemoveManagedWinRTComponentWinMDReferences" hedefini oluşturma tamamlandı.
   3:6>"c:\Users\Muhammet\Documents\GitHub\Wonderland-Private-Server\PhoenixData\PhoenixData.csproj" projesinin "C:\Program Files\dotnet\sdk\9.0.308\Microsoft.Common.CurrentVersion.targets" dosyasındaki "_SplitProjectReferencesByFileExistence" hedefi ("PrepareProjectReferences" hedefi buna bağımlı):
   3:6>Yanlış koşul nedeniyle "ResolveNonMSBuildProjectOutput" görevi atlandı; ('$(BuildingInsideVisualStudio)'=='true' and '@(ProjectReferenceWithConfiguration)'!=''), (''=='true' and ''!='') olarak değerlendirildi.
   2:6>Yanlış koşul nedeniyle "AddWinRTComponentImplementationReference" hedefi atlandı; ('@(ManagedWinRTComponentImplementations)' != ''), ('' != '') olarak değerlendirildi.
       Yanlış koşul nedeniyle "FindInvalidProjectReferences" hedefi atlandı; ('$(FindInvalidProjectReferences)' == 'true'), ('' == 'true') olarak değerlendirildi.
       Yanlış koşul nedeniyle "ResolveNativeReferences" hedefi atlandı; ('@(NativeReference)'!=''), (''!='') olarak değerlendirildi.
       "ResolveProjectReferences" hedefi atlandı. Önceden başarılı bir şekilde derlenmişti.
       Yanlış koşul nedeniyle "FindInvalidProjectReferences" hedefi atlandı; ('$(FindInvalidProjectReferences)' == 'true'), ('' == 'true') olarak değerlendirildi.
       "GetFrameworkPaths" hedefi atlandı. Önceden başarılı bir şekilde derlenmişti.
       "GetReferenceAssemblyPaths" hedefi atlandı. Önceden başarılı bir şekilde derlenmişti.
       "PrepareForBuild" hedefi atlandı. Önceden başarılı bir şekilde derlenmişti.
       Yanlış koşul nedeniyle "GetInstalledSDKLocations" hedefi atlandı; ('@(SDKReference)' != ''), ('' != '') olarak değerlendirildi.
   2:6>"c:\Users\Muhammet\Documents\GitHub\Wonderland-Private-Server\RCLibrary\RCLibrary.csproj" projesinin "C:\Program Files\dotnet\sdk\9.0.308\Microsoft.Common.CurrentVersion.targets" dosyasındaki "ResolveSDKReferences" hedefi ("ResolveAssemblyReferences" hedefi buna bağımlı):
       Yanlış koşul nedeniyle "ResolveSDKReference" görevi atlandı; ('@(SDKReference)'!=''), (''!='') olarak değerlendirildi.
   2:6>"RCLibrary.csproj" projesinde "ResolveSDKReferences" hedefini oluşturma tamamlandı.
       "ResolveSDKReferences" hedefi atlandı. Önceden başarılı bir şekilde derlenmişti.
   3:6>"PhoenixData.csproj" projesinde "_SplitProjectReferencesByFileExistence" hedefini oluşturma tamamlandı.
   2:6>"c:\Users\Muhammet\Documents\GitHub\Wonderland-Private-Server\RCLibrary\RCLibrary.csproj" projesinin "C:\Program Files\dotnet\sdk\9.0.308\Microsoft.Common.CurrentVersion.targets" dosyasındaki "ExpandSDKReferences" hedefi ("ResolveAssemblyReferences" hedefi buna bağımlı):
   2:6>Yanlış koşul nedeniyle "GetSDKReferenceFiles" görevi atlandı; ('@(ResolvedSDKReference)'!=''), (''!='') olarak değerlendirildi.
   2:6>"RCLibrary.csproj" projesinde "ExpandSDKReferences" hedefini oluşturma tamamlandı.
       "ResolvePackageDependenciesForBuild" hedefi atlandı. Önceden başarılı bir şekilde derlenmişti.
       "GetFrameworkPaths" hedefi atlandı. Önceden başarılı bir şekilde derlenmişti.
       "GetReferenceAssemblyPaths" hedefi atlandı. Önceden başarılı bir şekilde derlenmişti.
       Yanlış koşul nedeniyle "ResolveTargetingPackAssets" hedefi atlandı; ('@(FrameworkReference)' != ''), ('' != '') olarak değerlendirildi.
       Yanlış koşul nedeniyle "ResolveOffByDefaultAnalyzers" hedefi atlandı; ('@(FrameworkReference)' != ''), ('' != '') olarak değerlendirildi.
   3:6>"c:\Users\Muhammet\Documents\GitHub\Wonderland-Private-Server\PhoenixData\PhoenixData.csproj" projesinin "C:\Program Files\dotnet\sdk\9.0.308\Microsoft.Common.CurrentVersion.targets" dosyasındaki "_AddOutputPathToGlobalPropertiesToRemove" hedefi ("_GetProjectReferenceTargetFrameworkProperties" hedefi buna bağımlı):
   3:6>"PhoenixData.csproj" projesinde "_AddOutputPathToGlobalPropertiesToRemove" hedefini oluşturma tamamlandı.
   3:6>"c:\Users\Muhammet\Documents\GitHub\Wonderland-Private-Server\PhoenixData\PhoenixData.csproj" projesinin "C:\Program Files\dotnet\sdk\9.0.308\Microsoft.Common.CurrentVersion.targets" dosyasındaki "_GetProjectReferenceTargetFrameworkProperties" hedefi ("PrepareProjectReferences" hedefi buna bağımlı):
       "MSBuild" görevi
       "MSBuild" görevini yürütme tamamlandı.
       Yanlış koşul nedeniyle "MSBuild" görevi atlandı; ('%(_MSBuildProjectReferenceExistent.SkipGetTargetFrameworkProperties)' != 'true' and '$(EnableDynamicPlatformResolution)' == 'true'), ('' != 'true' and '' == 'true') olarak değerlendirildi.
       Yanlış koşul nedeniyle "GetReferenceNearestTargetFrameworkTask" görevi atlandı; ('@(_ProjectReferenceTargetFrameworkPossibilities)' != '' and '$(ReferringTargetFrameworkForProjectReferences)' != ''
                                                               And '$(GetReferenceNearestTargetFrameworkTaskSupportsTargetPlatformParameter)' == 'true' and '%(_ProjectReferenceTargetFrameworkPossibilities.IsVcxOrNativeProj)' != 'true'), ('' != '' and '.NETFramework,Version=v4.6.2' != ''
                                                               And 'true' == 'true' and '' != 'true') olarak değerlendirildi.
       Yanlış koşul nedeniyle "GetReferenceNearestTargetFrameworkTask" görevi atlandı; ('@(_ProjectReferenceTargetFrameworkPossibilities)' != '' and '$(ReferringTargetFrameworkForProjectReferences)' != ''
                                                               And '$(GetReferenceNearestTargetFrameworkTaskSupportsTargetPlatformParameter)' != 'true' and '%(_ProjectReferenceTargetFrameworkPossibilities.IsVcxOrNativeProj)' != 'true'), ('' != '' and '.NETFramework,Version=v4.6.2' != ''
                                                               And 'true' != 'true' and '' != 'true') olarak değerlendirildi.
       "SetRidAgnosticValueForProjects" görevi
       "SetRidAgnosticValueForProjects" görevini yürütme tamamlandı.
   3:6>"PhoenixData.csproj" projesinde "_GetProjectReferenceTargetFrameworkProperties" hedefini oluşturma tamamlandı.
   2:6>"c:\Users\Muhammet\Documents\GitHub\Wonderland-Private-Server\RCLibrary\RCLibrary.csproj" projesinin "C:\Program Files\dotnet\sdk\9.0.308\Microsoft\Microsoft.NET.Build.Extensions\Microsoft.NET.Build.Extensions.NETFramework.targets" dosyasındaki "ImplicitlyExpandNETStandardFacades" hedefi ("_HandlePackageFileConflicts" hedefi buna bağımlı):
   2:6>"C:\Program Files\dotnet\sdk\9.0.308\Microsoft\Microsoft.NET.Build.Extensions\\tools\net9.0\Microsoft.NET.Build.Extensions.Tasks.dll" derlemesindeki "GetDependsOnNETStandard" görevi kullanılıyor.
       "GetDependsOnNETStandard" görevi
   3:6>"c:\Users\Muhammet\Documents\GitHub\Wonderland-Private-Server\PhoenixData\PhoenixData.csproj" projesinin "C:\Program Files\dotnet\sdk\9.0.308\Sdks\Microsoft.NET.Sdk\targets\Microsoft.NET.Sdk.targets" dosyasındaki "ValidateExecutableReferences" hedefi ("PrepareProjectReferences" hedefi buna bağımlı):
   3:6>"C:\Program Files\dotnet\sdk\9.0.308\Sdks\Microsoft.NET.Sdk\targets\..\tools\net9.0\Microsoft.NET.Build.Tasks.dll" derlemesindeki "ValidateExecutableReferences" görevi kullanılıyor.
       "ValidateExecutableReferences" görevi
       "ValidateExecutableReferences" görevini yürütme tamamlandı.
   3:6>"PhoenixData.csproj" projesinde "ValidateExecutableReferences" hedefini oluşturma tamamlandı.
       Yanlış koşul nedeniyle "_GetProjectReferencePlatformProperties" hedefi atlandı; ('$(EnableDynamicPlatformResolution)' == 'true'
                            and '@(_MSBuildProjectReferenceExistent)' != ''), ('' == 'true'
                            and '' != '') olarak değerlendirildi.
   3:6>"c:\Users\Muhammet\Documents\GitHub\Wonderland-Private-Server\PhoenixData\PhoenixData.csproj" projesinin "C:\Program Files\dotnet\sdk\9.0.308\Microsoft.Common.CurrentVersion.targets" dosyasındaki "PrepareProjectReferences" hedefi ("ResolveProjectReferences" hedefi buna bağımlı):
   3:6>"PhoenixData.csproj" projesinde "PrepareProjectReferences" hedefini oluşturma tamamlandı.
   3:6>"c:\Users\Muhammet\Documents\GitHub\Wonderland-Private-Server\PhoenixData\PhoenixData.csproj" projesinin "C:\Program Files\dotnet\sdk\9.0.308\Microsoft.Common.CurrentVersion.targets" dosyasındaki "ResolveProjectReferences" hedefi ("ResolveReferences" hedefi buna bağımlı):
       Yanlış koşul nedeniyle "MSBuild" görevi atlandı; ('%(_MSBuildProjectReferenceExistent.BuildReference)' == 'true' and '@(ProjectReferenceWithConfiguration)' != '' and ('$(BuildingInsideVisualStudio)' == 'true' or '$(BuildProjectReferences)' != 'true') and '$(VisualStudioVersion)' != '10.0' and '@(_MSBuildProjectReferenceExistent)' != ''), ('' == 'true' and '' != '' and ('' == 'true' or 'true' != 'true') and '17.0' != '10.0' and '' != '') olarak değerlendirildi.
       Yanlış koşul nedeniyle "MSBuild" görevi atlandı; ('%(_MSBuildProjectReferenceExistent.BuildReference)' == 'true' and '@(ProjectReferenceWithConfiguration)' != '' and '$(BuildingInsideVisualStudio)' != 'true' and '$(BuildProjectReferences)' == 'true' and '@(_MSBuildProjectReferenceExistent)' != ''), ('' == 'true' and '' != '' and '' != 'true' and 'true' == 'true' and '' != '') olarak değerlendirildi.
       Yanlış koşul nedeniyle "MSBuild" görevi atlandı; ('%(_MSBuildProjectReferenceExistent.BuildReference)' == 'true' and '@(ProjectReferenceWithConfiguration)' != '' and '$(BuildingProject)' == 'true' and '@(_MSBuildProjectReferenceExistent)' != ''), ('' == 'true' and '' != '' and 'true' == 'true' and '' != '') olarak değerlendirildi.
       Yanlış koşul nedeniyle "MSBuildInternalMessage" görevi atlandı; ('$(_NonExistentProjectReferenceSeverity)' != ''), ('' != '') olarak değerlendirildi.
   3:6>"PhoenixData.csproj" projesinde "ResolveProjectReferences" hedefini oluşturma tamamlandı.
   3:6>"c:\Users\Muhammet\Documents\GitHub\Wonderland-Private-Server\PhoenixData\PhoenixData.csproj" projesinin "C:\Program Files\dotnet\sdk\9.0.308\Sdks\Microsoft.NET.Sdk\targets\Microsoft.NET.Windows.targets" dosyasındaki "RemoveManagedWinRTComponentWinMDReferences" hedefi ("ResolveReferences" hedefi buna bağımlı):
   3:6>"PhoenixData.csproj" projesinde "RemoveManagedWinRTComponentWinMDReferences" hedefini oluşturma tamamlandı.
       Yanlış koşul nedeniyle "AddWinRTComponentImplementationReference" hedefi atlandı; ('@(ManagedWinRTComponentImplementations)' != ''), ('' != '') olarak değerlendirildi.
       Yanlış koşul nedeniyle "FindInvalidProjectReferences" hedefi atlandı; ('$(FindInvalidProjectReferences)' == 'true'), ('' == 'true') olarak değerlendirildi.
       Yanlış koşul nedeniyle "ResolveNativeReferences" hedefi atlandı; ('@(NativeReference)'!=''), (''!='') olarak değerlendirildi.
       "ResolveProjectReferences" hedefi atlandı. Önceden başarılı bir şekilde derlenmişti.
       Yanlış koşul nedeniyle "FindInvalidProjectReferences" hedefi atlandı; ('$(FindInvalidProjectReferences)' == 'true'), ('' == 'true') olarak değerlendirildi.
       "GetFrameworkPaths" hedefi atlandı. Önceden başarılı bir şekilde derlenmişti.
       "GetReferenceAssemblyPaths" hedefi atlandı. Önceden başarılı bir şekilde derlenmişti.
       "PrepareForBuild" hedefi atlandı. Önceden başarılı bir şekilde derlenmişti.
       Yanlış koşul nedeniyle "GetInstalledSDKLocations" hedefi atlandı; ('@(SDKReference)' != ''), ('' != '') olarak değerlendirildi.
   3:6>"c:\Users\Muhammet\Documents\GitHub\Wonderland-Private-Server\PhoenixData\PhoenixData.csproj" projesinin "C:\Program Files\dotnet\sdk\9.0.308\Microsoft.Common.CurrentVersion.targets" dosyasındaki "ResolveSDKReferences" hedefi ("ResolveAssemblyReferences" hedefi buna bağımlı):
       Yanlış koşul nedeniyle "ResolveSDKReference" görevi atlandı; ('@(SDKReference)'!=''), (''!='') olarak değerlendirildi.
   3:6>"PhoenixData.csproj" projesinde "ResolveSDKReferences" hedefini oluşturma tamamlandı.
       "ResolveSDKReferences" hedefi atlandı. Önceden başarılı bir şekilde derlenmişti.
   3:6>"c:\Users\Muhammet\Documents\GitHub\Wonderland-Private-Server\PhoenixData\PhoenixData.csproj" projesinin "C:\Program Files\dotnet\sdk\9.0.308\Microsoft.Common.CurrentVersion.targets" dosyasındaki "ExpandSDKReferences" hedefi ("ResolveAssemblyReferences" hedefi buna bağımlı):
       Yanlış koşul nedeniyle "GetSDKReferenceFiles" görevi atlandı; ('@(ResolvedSDKReference)'!=''), (''!='') olarak değerlendirildi.
   3:6>"PhoenixData.csproj" projesinde "ExpandSDKReferences" hedefini oluşturma tamamlandı.
       "ResolvePackageDependenciesForBuild" hedefi atlandı. Önceden başarılı bir şekilde derlenmişti.
       "GetFrameworkPaths" hedefi atlandı. Önceden başarılı bir şekilde derlenmişti.
       "GetReferenceAssemblyPaths" hedefi atlandı. Önceden başarılı bir şekilde derlenmişti.
       Yanlış koşul nedeniyle "ResolveTargetingPackAssets" hedefi atlandı; ('@(FrameworkReference)' != ''), ('' != '') olarak değerlendirildi.
       Yanlış koşul nedeniyle "ResolveOffByDefaultAnalyzers" hedefi atlandı; ('@(FrameworkReference)' != ''), ('' != '') olarak değerlendirildi.
   2:6>"GetDependsOnNETStandard" görevini yürütme tamamlandı.
   3:6>"c:\Users\Muhammet\Documents\GitHub\Wonderland-Private-Server\PhoenixData\PhoenixData.csproj" projesinin "C:\Program Files\dotnet\sdk\9.0.308\Microsoft\Microsoft.NET.Build.Extensions\Microsoft.NET.Build.Extensions.NETFramework.targets" dosyasındaki "ImplicitlyExpandNETStandardFacades" hedefi ("_HandlePackageFileConflicts" hedefi buna bağımlı):
   3:6>"C:\Program Files\dotnet\sdk\9.0.308\Microsoft\Microsoft.NET.Build.Extensions\\tools\net9.0\Microsoft.NET.Build.Extensions.Tasks.dll" derlemesindeki "GetDependsOnNETStandard" görevi kullanılıyor.
   2:6>ImplicitlyExpandNETStandardFacades:
       Yanlış koşul nedeniyle "NETBuildExtensionsError" görevi atlandı; ('$(DependsOnNETStandard)' == 'true' AND '$(NETStandardInbox)' != 'true' AND '$(_UsingOldSDK)' == 'true'), ('False' == 'true' AND '' != 'true' AND '' == 'true') olarak değerlendirildi.
       Yanlış koşul nedeniyle "AddFacadesToReferences" görevi atlandı; ('@(_NETStandardLibraryNETFrameworkLib)' != ''), ('' != '') olarak değerlendirildi.
   2:6>"RCLibrary.csproj" projesinde "ImplicitlyExpandNETStandardFacades" hedefini oluşturma tamamlandı.
   3:6>"GetDependsOnNETStandard" görevi
       "GetDependsOnNETStandard" görevini yürütme tamamlandı.
       Yanlış koşul nedeniyle "NETBuildExtensionsError" görevi atlandı; ('$(DependsOnNETStandard)' == 'true' AND '$(NETStandardInbox)' != 'true' AND '$(_UsingOldSDK)' == 'true'), ('False' == 'true' AND '' != 'true' AND '' == 'true') olarak değerlendirildi.
       Yanlış koşul nedeniyle "AddFacadesToReferences" görevi atlandı; ('@(_NETStandardLibraryNETFrameworkLib)' != ''), ('' != '') olarak değerlendirildi.
   2:6>"c:\Users\Muhammet\Documents\GitHub\Wonderland-Private-Server\RCLibrary\RCLibrary.csproj" projesinin "C:\Program Files\dotnet\sdk\9.0.308\Sdks\Microsoft.NET.Sdk\targets\Microsoft.NET.ConflictResolution.targets" dosyasındaki "_HandlePackageFileConflicts" hedefi ("ResolveAssemblyReferences" hedefi buna bağımlı):
   2:6>"C:\Program Files\dotnet\sdk\9.0.308\Sdks\Microsoft.NET.Sdk\targets\..\tools\net9.0\Microsoft.NET.Build.Tasks.dll" derlemesindeki "ResolvePackageFileConflicts" görevi kullanılıyor.
       "ResolvePackageFileConflicts" görevi
   3:6>"PhoenixData.csproj" projesinde "ImplicitlyExpandNETStandardFacades" hedefini oluşturma tamamlandı.
   3:6>"c:\Users\Muhammet\Documents\GitHub\Wonderland-Private-Server\PhoenixData\PhoenixData.csproj" projesinin "C:\Program Files\dotnet\sdk\9.0.308\Sdks\Microsoft.NET.Sdk\targets\Microsoft.NET.ConflictResolution.targets" dosyasındaki "_HandlePackageFileConflicts" hedefi ("ResolveAssemblyReferences" hedefi buna bağımlı):
       "C:\Program Files\dotnet\sdk\9.0.308\Sdks\Microsoft.NET.Sdk\targets\..\tools\net9.0\Microsoft.NET.Build.Tasks.dll" derlemesindeki "ResolvePackageFileConflicts" görevi kullanılıyor.
       "ResolvePackageFileConflicts" görevi
       "ResolvePackageFileConflicts" görevini yürütme tamamlandı.
   3:6>"PhoenixData.csproj" projesinde "_HandlePackageFileConflicts" hedefini oluşturma tamamlandı.
       Yanlış koşul nedeniyle "ResolveTargetingPackAssets" hedefi atlandı; ('@(FrameworkReference)' != ''), ('' != '') olarak değerlendirildi.
       Yanlış koşul nedeniyle "ResolveOffByDefaultAnalyzers" hedefi atlandı; ('@(FrameworkReference)' != ''), ('' != '') olarak değerlendirildi.
       "ImplicitlyExpandNETStandardFacades" hedefi atlandı. Önceden başarılı bir şekilde derlenmişti.
   3:6>"c:\Users\Muhammet\Documents\GitHub\Wonderland-Private-Server\PhoenixData\PhoenixData.csproj" projesinin "C:\Program Files\dotnet\sdk\9.0.308\Microsoft.Common.CurrentVersion.targets" dosyasındaki "ResolveAssemblyReferences" hedefi ("ResolveReferences" hedefi buna bağımlı):
       "Microsoft.Build.Tasks.Core, Version=15.1.0.0, Culture=neutral, PublicKeyToken=b03f5f7f11d50a3a" derlemesindeki "ResolveAssemblyReference" görevi kullanılıyor.
       "ResolveAssemblyReference" görevi
         TargetFrameworkMoniker:
             .NETFramework,Version=v4.6.2
         TargetFrameworkMonikerDisplayName:
             .NET Framework 4.6.2
         TargetedRuntimeVersion:
             v
         Assemblies:
             System
             System.Data
             System.Drawing
             System.Xml
             System.Core
             System.Runtime.Serialization
             System.Xml.Linq
             System.Numerics
             System.IO.Compression.FileSystem
             mscorlib
                 Private = 'false'
             System.Configuration
                 Private = 'false'
             System.Management
                 Private = 'false'
             System.Transactions
                 Private = 'false'
             C:\Users\Muhammet\.nuget\packages\bouncycastle.cryptography\2.3.1\lib\net461\BouncyCastle.Cryptography.dll
                 Private = 'false'
                 HintPath = 'C:\Users\Muhammet\.nuget\packages\bouncycastle.cryptography\2.3.1\lib\net461\BouncyCastle.Cryptography.dll'
             C:\Users\Muhammet\.nuget\packages\google.protobuf\3.26.1\lib\net45\Google.Protobuf.dll
                 Private = 'false'
   2:6>"ResolvePackageFileConflicts" görevini yürütme tamamlandı.
   3:6>ResolveAssemblyReferences:
                 HintPath = 'C:\Users\Muhammet\.nuget\packages\google.protobuf\3.26.1\lib\net45\Google.Protobuf.dll'
             C:\Users\Muhammet\.nuget\packages\k4os.compression.lz4\1.3.8\lib\net462\K4os.Compression.LZ4.dll
                 Private = 'false'
                 HintPath = 'C:\Users\Muhammet\.nuget\packages\k4os.compression.lz4\1.3.8\lib\net462\K4os.Compression.LZ4.dll'
             C:\Users\Muhammet\.nuget\packages\k4os.compression.lz4.streams\1.3.8\lib\net462\K4os.Compression.LZ4.Streams.dll
   2:6>"RCLibrary.csproj" projesinde "_HandlePackageFileConflicts" hedefini oluşturma tamamlandı.
       Yanlış koşul nedeniyle "ResolveTargetingPackAssets" hedefi atlandı; ('@(FrameworkReference)' != ''), ('' != '') olarak değerlendirildi.
   3:6>ResolveAssemblyReferences:
                 Private = 'false'
   2:6>Yanlış koşul nedeniyle "ResolveOffByDefaultAnalyzers" hedefi atlandı; ('@(FrameworkReference)' != ''), ('' != '') olarak değerlendirildi.
       "ImplicitlyExpandNETStandardFacades" hedefi atlandı. Önceden başarılı bir şekilde derlenmişti.
   3:6>ResolveAssemblyReferences:
                 HintPath = 'C:\Users\Muhammet\.nuget\packages\k4os.compression.lz4.streams\1.3.8\lib\net462\K4os.Compression.LZ4.Streams.dll'
             C:\Users\Muhammet\.nuget\packages\k4os.hash.xxhash\1.0.8\lib\net462\K4os.Hash.xxHash.dll
                 Private = 'false'
                 HintPath = 'C:\Users\Muhammet\.nuget\packages\k4os.hash.xxhash\1.0.8\lib\net462\K4os.Hash.xxHash.dll'
             C:\Users\Muhammet\.nuget\packages\microsoft.bcl.asyncinterfaces\5.0.0\lib\net461\Microsoft.Bcl.AsyncInterfaces.dll
                 Private = 'false'
                 HintPath = 'C:\Users\Muhammet\.nuget\packages\microsoft.bcl.asyncinterfaces\5.0.0\lib\net461\Microsoft.Bcl.AsyncInterfaces.dll'
             C:\Users\Muhammet\.nuget\packages\mysql.data\9.1.0\lib\net462\MySql.Data.dll
   2:6>"c:\Users\Muhammet\Documents\GitHub\Wonderland-Private-Server\RCLibrary\RCLibrary.csproj" projesinin "C:\Program Files\dotnet\sdk\9.0.308\Microsoft.Common.CurrentVersion.targets" dosyasındaki "ResolveAssemblyReferences" hedefi ("ResolveReferences" hedefi buna bağımlı):
   2:6>"Microsoft.Build.Tasks.Core, Version=15.1.0.0, Culture=neutral, PublicKeyToken=b03f5f7f11d50a3a" derlemesindeki "ResolveAssemblyReference" görevi kullanılıyor.
       "ResolveAssemblyReference" görevi
   3:6>ResolveAssemblyReferences:
                 Private = 'false'
                 HintPath = 'C:\Users\Muhammet\.nuget\packages\mysql.data\9.1.0\lib\net462\MySql.Data.dll'
             C:\Users\Muhammet\.nuget\packages\system.buffers\4.5.1\ref\net45\System.Buffers.dll
                 Private = 'false'
                 HintPath = 'C:\Users\Muhammet\.nuget\packages\system.buffers\4.5.1\ref\net45\System.Buffers.dll'
             C:\Users\Muhammet\.nuget\packages\system.configuration.configurationmanager\8.0.0\lib\net462\System.Configuration.ConfigurationManager.dll
                 Private = 'false'
                 HintPath = 'C:\Users\Muhammet\.nuget\packages\system.configuration.configurationmanager\8.0.0\lib\net462\System.Configuration.ConfigurationManager.dll'
             C:\Users\Muhammet\.nuget\packages\system.diagnostics.diagnosticsource\8.0.1\lib\net462\System.Diagnostics.DiagnosticSource.dll
                 Private = 'false'
                 HintPath = 'C:\Users\Muhammet\.nuget\packages\system.diagnostics.diagnosticsource\8.0.1\lib\net462\System.Diagnostics.DiagnosticSource.dll'
             C:\Users\Muhammet\.nuget\packages\system.io.pipelines\5.0.2\lib\net461\System.IO.Pipelines.dll
                 Private = 'false'
                 HintPath = 'C:\Users\Muhammet\.nuget\packages\system.io.pipelines\5.0.2\lib\net461\System.IO.Pipelines.dll'
             C:\Users\Muhammet\.nuget\packages\system.memory\4.5.5\lib\net461\System.Memory.dll
                 Private = 'false'
                 HintPath = 'C:\Users\Muhammet\.nuget\packages\system.memory\4.5.5\lib\net461\System.Memory.dll'
             C:\Users\Muhammet\.nuget\packages\system.numerics.vectors\4.5.0\ref\net46\System.Numerics.Vectors.dll
                 Private = 'false'
                 HintPath = 'C:\Users\Muhammet\.nuget\packages\system.numerics.vectors\4.5.0\ref\net46\System.Numerics.Vectors.dll'
             C:\Users\Muhammet\.nuget\packages\system.runtime.compilerservices.unsafe\6.0.0\lib\net461\System.Runtime.CompilerServices.Unsafe.dll
                 Private = 'false'
                 HintPath = 'C:\Users\Muhammet\.nuget\packages\system.runtime.compilerservices.unsafe\6.0.0\lib\net461\System.Runtime.CompilerServices.Unsafe.dll'
             C:\Users\Muhammet\.nuget\packages\system.threading.tasks.extensions\4.5.4\lib\net461\System.Threading.Tasks.Extensions.dll
                 Private = 'false'
                 HintPath = 'C:\Users\Muhammet\.nuget\packages\system.threading.tasks.extensions\4.5.4\lib\net461\System.Threading.Tasks.Extensions.dll'
             C:\Users\Muhammet\.nuget\packages\zstdsharp.port\0.8.0\lib\net462\ZstdSharp.dll
                 Private = 'false'
                 HintPath = 'C:\Users\Muhammet\.nuget\packages\zstdsharp.port\0.8.0\lib\net462\ZstdSharp.dll'
         AssemblyFiles:
             C:\Program Files (x86)\Reference Assemblies\Microsoft\Framework\.NETFramework\v4.6.2\mscorlib.dll
         CandidateAssemblyFiles:
         TargetFrameworkDirectories:
             C:\Program Files (x86)\Reference Assemblies\Microsoft\Framework\.NETFramework\v4.6.2\,C:\Program Files (x86)\Reference Assemblies\Microsoft\Framework\.NETFramework\v4.6.2\Facades\
         NonCultureResourceDirectories:
             
         InstalledAssemblyTables:
   2:6>ResolveAssemblyReferences:
         TargetFrameworkMoniker:
   3:6>ResolveAssemblyReferences:
         IgnoreInstalledAssemblyTable:
   2:6>ResolveAssemblyReferences:
             .NETFramework,Version=v4.6.2
         TargetFrameworkMonikerDisplayName:
             .NET Framework 4.6.2
         TargetedRuntimeVersion:
             v
         Assemblies:
             System.Data.SQLite
                 HintPath = '..\DLLS\System.Data.SQLite.dll'
             System.Data
             System.Core
             System.Data.DataSetExtensions
             System.Windows.Forms
             System
             System.Drawing
             System.Xml
             System.Runtime.Serialization
             System.Xml.Linq
             System.Numerics
             System.IO.Compression.FileSystem
             mscorlib
                 Private = 'false'
             System.Configuration
                 Private = 'false'
             System.Management
                 Private = 'false'
             System.Transactions
                 Private = 'false'
             C:\Users\Muhammet\.nuget\packages\bouncycastle.cryptography\2.3.1\lib\net461\BouncyCastle.Cryptography.dll
                 Private = 'false'
                 HintPath = 'C:\Users\Muhammet\.nuget\packages\bouncycastle.cryptography\2.3.1\lib\net461\BouncyCastle.Cryptography.dll'
             C:\Users\Muhammet\.nuget\packages\google.protobuf\3.26.1\lib\net45\Google.Protobuf.dll
                 Private = 'false'
                 HintPath = 'C:\Users\Muhammet\.nuget\packages\google.protobuf\3.26.1\lib\net45\Google.Protobuf.dll'
             C:\Users\Muhammet\.nuget\packages\k4os.compression.lz4\1.3.8\lib\net462\K4os.Compression.LZ4.dll
                 Private = 'false'
                 HintPath = 'C:\Users\Muhammet\.nuget\packages\k4os.compression.lz4\1.3.8\lib\net462\K4os.Compression.LZ4.dll'
             C:\Users\Muhammet\.nuget\packages\k4os.compression.lz4.streams\1.3.8\lib\net462\K4os.Compression.LZ4.Streams.dll
                 Private = 'false'
                 HintPath = 'C:\Users\Muhammet\.nuget\packages\k4os.compression.lz4.streams\1.3.8\lib\net462\K4os.Compression.LZ4.Streams.dll'
             C:\Users\Muhammet\.nuget\packages\k4os.hash.xxhash\1.0.8\lib\net462\K4os.Hash.xxHash.dll
                 Private = 'false'
                 HintPath = 'C:\Users\Muhammet\.nuget\packages\k4os.hash.xxhash\1.0.8\lib\net462\K4os.Hash.xxHash.dll'
             C:\Users\Muhammet\.nuget\packages\microsoft.bcl.asyncinterfaces\5.0.0\lib\net461\Microsoft.Bcl.AsyncInterfaces.dll
                 Private = 'false'
                 HintPath = 'C:\Users\Muhammet\.nuget\packages\microsoft.bcl.asyncinterfaces\5.0.0\lib\net461\Microsoft.Bcl.AsyncInterfaces.dll'
             C:\Users\Muhammet\.nuget\packages\mysql.data\9.1.0\lib\net462\MySql.Data.dll
                 Private = 'false'
                 HintPath = 'C:\Users\Muhammet\.nuget\packages\mysql.data\9.1.0\lib\net462\MySql.Data.dll'
             C:\Users\Muhammet\.nuget\packages\system.buffers\4.5.1\ref\net45\System.Buffers.dll
                 Private = 'false'
                 HintPath = 'C:\Users\Muhammet\.nuget\packages\system.buffers\4.5.1\ref\net45\System.Buffers.dll'
             C:\Users\Muhammet\.nuget\packages\system.configuration.configurationmanager\8.0.0\lib\net462\System.Configuration.ConfigurationManager.dll
                 Private = 'false'
                 HintPath = 'C:\Users\Muhammet\.nuget\packages\system.configuration.configurationmanager\8.0.0\lib\net462\System.Configuration.ConfigurationManager.dll'
             C:\Users\Muhammet\.nuget\packages\system.diagnostics.diagnosticsource\8.0.1\lib\net462\System.Diagnostics.DiagnosticSource.dll
                 Private = 'false'
                 HintPath = 'C:\Users\Muhammet\.nuget\packages\system.diagnostics.diagnosticsource\8.0.1\lib\net462\System.Diagnostics.DiagnosticSource.dll'
             C:\Users\Muhammet\.nuget\packages\system.io.pipelines\5.0.2\lib\net461\System.IO.Pipelines.dll
                 Private = 'false'
                 HintPath = 'C:\Users\Muhammet\.nuget\packages\system.io.pipelines\5.0.2\lib\net461\System.IO.Pipelines.dll'
             C:\Users\Muhammet\.nuget\packages\system.memory\4.5.5\lib\net461\System.Memory.dll
                 Private = 'false'
                 HintPath = 'C:\Users\Muhammet\.nuget\packages\system.memory\4.5.5\lib\net461\System.Memory.dll'
             C:\Users\Muhammet\.nuget\packages\system.numerics.vectors\4.5.0\ref\net46\System.Numerics.Vectors.dll
                 Private = 'false'
                 HintPath = 'C:\Users\Muhammet\.nuget\packages\system.numerics.vectors\4.5.0\ref\net46\System.Numerics.Vectors.dll'
             C:\Users\Muhammet\.nuget\packages\system.runtime.compilerservices.unsafe\6.0.0\lib\net461\System.Runtime.CompilerServices.Unsafe.dll
                 Private = 'false'
                 HintPath = 'C:\Users\Muhammet\.nuget\packages\system.runtime.compilerservices.unsafe\6.0.0\lib\net461\System.Runtime.CompilerServices.Unsafe.dll'
             C:\Users\Muhammet\.nuget\packages\system.threading.tasks.extensions\4.5.4\lib\net461\System.Threading.Tasks.Extensions.dll
                 Private = 'false'
                 HintPath = 'C:\Users\Muhammet\.nuget\packages\system.threading.tasks.extensions\4.5.4\lib\net461\System.Threading.Tasks.Extensions.dll'
             C:\Users\Muhammet\.nuget\packages\zstdsharp.port\0.8.0\lib\net462\ZstdSharp.dll
                 Private = 'false'
                 HintPath = 'C:\Users\Muhammet\.nuget\packages\zstdsharp.port\0.8.0\lib\net462\ZstdSharp.dll'
         AssemblyFiles:
             C:\Program Files (x86)\Reference Assemblies\Microsoft\Framework\.NETFramework\v4.6.2\mscorlib.dll
         CandidateAssemblyFiles:
         TargetFrameworkDirectories:
             C:\Program Files (x86)\Reference Assemblies\Microsoft\Framework\.NETFramework\v4.6.2\,C:\Program Files (x86)\Reference Assemblies\Microsoft\Framework\.NETFramework\v4.6.2\Facades\
         NonCultureResourceDirectories:
             
         InstalledAssemblyTables:
         IgnoreInstalledAssemblyTable:
             False
         SearchPaths:
             {CandidateAssemblyFiles}
             {HintPathFromItem}
             {TargetFrameworkDirectory}
             {RawFileName}
         AllowedAssemblyExtensions:
             .winmd
             .dll
             .exe
         AllowedRelatedFileExtensions:
             .pdb
             .xml
             .pri
             .dll.config
             .exe.config
         AppConfigFile:
   3:6>ResolveAssemblyReferences:
             False
   2:6>ResolveAssemblyReferences:
             
         AutoUnify:
             True
         EnableCustomCulture:
             False
         CopyLocalDependenciesWhenParentReferenceInGac:
             True
         FindDependencies:
             True
         TargetProcessorArchitecture:
             msil
         StateFile:
             obj\Debug\net462\RCLibrary.csproj.AssemblyReference.cache
         InstalledAssemblySubsetTables:
         IgnoreInstalledAssemblySubsetTable:
             False
         TargetFrameworkSubsets:
         FullTargetFrameworkSubsetNames:
             Full
         ProfileName:
             
         FullFrameworkFolders:
             C:\Program Files (x86)\Reference Assemblies\Microsoft\Framework\.NETFramework\v4.6.2\
         LatestTargetFrameworkDirectories:
         ProfileTablesLocation:
   3:6>ResolveAssemblyReferences:
         SearchPaths:
             {CandidateAssemblyFiles}
             {HintPathFromItem}
             {TargetFrameworkDirectory}
             {RawFileName}
         AllowedAssemblyExtensions:
             .winmd
             .dll
             .exe
         AllowedRelatedFileExtensions:
             .pdb
             .xml
             .pri
             .dll.config
             .exe.config
         AppConfigFile:
             
         AutoUnify:
             True
         EnableCustomCulture:
             False
         CopyLocalDependenciesWhenParentReferenceInGac:
             True
         FindDependencies:
             True
         TargetProcessorArchitecture:
             msil
         StateFile:
             obj\Debug\net462\PhoenixData.csproj.AssemblyReference.cache
         InstalledAssemblySubsetTables:
         IgnoreInstalledAssemblySubsetTable:
             False
         TargetFrameworkSubsets:
         FullTargetFrameworkSubsetNames:
             Full
         ProfileName:
             
         FullFrameworkFolders:
             C:\Program Files (x86)\Reference Assemblies\Microsoft\Framework\.NETFramework\v4.6.2\
         LatestTargetFrameworkDirectories:
         ProfileTablesLocation:
         Birincil başvuru: "mscorlib, Version=4.0.0.0, Culture=neutral, PublicKeyToken=b77a5c561934e089".
             Çözümlenmiş dosya yolu: "C:\Program Files (x86)\Reference Assemblies\Microsoft\Framework\.NETFramework\v4.6.2\mscorlib.dll".
             Başvuru, "{TargetFrameworkDirectory}" arama yolu konumunda bulundu.
                 SearchPath "{TargetFrameworkDirectory}" için.
                 "C:\Program Files (x86)\Reference Assemblies\Microsoft\Framework\.NETFramework\v4.6.2\mscorlib.winmd" denendi, ancak böyle bir öğe yoktu.
             En az bir kaynak öğesi için "Private" "false" olarak ayarlanmış olduğundan ve "Private", herhangi bir kaynak öğesi için "true" olarak ayarlanmış olmadığından bu başvuru "CopyLocal" değildir.
         Birincil başvuru: "System, Version=4.0.0.0, Culture=neutral, PublicKeyToken=b77a5c561934e089".
             Çözümlenmiş dosya yolu: "C:\Program Files (x86)\Reference Assemblies\Microsoft\Framework\.NETFramework\v4.6.2\System.dll".
             Başvuru, "{TargetFrameworkDirectory}" arama yolu konumunda bulundu.
                 SearchPath "{TargetFrameworkDirectory}" için.
                 "C:\Program Files (x86)\Reference Assemblies\Microsoft\Framework\.NETFramework\v4.6.2\System.winmd" denendi, ancak böyle bir öğe yoktu.
             Bu başvuru bir önkoşul dosyası olduğundan "CopyLocal" değildir.
         Birincil başvuru: "System.Data, Version=4.0.0.0, Culture=neutral, PublicKeyToken=b77a5c561934e089".
             Çözümlenmiş dosya yolu: "C:\Program Files (x86)\Reference Assemblies\Microsoft\Framework\.NETFramework\v4.6.2\System.Data.dll".
             Başvuru, "{TargetFrameworkDirectory}" arama yolu konumunda bulundu.
                 SearchPath "{TargetFrameworkDirectory}" için.
                 "C:\Program Files (x86)\Reference Assemblies\Microsoft\Framework\.NETFramework\v4.6.2\System.Data.winmd" denendi, ancak böyle bir öğe yoktu.
             Bu başvuru bir önkoşul dosyası olduğundan "CopyLocal" değildir.
         Birincil başvuru: "System.Drawing, Version=4.0.0.0, Culture=neutral, PublicKeyToken=b03f5f7f11d50a3a".
             Çözümlenmiş dosya yolu: "C:\Program Files (x86)\Reference Assemblies\Microsoft\Framework\.NETFramework\v4.6.2\System.Drawing.dll".
             Başvuru, "{TargetFrameworkDirectory}" arama yolu konumunda bulundu.
                 SearchPath "{TargetFrameworkDirectory}" için.
                 "C:\Program Files (x86)\Reference Assemblies\Microsoft\Framework\.NETFramework\v4.6.2\System.Drawing.winmd" denendi, ancak böyle bir öğe yoktu.
             Bu başvuru bir önkoşul dosyası olduğundan "CopyLocal" değildir.
         Birincil başvuru: "System.Xml, Version=4.0.0.0, Culture=neutral, PublicKeyToken=b77a5c561934e089".
             Çözümlenmiş dosya yolu: "C:\Program Files (x86)\Reference Assemblies\Microsoft\Framework\.NETFramework\v4.6.2\System.Xml.dll".
             Başvuru, "{TargetFrameworkDirectory}" arama yolu konumunda bulundu.
                 SearchPath "{TargetFrameworkDirectory}" için.
                 "C:\Program Files (x86)\Reference Assemblies\Microsoft\Framework\.NETFramework\v4.6.2\System.Xml.winmd" denendi, ancak böyle bir öğe yoktu.
             Bu başvuru bir önkoşul dosyası olduğundan "CopyLocal" değildir.
         Birincil başvuru: "System.Core, Version=4.0.0.0, Culture=neutral, PublicKeyToken=b77a5c561934e089".
             Çözümlenmiş dosya yolu: "C:\Program Files (x86)\Reference Assemblies\Microsoft\Framework\.NETFramework\v4.6.2\System.Core.dll".
             Başvuru, "{TargetFrameworkDirectory}" arama yolu konumunda bulundu.
                 SearchPath "{TargetFrameworkDirectory}" için.
                 "C:\Program Files (x86)\Reference Assemblies\Microsoft\Framework\.NETFramework\v4.6.2\System.Core.winmd" denendi, ancak böyle bir öğe yoktu.
             Bu başvuru bir önkoşul dosyası olduğundan "CopyLocal" değildir.
         Birincil başvuru: "System.Runtime.Serialization, Version=4.0.0.0, Culture=neutral, PublicKeyToken=b77a5c561934e089".
             Çözümlenmiş dosya yolu: "C:\Program Files (x86)\Reference Assemblies\Microsoft\Framework\.NETFramework\v4.6.2\System.Runtime.Serialization.dll".
             Başvuru, "{TargetFrameworkDirectory}" arama yolu konumunda bulundu.
                 SearchPath "{TargetFrameworkDirectory}" için.
                 "C:\Program Files (x86)\Reference Assemblies\Microsoft\Framework\.NETFramework\v4.6.2\System.Runtime.Serialization.winmd" denendi, ancak böyle bir öğe yoktu.
             Bu başvuru bir önkoşul dosyası olduğundan "CopyLocal" değildir.
         Birincil başvuru: "System.Xml.Linq, Version=4.0.0.0, Culture=neutral, PublicKeyToken=b77a5c561934e089".
             Çözümlenmiş dosya yolu: "C:\Program Files (x86)\Reference Assemblies\Microsoft\Framework\.NETFramework\v4.6.2\System.Xml.Linq.dll".
             Başvuru, "{TargetFrameworkDirectory}" arama yolu konumunda bulundu.
                 SearchPath "{TargetFrameworkDirectory}" için.
                 "C:\Program Files (x86)\Reference Assemblies\Microsoft\Framework\.NETFramework\v4.6.2\System.Xml.Linq.winmd" denendi, ancak böyle bir öğe yoktu.
             Bu başvuru bir önkoşul dosyası olduğundan "CopyLocal" değildir.
         Birincil başvuru: "System.Numerics, Version=4.0.0.0, Culture=neutral, PublicKeyToken=b77a5c561934e089".
             Çözümlenmiş dosya yolu: "C:\Program Files (x86)\Reference Assemblies\Microsoft\Framework\.NETFramework\v4.6.2\System.Numerics.dll".
             Başvuru, "{TargetFrameworkDirectory}" arama yolu konumunda bulundu.
                 SearchPath "{TargetFrameworkDirectory}" için.
                 "C:\Program Files (x86)\Reference Assemblies\Microsoft\Framework\.NETFramework\v4.6.2\System.Numerics.winmd" denendi, ancak böyle bir öğe yoktu.
             Bu başvuru bir önkoşul dosyası olduğundan "CopyLocal" değildir.
         Birincil başvuru: "System.IO.Compression.FileSystem, Version=4.0.0.0, Culture=neutral, PublicKeyToken=b77a5c561934e089".
             Çözümlenmiş dosya yolu: "C:\Program Files (x86)\Reference Assemblies\Microsoft\Framework\.NETFramework\v4.6.2\System.IO.Compression.FileSystem.dll".
             Başvuru, "{TargetFrameworkDirectory}" arama yolu konumunda bulundu.
                 SearchPath "{TargetFrameworkDirectory}" için.
                 "C:\Program Files (x86)\Reference Assemblies\Microsoft\Framework\.NETFramework\v4.6.2\System.IO.Compression.FileSystem.winmd" denendi, ancak böyle bir öğe yoktu.
             Bu başvuru bir önkoşul dosyası olduğundan "CopyLocal" değildir.
         Birincil başvuru: "System.Configuration, Version=4.0.0.0, Culture=neutral, PublicKeyToken=b03f5f7f11d50a3a".
             Çözümlenmiş dosya yolu: "C:\Program Files (x86)\Reference Assemblies\Microsoft\Framework\.NETFramework\v4.6.2\System.Configuration.dll".
             Başvuru, "{TargetFrameworkDirectory}" arama yolu konumunda bulundu.
                 SearchPath "{TargetFrameworkDirectory}" için.
                 "C:\Program Files (x86)\Reference Assemblies\Microsoft\Framework\.NETFramework\v4.6.2\System.Configuration.winmd" denendi, ancak böyle bir öğe yoktu.
             En az bir kaynak öğesi için "Private" "false" olarak ayarlanmış olduğundan ve "Private", herhangi bir kaynak öğesi için "true" olarak ayarlanmış olmadığından bu başvuru "CopyLocal" değildir.
         Birincil başvuru: "System.Management, Version=4.0.0.0, Culture=neutral, PublicKeyToken=b03f5f7f11d50a3a".
             Çözümlenmiş dosya yolu: "C:\Program Files (x86)\Reference Assemblies\Microsoft\Framework\.NETFramework\v4.6.2\System.Management.dll".
             Başvuru, "{TargetFrameworkDirectory}" arama yolu konumunda bulundu.
                 SearchPath "{TargetFrameworkDirectory}" için.
                 "C:\Program Files (x86)\Reference Assemblies\Microsoft\Framework\.NETFramework\v4.6.2\System.Management.winmd" denendi, ancak böyle bir öğe yoktu.
             En az bir kaynak öğesi için "Private" "false" olarak ayarlanmış olduğundan ve "Private", herhangi bir kaynak öğesi için "true" olarak ayarlanmış olmadığından bu başvuru "CopyLocal" değildir.
         Birincil başvuru: "System.Transactions, Version=4.0.0.0, Culture=neutral, PublicKeyToken=b77a5c561934e089".
             Çözümlenmiş dosya yolu: "C:\Program Files (x86)\Reference Assemblies\Microsoft\Framework\.NETFramework\v4.6.2\System.Transactions.dll".
             Başvuru, "{TargetFrameworkDirectory}" arama yolu konumunda bulundu.
                 SearchPath "{TargetFrameworkDirectory}" için.
                 "C:\Program Files (x86)\Reference Assemblies\Microsoft\Framework\.NETFramework\v4.6.2\System.Transactions.winmd" denendi, ancak böyle bir öğe yoktu.
             En az bir kaynak öğesi için "Private" "false" olarak ayarlanmış olduğundan ve "Private", herhangi bir kaynak öğesi için "true" olarak ayarlanmış olmadığından bu başvuru "CopyLocal" değildir.
         Birincil başvuru: "BouncyCastle.Cryptography, Version=2.0.0.0, Culture=neutral, PublicKeyToken=072edcf4a5328938".
             Çözümlenmiş dosya yolu: "C:\Users\Muhammet\.nuget\packages\bouncycastle.cryptography\2.3.1\lib\net461\BouncyCastle.Cryptography.dll".
             Başvuru, "{HintPathFromItem}" arama yolu konumunda bulundu.
             En az bir kaynak öğesi için "Private" "false" olarak ayarlanmış olduğundan ve "Private", herhangi bir kaynak öğesi için "true" olarak ayarlanmış olmadığından bu başvuru "CopyLocal" değildir.
         Birincil başvuru: "Google.Protobuf, Version=3.26.1.0, Culture=neutral, PublicKeyToken=a7d26565bac4d604".
             Çözümlenmiş dosya yolu: "C:\Users\Muhammet\.nuget\packages\google.protobuf\3.26.1\lib\net45\Google.Protobuf.dll".
             Başvuru, "{HintPathFromItem}" arama yolu konumunda bulundu.
             En az bir kaynak öğesi için "Private" "false" olarak ayarlanmış olduğundan ve "Private", herhangi bir kaynak öğesi için "true" olarak ayarlanmış olmadığından bu başvuru "CopyLocal" değildir.
         Birincil başvuru: "K4os.Compression.LZ4, Version=1.3.8.0, Culture=neutral, PublicKeyToken=2186fa9121ef231d".
             Çözümlenmiş dosya yolu: "C:\Users\Muhammet\.nuget\packages\k4os.compression.lz4\1.3.8\lib\net462\K4os.Compression.LZ4.dll".
             Başvuru, "{HintPathFromItem}" arama yolu konumunda bulundu.
             En az bir kaynak öğesi için "Private" "false" olarak ayarlanmış olduğundan ve "Private", herhangi bir kaynak öğesi için "true" olarak ayarlanmış olmadığından bu başvuru "CopyLocal" değildir.
         Birincil başvuru: "K4os.Compression.LZ4.Streams, Version=1.3.8.0, Culture=neutral, PublicKeyToken=2186fa9121ef231d".
             Çözümlenmiş dosya yolu: "C:\Users\Muhammet\.nuget\packages\k4os.compression.lz4.streams\1.3.8\lib\net462\K4os.Compression.LZ4.Streams.dll".
             Başvuru, "{HintPathFromItem}" arama yolu konumunda bulundu.
             En az bir kaynak öğesi için "Private" "false" olarak ayarlanmış olduğundan ve "Private", herhangi bir kaynak öğesi için "true" olarak ayarlanmış olmadığından bu başvuru "CopyLocal" değildir.
         Birincil başvuru: "K4os.Hash.xxHash, Version=1.0.8.0, Culture=neutral, PublicKeyToken=32cd54395057cec3".
             Çözümlenmiş dosya yolu: "C:\Users\Muhammet\.nuget\packages\k4os.hash.xxhash\1.0.8\lib\net462\K4os.Hash.xxHash.dll".
             Başvuru, "{HintPathFromItem}" arama yolu konumunda bulundu.
             En az bir kaynak öğesi için "Private" "false" olarak ayarlanmış olduğundan ve "Private", herhangi bir kaynak öğesi için "true" olarak ayarlanmış olmadığından bu başvuru "CopyLocal" değildir.
         Birincil başvuru: "Microsoft.Bcl.AsyncInterfaces, Version=5.0.0.0, Culture=neutral, PublicKeyToken=cc7b13ffcd2ddd51".
             Çözümlenmiş dosya yolu: "C:\Users\Muhammet\.nuget\packages\microsoft.bcl.asyncinterfaces\5.0.0\lib\net461\Microsoft.Bcl.AsyncInterfaces.dll".
             Başvuru, "{HintPathFromItem}" arama yolu konumunda bulundu.
             En az bir kaynak öğesi için "Private" "false" olarak ayarlanmış olduğundan ve "Private", herhangi bir kaynak öğesi için "true" olarak ayarlanmış olmadığından bu başvuru "CopyLocal" değildir.
         Birincil başvuru: "MySql.Data, Version=9.1.0.0, Culture=neutral, PublicKeyToken=c5687fc88969c44d".
             Çözümlenmiş dosya yolu: "C:\Users\Muhammet\.nuget\packages\mysql.data\9.1.0\lib\net462\MySql.Data.dll".
             Başvuru, "{HintPathFromItem}" arama yolu konumunda bulundu.
             En az bir kaynak öğesi için "Private" "false" olarak ayarlanmış olduğundan ve "Private", herhangi bir kaynak öğesi için "true" olarak ayarlanmış olmadığından bu başvuru "CopyLocal" değildir.
         Birincil başvuru: "System.Buffers, Version=4.0.3.0, Culture=neutral, PublicKeyToken=cc7b13ffcd2ddd51".
             Çözümlenmiş dosya yolu: "C:\Users\Muhammet\.nuget\packages\system.buffers\4.5.1\ref\net45\System.Buffers.dll".
             Başvuru, "{HintPathFromItem}" arama yolu konumunda bulundu.
             En az bir kaynak öğesi için "Private" "false" olarak ayarlanmış olduğundan ve "Private", herhangi bir kaynak öğesi için "true" olarak ayarlanmış olmadığından bu başvuru "CopyLocal" değildir.
         Birincil başvuru: "System.Configuration.ConfigurationManager, Version=8.0.0.0, Culture=neutral, PublicKeyToken=cc7b13ffcd2ddd51".
             Çözümlenmiş dosya yolu: "C:\Users\Muhammet\.nuget\packages\system.configuration.configurationmanager\8.0.0\lib\net462\System.Configuration.ConfigurationManager.dll".
             Başvuru, "{HintPathFromItem}" arama yolu konumunda bulundu.
             En az bir kaynak öğesi için "Private" "false" olarak ayarlanmış olduğundan ve "Private", herhangi bir kaynak öğesi için "true" olarak ayarlanmış olmadığından bu başvuru "CopyLocal" değildir.
         Birincil başvuru: "System.Diagnostics.DiagnosticSource, Version=8.0.0.1, Culture=neutral, PublicKeyToken=cc7b13ffcd2ddd51".
             Çözümlenmiş dosya yolu: "C:\Users\Muhammet\.nuget\packages\system.diagnostics.diagnosticsource\8.0.1\lib\net462\System.Diagnostics.DiagnosticSource.dll".
             Başvuru, "{HintPathFromItem}" arama yolu konumunda bulundu.
             En az bir kaynak öğesi için "Private" "false" olarak ayarlanmış olduğundan ve "Private", herhangi bir kaynak öğesi için "true" olarak ayarlanmış olmadığından bu başvuru "CopyLocal" değildir.
         Birincil başvuru: "System.IO.Pipelines, Version=5.0.0.2, Culture=neutral, PublicKeyToken=cc7b13ffcd2ddd51".
             Çözümlenmiş dosya yolu: "C:\Users\Muhammet\.nuget\packages\system.io.pipelines\5.0.2\lib\net461\System.IO.Pipelines.dll".
             Başvuru, "{HintPathFromItem}" arama yolu konumunda bulundu.
             En az bir kaynak öğesi için "Private" "false" olarak ayarlanmış olduğundan ve "Private", herhangi bir kaynak öğesi için "true" olarak ayarlanmış olmadığından bu başvuru "CopyLocal" değildir.
         Birincil başvuru: "System.Memory, Version=4.0.1.2, Culture=neutral, PublicKeyToken=cc7b13ffcd2ddd51".
             Çözümlenmiş dosya yolu: "C:\Users\Muhammet\.nuget\packages\system.memory\4.5.5\lib\net461\System.Memory.dll".
             Başvuru, "{HintPathFromItem}" arama yolu konumunda bulundu.
             En az bir kaynak öğesi için "Private" "false" olarak ayarlanmış olduğundan ve "Private", herhangi bir kaynak öğesi için "true" olarak ayarlanmış olmadığından bu başvuru "CopyLocal" değildir.
         Birincil başvuru: "System.Numerics.Vectors, Version=4.1.4.0, Culture=neutral, PublicKeyToken=b03f5f7f11d50a3a".
             Çözümlenmiş dosya yolu: "C:\Users\Muhammet\.nuget\packages\system.numerics.vectors\4.5.0\ref\net46\System.Numerics.Vectors.dll".
             Başvuru, "{HintPathFromItem}" arama yolu konumunda bulundu.
             En az bir kaynak öğesi için "Private" "false" olarak ayarlanmış olduğundan ve "Private", herhangi bir kaynak öğesi için "true" olarak ayarlanmış olmadığından bu başvuru "CopyLocal" değildir.
         Birincil başvuru: "System.Runtime.CompilerServices.Unsafe, Version=6.0.0.0, Culture=neutral, PublicKeyToken=b03f5f7f11d50a3a".
             Çözümlenmiş dosya yolu: "C:\Users\Muhammet\.nuget\packages\system.runtime.compilerservices.unsafe\6.0.0\lib\net461\System.Runtime.CompilerServices.Unsafe.dll".
             Başvuru, "{HintPathFromItem}" arama yolu konumunda bulundu.
             En az bir kaynak öğesi için "Private" "false" olarak ayarlanmış olduğundan ve "Private", herhangi bir kaynak öğesi için "true" olarak ayarlanmış olmadığından bu başvuru "CopyLocal" değildir.
         Birincil başvuru: "System.Threading.Tasks.Extensions, Version=4.2.0.1, Culture=neutral, PublicKeyToken=cc7b13ffcd2ddd51".
             Çözümlenmiş dosya yolu: "C:\Users\Muhammet\.nuget\packages\system.threading.tasks.extensions\4.5.4\lib\net461\System.Threading.Tasks.Extensions.dll".
             Başvuru, "{HintPathFromItem}" arama yolu konumunda bulundu.
             En az bir kaynak öğesi için "Private" "false" olarak ayarlanmış olduğundan ve "Private", herhangi bir kaynak öğesi için "true" olarak ayarlanmış olmadığından bu başvuru "CopyLocal" değildir.
         Birincil başvuru: "ZstdSharp, Version=0.8.0.0, Culture=neutral, PublicKeyToken=8d151af33a4ad5cf".
             Çözümlenmiş dosya yolu: "C:\Users\Muhammet\.nuget\packages\zstdsharp.port\0.8.0\lib\net462\ZstdSharp.dll".
             Başvuru, "{HintPathFromItem}" arama yolu konumunda bulundu.
             En az bir kaynak öğesi için "Private" "false" olarak ayarlanmış olduğundan ve "Private", herhangi bir kaynak öğesi için "true" olarak ayarlanmış olmadığından bu başvuru "CopyLocal" değildir.
       "ResolveAssemblyReference" görevini yürütme tamamlandı.
   3:6>"PhoenixData.csproj" projesinde "ResolveAssemblyReferences" hedefini oluşturma tamamlandı.
       Yanlış koşul nedeniyle "_ErrorOnUnresolvedWindowsSDKAssemblyConflict" hedefi atlandı; ( '@(ResolveAssemblyReferenceUnresolvedAssemblyConflicts)' != '' ), ( '' != '' ) olarak değerlendirildi.
       Yanlış koşul nedeniyle "GenerateBindingRedirects" hedefi atlandı; ('$(AutoGenerateBindingRedirects)' == 'true' and '$(GenerateBindingRedirectsOutputType)' == 'true' and '@(SuggestedBindingRedirects)' != '' and '$(DesignTimeBuild)' != 'true' and '$(BuildingProject)' == 'true'), ('' == 'true' and '' == 'true' and '' != '' and '' != 'true' and 'true' == 'true') olarak değerlendirildi.
       Yanlış koşul nedeniyle "_RemoveZipFileSuggestedRedirect" hedefi atlandı; ('$(_TargetFrameworkVersionWithoutV)' >= '4.7.1' And '$(AllowZipFileRedirect)' != 'true'), ('4.6.2' >= '4.7.1' And '' != 'true') olarak değerlendirildi.
       Yanlış koşul nedeniyle "GenerateSupportedRuntime" hedefi atlandı; ('$(GenerateSupportedRuntime)' != 'false' and '$(TargetFrameworkIdentifier)' == '.NETFramework' and '$(HasRuntimeOutput)' == 'true'), ('' != 'false' and '.NETFramework' == '.NETFramework' and '' == 'true') olarak değerlendirildi.
       Yanlış koşul nedeniyle "GenerateBindingRedirectsUpdateAppConfig" hedefi atlandı; ('$(AutoGenerateBindingRedirects)' == 'true' and '$(GenerateBindingRedirectsOutputType)' == 'true'), ('' == 'true' and '' == 'true') olarak değerlendirildi.
       Yanlış koşul nedeniyle "ResolveComReferences" hedefi atlandı; ('@(COMReference)'!='' or '@(COMFileReference)'!=''), (''!='' or ''!='') olarak değerlendirildi.
   3:6>"c:\Users\Muhammet\Documents\GitHub\Wonderland-Private-Server\PhoenixData\PhoenixData.csproj" projesinin "C:\Program Files\dotnet\sdk\9.0.308\Microsoft.Common.CurrentVersion.targets" dosyasındaki "AfterResolveReferences" hedefi ("ResolveReferences" hedefi buna bağımlı):
   3:6>"PhoenixData.csproj" projesinde "AfterResolveReferences" hedefini oluşturma tamamlandı.
       "GetReferenceAssemblyPaths" hedefi atlandı. Önceden başarılı bir şekilde derlenmişti.
   3:6>"c:\Users\Muhammet\Documents\GitHub\Wonderland-Private-Server\PhoenixData\PhoenixData.csproj" projesinin "C:\Program Files\dotnet\sdk\9.0.308\Microsoft.NETFramework.CurrentVersion.targets" dosyasındaki "ImplicitlyExpandDesignTimeFacades" hedefi ("ResolveReferences" hedefi buna bağımlı):
   3:6>"PhoenixData.csproj" projesinde "ImplicitlyExpandDesignTimeFacades" hedefini oluşturma tamamlandı.
   3:6>"c:\Users\Muhammet\Documents\GitHub\Wonderland-Private-Server\PhoenixData\PhoenixData.csproj" projesinin "C:\Program Files\dotnet\sdk\9.0.308\Microsoft.Common.CurrentVersion.targets" dosyasındaki "ResolveReferences" hedefi ("CoreBuild" hedefi buna bağımlı):
   3:6>"PhoenixData.csproj" projesinde "ResolveReferences" hedefini oluşturma tamamlandı.
       "ResolvePackageDependenciesForBuild" hedefi atlandı. Önceden başarılı bir şekilde derlenmişti.
       "_HandlePackageFileConflicts" hedefi atlandı. Önceden başarılı bir şekilde derlenmişti.
   3:6>"c:\Users\Muhammet\Documents\GitHub\Wonderland-Private-Server\PhoenixData\PhoenixData.csproj" projesinin "C:\Program Files\dotnet\sdk\9.0.308\Roslyn\Microsoft.Managed.Core.targets" dosyasındaki "CopyAdditionalFiles" hedefi ("AssignTargetPaths" hedefi buna bağımlı):
   3:6>"PhoenixData.csproj" projesinde "CopyAdditionalFiles" hedefini oluşturma tamamlandı.
   2:6>ResolveAssemblyReferences:
         Birincil başvuru: "mscorlib, Version=4.0.0.0, Culture=neutral, PublicKeyToken=b77a5c561934e089".
   3:6>Yanlış koşul nedeniyle "_ComputeNETCoreBuildOutputFiles" hedefi atlandı; ('$(ComputeNETCoreBuildOutputFiles)' == 'true'), ('' == 'true') olarak değerlendirildi.
   3:6>"c:\Users\Muhammet\Documents\GitHub\Wonderland-Private-Server\PhoenixData\PhoenixData.csproj" projesinin "C:\Program Files\dotnet\sdk\9.0.308\Microsoft.Common.CurrentVersion.targets" dosyasındaki "AssignTargetPaths" hedefi ("PrepareResourceNames" hedefi buna bağımlı):
       "Microsoft.Build.Tasks.Core, Version=15.1.0.0, Culture=neutral, PublicKeyToken=b03f5f7f11d50a3a" derlemesindeki "AssignTargetPath" görevi kullanılıyor.
       "AssignTargetPath" görevi
   2:6>ResolveAssemblyReferences:
             Çözümlenmiş dosya yolu: "C:\Program Files (x86)\Reference Assemblies\Microsoft\Framework\.NETFramework\v4.6.2\mscorlib.dll".
   3:6>"AssignTargetPath" görevini yürütme tamamlandı.
   2:6>ResolveAssemblyReferences:
             Başvuru, "{TargetFrameworkDirectory}" arama yolu konumunda bulundu.
                 SearchPath "{TargetFrameworkDirectory}" için.
                 "C:\Program Files (x86)\Reference Assemblies\Microsoft\Framework\.NETFramework\v4.6.2\mscorlib.winmd" denendi, ancak böyle bir öğe yoktu.
             En az bir kaynak öğesi için "Private" "false" olarak ayarlanmış olduğundan ve "Private", herhangi bir kaynak öğesi için "true" olarak ayarlanmış olmadığından bu başvuru "CopyLocal" değildir.
         Birincil başvuru: "System.Data.SQLite, Version=1.0.94.0, Culture=neutral, PublicKeyToken=db937bc2d44ff139".
             Çözümlenmiş dosya yolu: "c:\Users\Muhammet\Documents\GitHub\Wonderland-Private-Server\DLLS\System.Data.SQLite.dll".
             Başvuru, "{HintPathFromItem}" arama yolu konumunda bulundu.
         Birincil başvuru: "System.Data, Version=4.0.0.0, Culture=neutral, PublicKeyToken=b77a5c561934e089".
             Çözümlenmiş dosya yolu: "C:\Program Files (x86)\Reference Assemblies\Microsoft\Framework\.NETFramework\v4.6.2\System.Data.dll".
             Başvuru, "{TargetFrameworkDirectory}" arama yolu konumunda bulundu.
                 SearchPath "{TargetFrameworkDirectory}" için.
                 "C:\Program Files (x86)\Reference Assemblies\Microsoft\Framework\.NETFramework\v4.6.2\System.Data.winmd" denendi, ancak böyle bir öğe yoktu.
             Bu başvuru bir önkoşul dosyası olduğundan "CopyLocal" değildir.
         Birincil başvuru: "System.Core, Version=4.0.0.0, Culture=neutral, PublicKeyToken=b77a5c561934e089".
             Çözümlenmiş dosya yolu: "C:\Program Files (x86)\Reference Assemblies\Microsoft\Framework\.NETFramework\v4.6.2\System.Core.dll".
             Başvuru, "{TargetFrameworkDirectory}" arama yolu konumunda bulundu.
                 SearchPath "{TargetFrameworkDirectory}" için.
                 "C:\Program Files (x86)\Reference Assemblies\Microsoft\Framework\.NETFramework\v4.6.2\System.Core.winmd" denendi, ancak böyle bir öğe yoktu.
             Bu başvuru bir önkoşul dosyası olduğundan "CopyLocal" değildir.
         Birincil başvuru: "System.Data.DataSetExtensions, Version=4.0.0.0, Culture=neutral, PublicKeyToken=b77a5c561934e089".
             Çözümlenmiş dosya yolu: "C:\Program Files (x86)\Reference Assemblies\Microsoft\Framework\.NETFramework\v4.6.2\System.Data.DataSetExtensions.dll".
             Başvuru, "{TargetFrameworkDirectory}" arama yolu konumunda bulundu.
                 SearchPath "{TargetFrameworkDirectory}" için.
                 "C:\Program Files (x86)\Reference Assemblies\Microsoft\Framework\.NETFramework\v4.6.2\System.Data.DataSetExtensions.winmd" denendi, ancak böyle bir öğe yoktu.
             Bu başvuru bir önkoşul dosyası olduğundan "CopyLocal" değildir.
         Birincil başvuru: "System.Windows.Forms, Version=4.0.0.0, Culture=neutral, PublicKeyToken=b77a5c561934e089".
             Çözümlenmiş dosya yolu: "C:\Program Files (x86)\Reference Assemblies\Microsoft\Framework\.NETFramework\v4.6.2\System.Windows.Forms.dll".
             Başvuru, "{TargetFrameworkDirectory}" arama yolu konumunda bulundu.
                 SearchPath "{TargetFrameworkDirectory}" için.
                 "C:\Program Files (x86)\Reference Assemblies\Microsoft\Framework\.NETFramework\v4.6.2\System.Windows.Forms.winmd" denendi, ancak böyle bir öğe yoktu.
             Bu başvuru bir önkoşul dosyası olduğundan "CopyLocal" değildir.
         Birincil başvuru: "System, Version=4.0.0.0, Culture=neutral, PublicKeyToken=b77a5c561934e089".
             Çözümlenmiş dosya yolu: "C:\Program Files (x86)\Reference Assemblies\Microsoft\Framework\.NETFramework\v4.6.2\System.dll".
             Başvuru, "{TargetFrameworkDirectory}" arama yolu konumunda bulundu.
                 SearchPath "{TargetFrameworkDirectory}" için.
                 "C:\Program Files (x86)\Reference Assemblies\Microsoft\Framework\.NETFramework\v4.6.2\System.winmd" denendi, ancak böyle bir öğe yoktu.
             Bu başvuru bir önkoşul dosyası olduğundan "CopyLocal" değildir.
         Birincil başvuru: "System.Drawing, Version=4.0.0.0, Culture=neutral, PublicKeyToken=b03f5f7f11d50a3a".
             Çözümlenmiş dosya yolu: "C:\Program Files (x86)\Reference Assemblies\Microsoft\Framework\.NETFramework\v4.6.2\System.Drawing.dll".
             Başvuru, "{TargetFrameworkDirectory}" arama yolu konumunda bulundu.
                 SearchPath "{TargetFrameworkDirectory}" için.
                 "C:\Program Files (x86)\Reference Assemblies\Microsoft\Framework\.NETFramework\v4.6.2\System.Drawing.winmd" denendi, ancak böyle bir öğe yoktu.
             Bu başvuru bir önkoşul dosyası olduğundan "CopyLocal" değildir.
         Birincil başvuru: "System.Xml, Version=4.0.0.0, Culture=neutral, PublicKeyToken=b77a5c561934e089".
             Çözümlenmiş dosya yolu: "C:\Program Files (x86)\Reference Assemblies\Microsoft\Framework\.NETFramework\v4.6.2\System.Xml.dll".
             Başvuru, "{TargetFrameworkDirectory}" arama yolu konumunda bulundu.
                 SearchPath "{TargetFrameworkDirectory}" için.
                 "C:\Program Files (x86)\Reference Assemblies\Microsoft\Framework\.NETFramework\v4.6.2\System.Xml.winmd" denendi, ancak böyle bir öğe yoktu.
             Bu başvuru bir önkoşul dosyası olduğundan "CopyLocal" değildir.
         Birincil başvuru: "System.Runtime.Serialization, Version=4.0.0.0, Culture=neutral, PublicKeyToken=b77a5c561934e089".
             Çözümlenmiş dosya yolu: "C:\Program Files (x86)\Reference Assemblies\Microsoft\Framework\.NETFramework\v4.6.2\System.Runtime.Serialization.dll".
             Başvuru, "{TargetFrameworkDirectory}" arama yolu konumunda bulundu.
                 SearchPath "{TargetFrameworkDirectory}" için.
                 "C:\Program Files (x86)\Reference Assemblies\Microsoft\Framework\.NETFramework\v4.6.2\System.Runtime.Serialization.winmd" denendi, ancak böyle bir öğe yoktu.
             Bu başvuru bir önkoşul dosyası olduğundan "CopyLocal" değildir.
         Birincil başvuru: "System.Xml.Linq, Version=4.0.0.0, Culture=neutral, PublicKeyToken=b77a5c561934e089".
             Çözümlenmiş dosya yolu: "C:\Program Files (x86)\Reference Assemblies\Microsoft\Framework\.NETFramework\v4.6.2\System.Xml.Linq.dll".
             Başvuru, "{TargetFrameworkDirectory}" arama yolu konumunda bulundu.
                 SearchPath "{TargetFrameworkDirectory}" için.
                 "C:\Program Files (x86)\Reference Assemblies\Microsoft\Framework\.NETFramework\v4.6.2\System.Xml.Linq.winmd" denendi, ancak böyle bir öğe yoktu.
             Bu başvuru bir önkoşul dosyası olduğundan "CopyLocal" değildir.
         Birincil başvuru: "System.Numerics, Version=4.0.0.0, Culture=neutral, PublicKeyToken=b77a5c561934e089".
             Çözümlenmiş dosya yolu: "C:\Program Files (x86)\Reference Assemblies\Microsoft\Framework\.NETFramework\v4.6.2\System.Numerics.dll".
             Başvuru, "{TargetFrameworkDirectory}" arama yolu konumunda bulundu.
                 SearchPath "{TargetFrameworkDirectory}" için.
                 "C:\Program Files (x86)\Reference Assemblies\Microsoft\Framework\.NETFramework\v4.6.2\System.Numerics.winmd" denendi, ancak böyle bir öğe yoktu.
             Bu başvuru bir önkoşul dosyası olduğundan "CopyLocal" değildir.
         Birincil başvuru: "System.IO.Compression.FileSystem, Version=4.0.0.0, Culture=neutral, PublicKeyToken=b77a5c561934e089".
             Çözümlenmiş dosya yolu: "C:\Program Files (x86)\Reference Assemblies\Microsoft\Framework\.NETFramework\v4.6.2\System.IO.Compression.FileSystem.dll".
             Başvuru, "{TargetFrameworkDirectory}" arama yolu konumunda bulundu.
                 SearchPath "{TargetFrameworkDirectory}" için.
                 "C:\Program Files (x86)\Reference Assemblies\Microsoft\Framework\.NETFramework\v4.6.2\System.IO.Compression.FileSystem.winmd" denendi, ancak böyle bir öğe yoktu.
             Bu başvuru bir önkoşul dosyası olduğundan "CopyLocal" değildir.
         Birincil başvuru: "System.Configuration, Version=4.0.0.0, Culture=neutral, PublicKeyToken=b03f5f7f11d50a3a".
             Çözümlenmiş dosya yolu: "C:\Program Files (x86)\Reference Assemblies\Microsoft\Framework\.NETFramework\v4.6.2\System.Configuration.dll".
             Başvuru, "{TargetFrameworkDirectory}" arama yolu konumunda bulundu.
                 SearchPath "{TargetFrameworkDirectory}" için.
                 "C:\Program Files (x86)\Reference Assemblies\Microsoft\Framework\.NETFramework\v4.6.2\System.Configuration.winmd" denendi, ancak böyle bir öğe yoktu.
             En az bir kaynak öğesi için "Private" "false" olarak ayarlanmış olduğundan ve "Private", herhangi bir kaynak öğesi için "true" olarak ayarlanmış olmadığından bu başvuru "CopyLocal" değildir.
         Birincil başvuru: "System.Management, Version=4.0.0.0, Culture=neutral, PublicKeyToken=b03f5f7f11d50a3a".
             Çözümlenmiş dosya yolu: "C:\Program Files (x86)\Reference Assemblies\Microsoft\Framework\.NETFramework\v4.6.2\System.Management.dll".
             Başvuru, "{TargetFrameworkDirectory}" arama yolu konumunda bulundu.
                 SearchPath "{TargetFrameworkDirectory}" için.
                 "C:\Program Files (x86)\Reference Assemblies\Microsoft\Framework\.NETFramework\v4.6.2\System.Management.winmd" denendi, ancak böyle bir öğe yoktu.
             En az bir kaynak öğesi için "Private" "false" olarak ayarlanmış olduğundan ve "Private", herhangi bir kaynak öğesi için "true" olarak ayarlanmış olmadığından bu başvuru "CopyLocal" değildir.
         Birincil başvuru: "System.Transactions, Version=4.0.0.0, Culture=neutral, PublicKeyToken=b77a5c561934e089".
             Çözümlenmiş dosya yolu: "C:\Program Files (x86)\Reference Assemblies\Microsoft\Framework\.NETFramework\v4.6.2\System.Transactions.dll".
             Başvuru, "{TargetFrameworkDirectory}" arama yolu konumunda bulundu.
                 SearchPath "{TargetFrameworkDirectory}" için.
                 "C:\Program Files (x86)\Reference Assemblies\Microsoft\Framework\.NETFramework\v4.6.2\System.Transactions.winmd" denendi, ancak böyle bir öğe yoktu.
             En az bir kaynak öğesi için "Private" "false" olarak ayarlanmış olduğundan ve "Private", herhangi bir kaynak öğesi için "true" olarak ayarlanmış olmadığından bu başvuru "CopyLocal" değildir.
         Birincil başvuru: "BouncyCastle.Cryptography, Version=2.0.0.0, Culture=neutral, PublicKeyToken=072edcf4a5328938".
             Çözümlenmiş dosya yolu: "C:\Users\Muhammet\.nuget\packages\bouncycastle.cryptography\2.3.1\lib\net461\BouncyCastle.Cryptography.dll".
             Başvuru, "{HintPathFromItem}" arama yolu konumunda bulundu.
             En az bir kaynak öğesi için "Private" "false" olarak ayarlanmış olduğundan ve "Private", herhangi bir kaynak öğesi için "true" olarak ayarlanmış olmadığından bu başvuru "CopyLocal" değildir.
         Birincil başvuru: "Google.Protobuf, Version=3.26.1.0, Culture=neutral, PublicKeyToken=a7d26565bac4d604".
             Çözümlenmiş dosya yolu: "C:\Users\Muhammet\.nuget\packages\google.protobuf\3.26.1\lib\net45\Google.Protobuf.dll".
             Başvuru, "{HintPathFromItem}" arama yolu konumunda bulundu.
             En az bir kaynak öğesi için "Private" "false" olarak ayarlanmış olduğundan ve "Private", herhangi bir kaynak öğesi için "true" olarak ayarlanmış olmadığından bu başvuru "CopyLocal" değildir.
         Birincil başvuru: "K4os.Compression.LZ4, Version=1.3.8.0, Culture=neutral, PublicKeyToken=2186fa9121ef231d".
             Çözümlenmiş dosya yolu: "C:\Users\Muhammet\.nuget\packages\k4os.compression.lz4\1.3.8\lib\net462\K4os.Compression.LZ4.dll".
             Başvuru, "{HintPathFromItem}" arama yolu konumunda bulundu.
             En az bir kaynak öğesi için "Private" "false" olarak ayarlanmış olduğundan ve "Private", herhangi bir kaynak öğesi için "true" olarak ayarlanmış olmadığından bu başvuru "CopyLocal" değildir.
         Birincil başvuru: "K4os.Compression.LZ4.Streams, Version=1.3.8.0, Culture=neutral, PublicKeyToken=2186fa9121ef231d".
             Çözümlenmiş dosya yolu: "C:\Users\Muhammet\.nuget\packages\k4os.compression.lz4.streams\1.3.8\lib\net462\K4os.Compression.LZ4.Streams.dll".
             Başvuru, "{HintPathFromItem}" arama yolu konumunda bulundu.
             En az bir kaynak öğesi için "Private" "false" olarak ayarlanmış olduğundan ve "Private", herhangi bir kaynak öğesi için "true" olarak ayarlanmış olmadığından bu başvuru "CopyLocal" değildir.
         Birincil başvuru: "K4os.Hash.xxHash, Version=1.0.8.0, Culture=neutral, PublicKeyToken=32cd54395057cec3".
             Çözümlenmiş dosya yolu: "C:\Users\Muhammet\.nuget\packages\k4os.hash.xxhash\1.0.8\lib\net462\K4os.Hash.xxHash.dll".
             Başvuru, "{HintPathFromItem}" arama yolu konumunda bulundu.
             En az bir kaynak öğesi için "Private" "false" olarak ayarlanmış olduğundan ve "Private", herhangi bir kaynak öğesi için "true" olarak ayarlanmış olmadığından bu başvuru "CopyLocal" değildir.
         Birincil başvuru: "Microsoft.Bcl.AsyncInterfaces, Version=5.0.0.0, Culture=neutral, PublicKeyToken=cc7b13ffcd2ddd51".
             Çözümlenmiş dosya yolu: "C:\Users\Muhammet\.nuget\packages\microsoft.bcl.asyncinterfaces\5.0.0\lib\net461\Microsoft.Bcl.AsyncInterfaces.dll".
             Başvuru, "{HintPathFromItem}" arama yolu konumunda bulundu.
             En az bir kaynak öğesi için "Private" "false" olarak ayarlanmış olduğundan ve "Private", herhangi bir kaynak öğesi için "true" olarak ayarlanmış olmadığından bu başvuru "CopyLocal" değildir.
         Birincil başvuru: "MySql.Data, Version=9.1.0.0, Culture=neutral, PublicKeyToken=c5687fc88969c44d".
             Çözümlenmiş dosya yolu: "C:\Users\Muhammet\.nuget\packages\mysql.data\9.1.0\lib\net462\MySql.Data.dll".
             Başvuru, "{HintPathFromItem}" arama yolu konumunda bulundu.
             En az bir kaynak öğesi için "Private" "false" olarak ayarlanmış olduğundan ve "Private", herhangi bir kaynak öğesi için "true" olarak ayarlanmış olmadığından bu başvuru "CopyLocal" değildir.
         Birincil başvuru: "System.Buffers, Version=4.0.3.0, Culture=neutral, PublicKeyToken=cc7b13ffcd2ddd51".
             Çözümlenmiş dosya yolu: "C:\Users\Muhammet\.nuget\packages\system.buffers\4.5.1\ref\net45\System.Buffers.dll".
             Başvuru, "{HintPathFromItem}" arama yolu konumunda bulundu.
             En az bir kaynak öğesi için "Private" "false" olarak ayarlanmış olduğundan ve "Private", herhangi bir kaynak öğesi için "true" olarak ayarlanmış olmadığından bu başvuru "CopyLocal" değildir.
         Birincil başvuru: "System.Configuration.ConfigurationManager, Version=8.0.0.0, Culture=neutral, PublicKeyToken=cc7b13ffcd2ddd51".
             Çözümlenmiş dosya yolu: "C:\Users\Muhammet\.nuget\packages\system.configuration.configurationmanager\8.0.0\lib\net462\System.Configuration.ConfigurationManager.dll".
             Başvuru, "{HintPathFromItem}" arama yolu konumunda bulundu.
             En az bir kaynak öğesi için "Private" "false" olarak ayarlanmış olduğundan ve "Private", herhangi bir kaynak öğesi için "true" olarak ayarlanmış olmadığından bu başvuru "CopyLocal" değildir.
         Birincil başvuru: "System.Diagnostics.DiagnosticSource, Version=8.0.0.1, Culture=neutral, PublicKeyToken=cc7b13ffcd2ddd51".
             Çözümlenmiş dosya yolu: "C:\Users\Muhammet\.nuget\packages\system.diagnostics.diagnosticsource\8.0.1\lib\net462\System.Diagnostics.DiagnosticSource.dll".
             Başvuru, "{HintPathFromItem}" arama yolu konumunda bulundu.
             En az bir kaynak öğesi için "Private" "false" olarak ayarlanmış olduğundan ve "Private", herhangi bir kaynak öğesi için "true" olarak ayarlanmış olmadığından bu başvuru "CopyLocal" değildir.
         Birincil başvuru: "System.IO.Pipelines, Version=5.0.0.2, Culture=neutral, PublicKeyToken=cc7b13ffcd2ddd51".
             Çözümlenmiş dosya yolu: "C:\Users\Muhammet\.nuget\packages\system.io.pipelines\5.0.2\lib\net461\System.IO.Pipelines.dll".
             Başvuru, "{HintPathFromItem}" arama yolu konumunda bulundu.
             En az bir kaynak öğesi için "Private" "false" olarak ayarlanmış olduğundan ve "Private", herhangi bir kaynak öğesi için "true" olarak ayarlanmış olmadığından bu başvuru "CopyLocal" değildir.
         Birincil başvuru: "System.Memory, Version=4.0.1.2, Culture=neutral, PublicKeyToken=cc7b13ffcd2ddd51".
             Çözümlenmiş dosya yolu: "C:\Users\Muhammet\.nuget\packages\system.memory\4.5.5\lib\net461\System.Memory.dll".
             Başvuru, "{HintPathFromItem}" arama yolu konumunda bulundu.
             En az bir kaynak öğesi için "Private" "false" olarak ayarlanmış olduğundan ve "Private", herhangi bir kaynak öğesi için "true" olarak ayarlanmış olmadığından bu başvuru "CopyLocal" değildir.
         Birincil başvuru: "System.Numerics.Vectors, Version=4.1.4.0, Culture=neutral, PublicKeyToken=b03f5f7f11d50a3a".
             Çözümlenmiş dosya yolu: "C:\Users\Muhammet\.nuget\packages\system.numerics.vectors\4.5.0\ref\net46\System.Numerics.Vectors.dll".
             Başvuru, "{HintPathFromItem}" arama yolu konumunda bulundu.
             En az bir kaynak öğesi için "Private" "false" olarak ayarlanmış olduğundan ve "Private", herhangi bir kaynak öğesi için "true" olarak ayarlanmış olmadığından bu başvuru "CopyLocal" değildir.
         Birincil başvuru: "System.Runtime.CompilerServices.Unsafe, Version=6.0.0.0, Culture=neutral, PublicKeyToken=b03f5f7f11d50a3a".
             Çözümlenmiş dosya yolu: "C:\Users\Muhammet\.nuget\packages\system.runtime.compilerservices.unsafe\6.0.0\lib\net461\System.Runtime.CompilerServices.Unsafe.dll".
             Başvuru, "{HintPathFromItem}" arama yolu konumunda bulundu.
             En az bir kaynak öğesi için "Private" "false" olarak ayarlanmış olduğundan ve "Private", herhangi bir kaynak öğesi için "true" olarak ayarlanmış olmadığından bu başvuru "CopyLocal" değildir.
         Birincil başvuru: "System.Threading.Tasks.Extensions, Version=4.2.0.1, Culture=neutral, PublicKeyToken=cc7b13ffcd2ddd51".
             Çözümlenmiş dosya yolu: "C:\Users\Muhammet\.nuget\packages\system.threading.tasks.extensions\4.5.4\lib\net461\System.Threading.Tasks.Extensions.dll".
             Başvuru, "{HintPathFromItem}" arama yolu konumunda bulundu.
             En az bir kaynak öğesi için "Private" "false" olarak ayarlanmış olduğundan ve "Private", herhangi bir kaynak öğesi için "true" olarak ayarlanmış olmadığından bu başvuru "CopyLocal" değildir.
         Birincil başvuru: "ZstdSharp, Version=0.8.0.0, Culture=neutral, PublicKeyToken=8d151af33a4ad5cf".
             Çözümlenmiş dosya yolu: "C:\Users\Muhammet\.nuget\packages\zstdsharp.port\0.8.0\lib\net462\ZstdSharp.dll".
             Başvuru, "{HintPathFromItem}" arama yolu konumunda bulundu.
             En az bir kaynak öğesi için "Private" "false" olarak ayarlanmış olduğundan ve "Private", herhangi bir kaynak öğesi için "true" olarak ayarlanmış olmadığından bu başvuru "CopyLocal" değildir.
   3:6>"AssignTargetPath" görevi
       "AssignTargetPath" görevini yürütme tamamlandı.
       "AssignTargetPath" görevi
       "AssignTargetPath" görevini yürütme tamamlandı.
       "AssignTargetPath" görevi
       "AssignTargetPath" görevini yürütme tamamlandı.
       Yanlış koşul nedeniyle "AssignTargetPath" görevi atlandı; ('@(_DeploymentBaseManifestWithTargetPath)'=='' and '%(None.Extension)'=='.manifest'), (''=='' and ''=='.manifest') olarak değerlendirildi.
   3:6>"PhoenixData.csproj" projesinde "AssignTargetPaths" hedefini oluşturma tamamlandı.
       "AssignTargetPaths" hedefi atlandı. Önceden başarılı bir şekilde derlenmişti.
   2:6>"ResolveAssemblyReference" görevini yürütme tamamlandı.
   3:6>"c:\Users\Muhammet\Documents\GitHub\Wonderland-Private-Server\PhoenixData\PhoenixData.csproj" projesinin "C:\Program Files\dotnet\sdk\9.0.308\Microsoft.Common.CurrentVersion.targets" dosyasındaki "SplitResourcesByCulture" hedefi ("PrepareResourceNames" hedefi buna bağımlı):
   3:6>Yanlış koşul nedeniyle "MSBuildInternalMessage" görevi atlandı; ('@(ResxWithNoCulture)'!=''), (''!='') olarak değerlendirildi.
   2:6>"RCLibrary.csproj" projesinde "ResolveAssemblyReferences" hedefini oluşturma tamamlandı.
   3:6>SplitResourcesByCulture:
       Yanlış koşul nedeniyle "MSBuildInternalMessage" görevi atlandı; ('@(ResxWithCulture)'!=''), (''!='') olarak değerlendirildi.
   2:6>Yanlış koşul nedeniyle "_ErrorOnUnresolvedWindowsSDKAssemblyConflict" hedefi atlandı; ( '@(ResolveAssemblyReferenceUnresolvedAssemblyConflicts)' != '' ), ( '' != '' ) olarak değerlendirildi.
       Yanlış koşul nedeniyle "GenerateBindingRedirects" hedefi atlandı; ('$(AutoGenerateBindingRedirects)' == 'true' and '$(GenerateBindingRedirectsOutputType)' == 'true' and '@(SuggestedBindingRedirects)' != '' and '$(DesignTimeBuild)' != 'true' and '$(BuildingProject)' == 'true'), ('' == 'true' and '' == 'true' and '' != '' and '' != 'true' and 'true' == 'true') olarak değerlendirildi.
       Yanlış koşul nedeniyle "_RemoveZipFileSuggestedRedirect" hedefi atlandı; ('$(_TargetFrameworkVersionWithoutV)' >= '4.7.1' And '$(AllowZipFileRedirect)' != 'true'), ('4.6.2' >= '4.7.1' And '' != 'true') olarak değerlendirildi.
   3:6>SplitResourcesByCulture:
       Yanlış koşul nedeniyle "MSBuildInternalMessage" görevi atlandı; ('@(NonResxWithCulture)'!=''), (''!='') olarak değerlendirildi.
   2:6>Yanlış koşul nedeniyle "GenerateSupportedRuntime" hedefi atlandı; ('$(GenerateSupportedRuntime)' != 'false' and '$(TargetFrameworkIdentifier)' == '.NETFramework' and '$(HasRuntimeOutput)' == 'true'), ('' != 'false' and '.NETFramework' == '.NETFramework' and '' == 'true') olarak değerlendirildi.
       Yanlış koşul nedeniyle "GenerateBindingRedirectsUpdateAppConfig" hedefi atlandı; ('$(AutoGenerateBindingRedirects)' == 'true' and '$(GenerateBindingRedirectsOutputType)' == 'true'), ('' == 'true' and '' == 'true') olarak değerlendirildi.
       Yanlış koşul nedeniyle "ResolveComReferences" hedefi atlandı; ('@(COMReference)'!='' or '@(COMFileReference)'!=''), (''!='' or ''!='') olarak değerlendirildi.
   2:6>"c:\Users\Muhammet\Documents\GitHub\Wonderland-Private-Server\RCLibrary\RCLibrary.csproj" projesinin "C:\Program Files\dotnet\sdk\9.0.308\Microsoft.Common.CurrentVersion.targets" dosyasındaki "AfterResolveReferences" hedefi ("ResolveReferences" hedefi buna bağımlı):
   2:6>"RCLibrary.csproj" projesinde "AfterResolveReferences" hedefini oluşturma tamamlandı.
       "GetReferenceAssemblyPaths" hedefi atlandı. Önceden başarılı bir şekilde derlenmişti.
   3:6>SplitResourcesByCulture:
       Yanlış koşul nedeniyle "MSBuildInternalMessage" görevi atlandı; ('@(NonResxWithNoCulture)'!=''), (''!='') olarak değerlendirildi.
       "Microsoft.Build.Tasks.Core, Version=15.1.0.0, Culture=neutral, PublicKeyToken=b03f5f7f11d50a3a" derlemesindeki "AssignCulture" görevi kullanılıyor.
   2:6>"c:\Users\Muhammet\Documents\GitHub\Wonderland-Private-Server\RCLibrary\RCLibrary.csproj" projesinin "C:\Program Files\dotnet\sdk\9.0.308\Microsoft.NETFramework.CurrentVersion.targets" dosyasındaki "ImplicitlyExpandDesignTimeFacades" hedefi ("ResolveReferences" hedefi buna bağımlı):
   2:6>"RCLibrary.csproj" projesinde "ImplicitlyExpandDesignTimeFacades" hedefini oluşturma tamamlandı.
   2:6>"c:\Users\Muhammet\Documents\GitHub\Wonderland-Private-Server\RCLibrary\RCLibrary.csproj" projesinin "C:\Program Files\dotnet\sdk\9.0.308\Microsoft.Common.CurrentVersion.targets" dosyasındaki "ResolveReferences" hedefi ("CoreBuild" hedefi buna bağımlı):
   2:6>"RCLibrary.csproj" projesinde "ResolveReferences" hedefini oluşturma tamamlandı.
       Yanlış koşul nedeniyle "MarkupCompilePass1" hedefi atlandı; ('@(Page)' != '' or '@(ApplicationDefinition)' != '' ), ('' != '' or '' != '' ) olarak değerlendirildi.
   2:6>"c:\Users\Muhammet\Documents\GitHub\Wonderland-Private-Server\RCLibrary\RCLibrary.csproj" projesinin "C:\Program Files\dotnet\sdk\9.0.308\Sdks\Microsoft.NET.Sdk.WindowsDesktop\targets\Microsoft.WinFX.targets" dosyasındaki "AfterMarkupCompilePass1" hedefi ("PrepareResources" hedefi buna bağımlı):
   2:6>"RCLibrary.csproj" projesinde "AfterMarkupCompilePass1" hedefini oluşturma tamamlandı.
       Yanlış koşul nedeniyle "MarkupCompilePass2ForMainAssembly" hedefi atlandı; ('$(_RequireMCPass2ForMainAssembly)' == 'true' ), ('false' == 'true' ) olarak değerlendirildi.
   3:6>"AssignCulture" görevi
   2:6>"c:\Users\Muhammet\Documents\GitHub\Wonderland-Private-Server\RCLibrary\RCLibrary.csproj" projesinin "C:\Program Files\dotnet\sdk\9.0.308\Sdks\Microsoft.NET.Sdk.WindowsDesktop\targets\Microsoft.WinFX.targets" dosyasındaki "FileClassification" hedefi ("PrepareResources" hedefi buna bağımlı):
   2:6>Yanlış koşul nedeniyle "FileClassifier" görevi atlandı; ('@(GeneratedBaml)' != '' or '@(Resource)' != '' or '@(Font)' != ''), ('' != '' or '' != '' or '' != '') olarak değerlendirildi.
       Yanlış koşul nedeniyle "Message" görevi atlandı; ('$(MSBuildTargetsVerbose)'=='true'), (''=='true') olarak değerlendirildi.
       Yanlış koşul nedeniyle "Message" görevi atlandı; ('$(MSBuildTargetsVerbose)'=='true'), (''=='true') olarak değerlendirildi.
   2:6>"RCLibrary.csproj" projesinde "FileClassification" hedefini oluşturma tamamlandı.
       Yanlış koşul nedeniyle "MainResourcesGeneration" hedefi atlandı; ('@(MainEmbeddedFiles)' != ''), ('' != '') olarak değerlendirildi.
       "ResolvePackageDependenciesForBuild" hedefi atlandı. Önceden başarılı bir şekilde derlenmişti.
       "_HandlePackageFileConflicts" hedefi atlandı. Önceden başarılı bir şekilde derlenmişti.
       Yanlış koşul nedeniyle "AssignWinFXEmbeddedResource" hedefi atlandı; ('@(WinFXEmbeddedResource)' != ''), ('' != '') olarak değerlendirildi.
   2:6>"c:\Users\Muhammet\Documents\GitHub\Wonderland-Private-Server\RCLibrary\RCLibrary.csproj" projesinin "C:\Program Files\dotnet\sdk\9.0.308\Roslyn\Microsoft.Managed.Core.targets" dosyasındaki "CopyAdditionalFiles" hedefi ("AssignTargetPaths" hedefi buna bağımlı):
   2:6>"RCLibrary.csproj" projesinde "CopyAdditionalFiles" hedefini oluşturma tamamlandı.
   3:6>"AssignCulture" görevini yürütme tamamlandı.
   2:6>Yanlış koşul nedeniyle "_ComputeNETCoreBuildOutputFiles" hedefi atlandı; ('$(ComputeNETCoreBuildOutputFiles)' == 'true'), ('' == 'true') olarak değerlendirildi.
   3:6>"PhoenixData.csproj" projesinde "SplitResourcesByCulture" hedefini oluşturma tamamlandı.
       Yanlış koşul nedeniyle "CreateManifestResourceNames" hedefi atlandı; ('@(EmbeddedResource)' != ''), ('' != '') olarak değerlendirildi.
   2:6>"c:\Users\Muhammet\Documents\GitHub\Wonderland-Private-Server\RCLibrary\RCLibrary.csproj" projesinin "C:\Program Files\dotnet\sdk\9.0.308\Microsoft.Common.CurrentVersion.targets" dosyasındaki "AssignTargetPaths" hedefi ("PrepareResourceNames" hedefi buna bağımlı):
   2:6>"Microsoft.Build.Tasks.Core, Version=15.1.0.0, Culture=neutral, PublicKeyToken=b03f5f7f11d50a3a" derlemesindeki "AssignTargetPath" görevi kullanılıyor.
       "AssignTargetPath" görevi
       "AssignTargetPath" görevini yürütme tamamlandı.
       "AssignTargetPath" görevi
   3:6>"c:\Users\Muhammet\Documents\GitHub\Wonderland-Private-Server\PhoenixData\PhoenixData.csproj" projesinin "C:\Program Files\dotnet\sdk\9.0.308\Microsoft.Common.CurrentVersion.targets" dosyasındaki "CreateCustomManifestResourceNames" hedefi ("PrepareResourceNames" hedefi buna bağımlı):
   3:6>"PhoenixData.csproj" projesinde "CreateCustomManifestResourceNames" hedefini oluşturma tamamlandı.
   2:6>"AssignTargetPath" görevini yürütme tamamlandı.
       "AssignTargetPath" görevi
   3:6>"c:\Users\Muhammet\Documents\GitHub\Wonderland-Private-Server\PhoenixData\PhoenixData.csproj" projesinin "C:\Program Files\dotnet\sdk\9.0.308\Microsoft.Common.CurrentVersion.targets" dosyasındaki "PrepareResourceNames" hedefi ("PrepareResources" hedefi buna bağımlı):
   3:6>"PhoenixData.csproj" projesinde "PrepareResourceNames" hedefini oluşturma tamamlandı.
       "ResolveAssemblyReferences" hedefi atlandı. Önceden başarılı bir şekilde derlenmişti.
       "SplitResourcesByCulture" hedefi atlandı. Önceden başarılı bir şekilde derlenmişti.
   2:6>"AssignTargetPath" görevini yürütme tamamlandı.
       "AssignTargetPath" görevi
       "AssignTargetPath" görevini yürütme tamamlandı.
       Yanlış koşul nedeniyle "AssignTargetPath" görevi atlandı; ('@(_DeploymentBaseManifestWithTargetPath)'=='' and '%(None.Extension)'=='.manifest'), (''=='' and ''=='.manifest') olarak değerlendirildi.
   2:6>"RCLibrary.csproj" projesinde "AssignTargetPaths" hedefini oluşturma tamamlandı.
       "AssignTargetPaths" hedefi atlandı. Önceden başarılı bir şekilde derlenmişti.
   2:6>"c:\Users\Muhammet\Documents\GitHub\Wonderland-Private-Server\RCLibrary\RCLibrary.csproj" projesinin "C:\Program Files\dotnet\sdk\9.0.308\Microsoft.Common.CurrentVersion.targets" dosyasındaki "SplitResourcesByCulture" hedefi ("PrepareResourceNames" hedefi buna bağımlı):
       Yanlış koşul nedeniyle "MSBuildInternalMessage" görevi atlandı; ('@(ResxWithNoCulture)'!=''), (''!='') olarak değerlendirildi.
       Yanlış koşul nedeniyle "MSBuildInternalMessage" görevi atlandı; ('@(ResxWithCulture)'!=''), (''!='') olarak değerlendirildi.
       Yanlış koşul nedeniyle "MSBuildInternalMessage" görevi atlandı; ('@(NonResxWithCulture)'!=''), (''!='') olarak değerlendirildi.
       Yanlış koşul nedeniyle "MSBuildInternalMessage" görevi atlandı; ('@(NonResxWithNoCulture)'!=''), (''!='') olarak değerlendirildi.
   3:6>"c:\Users\Muhammet\Documents\GitHub\Wonderland-Private-Server\PhoenixData\PhoenixData.csproj" projesinin "C:\Program Files\dotnet\sdk\9.0.308\Microsoft.Common.CurrentVersion.targets" dosyasındaki "BeforeResGen" hedefi ("ResGen" hedefi buna bağımlı):
   3:6>"PhoenixData.csproj" projesinde "BeforeResGen" hedefini oluşturma tamamlandı.
       "ResolveReferences" hedefi atlandı. Önceden başarılı bir şekilde derlenmişti.
   2:6>SplitResourcesByCulture:
       "Microsoft.Build.Tasks.Core, Version=15.1.0.0, Culture=neutral, PublicKeyToken=b03f5f7f11d50a3a" derlemesindeki "AssignCulture" görevi kullanılıyor.
       "AssignCulture" görevi
   3:6>"c:\Users\Muhammet\Documents\GitHub\Wonderland-Private-Server\PhoenixData\PhoenixData.csproj" projesinin "C:\Program Files\dotnet\sdk\9.0.308\Microsoft.Common.CurrentVersion.targets" dosyasındaki "FindReferenceAssembliesForReferences" hedefi ("CoreResGen" hedefi buna bağımlı):
   3:6>"PhoenixData.csproj" projesinde "FindReferenceAssembliesForReferences" hedefini oluşturma tamamlandı.
   2:6>"AssignCulture" görevini yürütme tamamlandı.
   3:6>"c:\Users\Muhammet\Documents\GitHub\Wonderland-Private-Server\PhoenixData\PhoenixData.csproj" projesinin "C:\Program Files\dotnet\sdk\9.0.308\Microsoft.Common.CurrentVersion.targets" dosyasındaki "CoreResGen" hedefi ("ResGen" hedefi buna bağımlı):
   3:6>Yanlış koşul nedeniyle "GenerateResource" görevi atlandı; ('%(EmbeddedResource.Type)' == 'Resx' and '%(EmbeddedResource.GenerateResource)' != 'false' and '$(GenerateResourceMSBuildRuntime)' != 'CLR2'), ('' == 'Resx' and '' != 'false' and 'CurrentRuntime' != 'CLR2') olarak değerlendirildi.
   2:6>"RCLibrary.csproj" projesinde "SplitResourcesByCulture" hedefini oluşturma tamamlandı.
       Yanlış koşul nedeniyle "CreateManifestResourceNames" hedefi atlandı; ('@(EmbeddedResource)' != ''), ('' != '') olarak değerlendirildi.
   3:6>CoreResGen:
       Yanlış koşul nedeniyle "GenerateResource" görevi atlandı; ('%(EmbeddedResource.Type)' == 'Resx' and '%(EmbeddedResource.GenerateResource)' != 'false' and '$(GenerateResourceMSBuildRuntime)' == 'CLR2'), ('' == 'Resx' and '' != 'false' and 'CurrentRuntime' == 'CLR2') olarak değerlendirildi.
   2:6>"c:\Users\Muhammet\Documents\GitHub\Wonderland-Private-Server\RCLibrary\RCLibrary.csproj" projesinin "C:\Program Files\dotnet\sdk\9.0.308\Microsoft.Common.CurrentVersion.targets" dosyasındaki "CreateCustomManifestResourceNames" hedefi ("PrepareResourceNames" hedefi buna bağımlı):
   2:6>"RCLibrary.csproj" projesinde "CreateCustomManifestResourceNames" hedefini oluşturma tamamlandı.
   2:6>"c:\Users\Muhammet\Documents\GitHub\Wonderland-Private-Server\RCLibrary\RCLibrary.csproj" projesinin "C:\Program Files\dotnet\sdk\9.0.308\Microsoft.Common.CurrentVersion.targets" dosyasındaki "PrepareResourceNames" hedefi ("PrepareResources" hedefi buna bağımlı):
   2:6>"RCLibrary.csproj" projesinde "PrepareResourceNames" hedefini oluşturma tamamlandı.
       "ResolveAssemblyReferences" hedefi atlandı. Önceden başarılı bir şekilde derlenmişti.
       "SplitResourcesByCulture" hedefi atlandı. Önceden başarılı bir şekilde derlenmişti.
   2:6>"c:\Users\Muhammet\Documents\GitHub\Wonderland-Private-Server\RCLibrary\RCLibrary.csproj" projesinin "C:\Program Files\dotnet\sdk\9.0.308\Microsoft.Common.CurrentVersion.targets" dosyasındaki "BeforeResGen" hedefi ("ResGen" hedefi buna bağımlı):
   2:6>"RCLibrary.csproj" projesinde "BeforeResGen" hedefini oluşturma tamamlandı.
       "ResolveReferences" hedefi atlandı. Önceden başarılı bir şekilde derlenmişti.
   3:6>"PhoenixData.csproj" projesinde "CoreResGen" hedefini oluşturma tamamlandı.
   3:6>"c:\Users\Muhammet\Documents\GitHub\Wonderland-Private-Server\PhoenixData\PhoenixData.csproj" projesinin "C:\Program Files\dotnet\sdk\9.0.308\Microsoft.Common.CurrentVersion.targets" dosyasındaki "AfterResGen" hedefi ("ResGen" hedefi buna bağımlı):
   3:6>"PhoenixData.csproj" projesinde "AfterResGen" hedefini oluşturma tamamlandı.
   3:6>"c:\Users\Muhammet\Documents\GitHub\Wonderland-Private-Server\PhoenixData\PhoenixData.csproj" projesinin "C:\Program Files\dotnet\sdk\9.0.308\Microsoft.Common.CurrentVersion.targets" dosyasındaki "ResGen" hedefi ("PrepareResources" hedefi buna bağımlı):
   3:6>"PhoenixData.csproj" projesinde "ResGen" hedefini oluşturma tamamlandı.
       Yanlış koşul nedeniyle "CompileLicxFiles" hedefi atlandı; ('@(_LicxFile)'!=''), (''!='') olarak değerlendirildi.
   3:6>"c:\Users\Muhammet\Documents\GitHub\Wonderland-Private-Server\PhoenixData\PhoenixData.csproj" projesinin "C:\Program Files\dotnet\sdk\9.0.308\Microsoft.Common.CurrentVersion.targets" dosyasındaki "PrepareResources" hedefi ("CoreBuild" hedefi buna bağımlı):
   3:6>"PhoenixData.csproj" projesinde "PrepareResources" hedefini oluşturma tamamlandı.
       Yanlış koşul nedeniyle "ResolveKeySource" hedefi atlandı; ($(SignManifests) == 'true' or $(SignAssembly) == 'true'), ( == 'true' or false == 'true') olarak değerlendirildi.
       "ResolveReferences" hedefi atlandı. Önceden başarılı bir şekilde derlenmişti.
       Yanlış koşul nedeniyle "ResolveKeySource" hedefi atlandı; ($(SignManifests) == 'true' or $(SignAssembly) == 'true'), ( == 'true' or false == 'true') olarak değerlendirildi.
       Yanlış koşul nedeniyle "ResolveComReferences" hedefi atlandı; ('@(COMReference)'!='' or '@(COMFileReference)'!=''), (''!='' or ''!='') olarak değerlendirildi.
       Yanlış koşul nedeniyle "ResolveNativeReferences" hedefi atlandı; ('@(NativeReference)'!=''), (''!='') olarak değerlendirildi.
       Yanlış koşul nedeniyle "_SetExternalWin32ManifestProperties" hedefi atlandı; ('$(GenerateClickOnceManifests)'=='true' or '@(NativeReference)'!='' or '@(ResolvedIsolatedComModules)'!=''), (''=='true' or ''!='' or ''!='') olarak değerlendirildi.
   3:6>"c:\Users\Muhammet\Documents\GitHub\Wonderland-Private-Server\PhoenixData\PhoenixData.csproj" projesinin "C:\Program Files\dotnet\sdk\9.0.308\Microsoft.Common.CurrentVersion.targets" dosyasındaki "_SetEmbeddedWin32ManifestProperties" hedefi ("SetWin32ManifestProperties" hedefi buna bağımlı):
       "Microsoft.Build.Tasks.Core, Version=15.1.0.0, Culture=neutral, PublicKeyToken=b03f5f7f11d50a3a" derlemesindeki "GetFrameworkPath" görevi kullanılıyor.
   2:6>"c:\Users\Muhammet\Documents\GitHub\Wonderland-Private-Server\RCLibrary\RCLibrary.csproj" projesinin "C:\Program Files\dotnet\sdk\9.0.308\Microsoft.Common.CurrentVersion.targets" dosyasındaki "FindReferenceAssembliesForReferences" hedefi ("CoreResGen" hedefi buna bağımlı):
   2:6>"RCLibrary.csproj" projesinde "FindReferenceAssembliesForReferences" hedefini oluşturma tamamlandı.
   3:6>"GetFrameworkPath" görevi
   2:6>"c:\Users\Muhammet\Documents\GitHub\Wonderland-Private-Server\RCLibrary\RCLibrary.csproj" projesinin "C:\Program Files\dotnet\sdk\9.0.308\Microsoft.Common.CurrentVersion.targets" dosyasındaki "CoreResGen" hedefi ("ResGen" hedefi buna bağımlı):
   2:6>Yanlış koşul nedeniyle "GenerateResource" görevi atlandı; ('%(EmbeddedResource.Type)' == 'Resx' and '%(EmbeddedResource.GenerateResource)' != 'false' and '$(GenerateResourceMSBuildRuntime)' != 'CLR2'), ('' == 'Resx' and '' != 'false' and 'CurrentRuntime' != 'CLR2') olarak değerlendirildi.
       Yanlış koşul nedeniyle "GenerateResource" görevi atlandı; ('%(EmbeddedResource.Type)' == 'Resx' and '%(EmbeddedResource.GenerateResource)' != 'false' and '$(GenerateResourceMSBuildRuntime)' == 'CLR2'), ('' == 'Resx' and '' != 'false' and 'CurrentRuntime' == 'CLR2') olarak değerlendirildi.
   3:6>"GetFrameworkPath" görevini yürütme tamamlandı.
   2:6>"RCLibrary.csproj" projesinde "CoreResGen" hedefini oluşturma tamamlandı.
   2:6>"c:\Users\Muhammet\Documents\GitHub\Wonderland-Private-Server\RCLibrary\RCLibrary.csproj" projesinin "C:\Program Files\dotnet\sdk\9.0.308\Microsoft.Common.CurrentVersion.targets" dosyasındaki "AfterResGen" hedefi ("ResGen" hedefi buna bağımlı):
   2:6>"RCLibrary.csproj" projesinde "AfterResGen" hedefini oluşturma tamamlandı.
   2:6>"c:\Users\Muhammet\Documents\GitHub\Wonderland-Private-Server\RCLibrary\RCLibrary.csproj" projesinin "C:\Program Files\dotnet\sdk\9.0.308\Microsoft.Common.CurrentVersion.targets" dosyasındaki "ResGen" hedefi ("PrepareResources" hedefi buna bağımlı):
   2:6>"RCLibrary.csproj" projesinde "ResGen" hedefini oluşturma tamamlandı.
       Yanlış koşul nedeniyle "CompileLicxFiles" hedefi atlandı; ('@(_LicxFile)'!=''), (''!='') olarak değerlendirildi.
   2:6>"c:\Users\Muhammet\Documents\GitHub\Wonderland-Private-Server\RCLibrary\RCLibrary.csproj" projesinin "C:\Program Files\dotnet\sdk\9.0.308\Microsoft.Common.CurrentVersion.targets" dosyasındaki "PrepareResources" hedefi ("CoreBuild" hedefi buna bağımlı):
   2:6>"RCLibrary.csproj" projesinde "PrepareResources" hedefini oluşturma tamamlandı.
       Yanlış koşul nedeniyle "ResolveKeySource" hedefi atlandı; ($(SignManifests) == 'true' or $(SignAssembly) == 'true'), ( == 'true' or false == 'true') olarak değerlendirildi.
       "ResolveReferences" hedefi atlandı. Önceden başarılı bir şekilde derlenmişti.
       Yanlış koşul nedeniyle "ResolveKeySource" hedefi atlandı; ($(SignManifests) == 'true' or $(SignAssembly) == 'true'), ( == 'true' or false == 'true') olarak değerlendirildi.
       Yanlış koşul nedeniyle "ResolveComReferences" hedefi atlandı; ('@(COMReference)'!='' or '@(COMFileReference)'!=''), (''!='' or ''!='') olarak değerlendirildi.
       Yanlış koşul nedeniyle "ResolveNativeReferences" hedefi atlandı; ('@(NativeReference)'!=''), (''!='') olarak değerlendirildi.
       Yanlış koşul nedeniyle "_SetExternalWin32ManifestProperties" hedefi atlandı; ('$(GenerateClickOnceManifests)'=='true' or '@(NativeReference)'!='' or '@(ResolvedIsolatedComModules)'!=''), (''=='true' or ''!='' or ''!='') olarak değerlendirildi.
   3:6>"PhoenixData.csproj" projesinde "_SetEmbeddedWin32ManifestProperties" hedefini oluşturma tamamlandı.
   2:6>"c:\Users\Muhammet\Documents\GitHub\Wonderland-Private-Server\RCLibrary\RCLibrary.csproj" projesinin "C:\Program Files\dotnet\sdk\9.0.308\Microsoft.Common.CurrentVersion.targets" dosyasındaki "_SetEmbeddedWin32ManifestProperties" hedefi ("SetWin32ManifestProperties" hedefi buna bağımlı):
   2:6>"Microsoft.Build.Tasks.Core, Version=15.1.0.0, Culture=neutral, PublicKeyToken=b03f5f7f11d50a3a" derlemesindeki "GetFrameworkPath" görevi kullanılıyor.
       "GetFrameworkPath" görevi
   3:6>"c:\Users\Muhammet\Documents\GitHub\Wonderland-Private-Server\PhoenixData\PhoenixData.csproj" projesinin "C:\Program Files\dotnet\sdk\9.0.308\Microsoft.Common.CurrentVersion.targets" dosyasındaki "SetWin32ManifestProperties" hedefi ("Compile" hedefi buna bağımlı):
   3:6>"PhoenixData.csproj" projesinde "SetWin32ManifestProperties" hedefini oluşturma tamamlandı.
       Yanlış koşul nedeniyle "_SetPreferNativeArm64Win32ManifestProperties" hedefi atlandı; ( '$(PreferNativeArm64)'=='true' and '$(NoWin32Manifest)'!='true'), ( 'false'=='true' and ''!='true') olarak değerlendirildi.
       "FindReferenceAssembliesForReferences" hedefi atlandı. Önceden başarılı bir şekilde derlenmişti.
   3:6>"c:\Users\Muhammet\Documents\GitHub\Wonderland-Private-Server\PhoenixData\PhoenixData.csproj" projesinin "C:\Program Files\dotnet\sdk\9.0.308\Microsoft.Common.CurrentVersion.targets" dosyasındaki "_GenerateCompileInputs" hedefi ("Compile" hedefi buna bağımlı):
       Yanlış koşul nedeniyle "MSBuildInternalMessage" görevi atlandı; ('@(ManifestResourceWithNoCulture)'!='' and '%(ManifestResourceWithNoCulture.EmittedForCompatibilityOnly)'==''), (''!='' and ''=='') olarak değerlendirildi.
       Yanlış koşul nedeniyle "MSBuildInternalMessage" görevi atlandı; ('@(ManifestNonResxWithNoCultureOnDisk)'!='' and '%(ManifestNonResxWithNoCultureOnDisk.EmittedForCompatibilityOnly)'==''), (''!='' and ''=='') olarak değerlendirildi.
   3:6>"PhoenixData.csproj" projesinde "_GenerateCompileInputs" hedefini oluşturma tamamlandı.
       "PrepareForBuild" hedefi atlandı. Önceden başarılı bir şekilde derlenmişti.
   3:6>"c:\Users\Muhammet\Documents\GitHub\Wonderland-Private-Server\PhoenixData\PhoenixData.csproj" projesinin "C:\Program Files\dotnet\sdk\9.0.308\Roslyn\Microsoft.Managed.Core.targets" dosyasındaki "GenerateMSBuildEditorConfigFileShouldRun" hedefi ("GenerateMSBuildEditorConfigFile" hedefi buna bağımlı):
   3:6>"PhoenixData.csproj" projesinde "GenerateMSBuildEditorConfigFileShouldRun" hedefini oluşturma tamamlandı.
   3:6>"c:\Users\Muhammet\Documents\GitHub\Wonderland-Private-Server\PhoenixData\PhoenixData.csproj" projesinin "C:\Program Files\dotnet\sdk\9.0.308\Sdks\Microsoft.NET.Sdk\codestyle\cs\build\Microsoft.CodeAnalysis.CSharp.CodeStyle.targets" dosyasındaki "AddGlobalAnalyzerConfigForPackage_MicrosoftCodeAnalysisCSharpCodeStyle" hedefi ("GenerateMSBuildEditorConfigFileCore" hedefi buna bağımlı):
   3:6>"PhoenixData.csproj" projesinde "AddGlobalAnalyzerConfigForPackage_MicrosoftCodeAnalysisCSharpCodeStyle" hedefini oluşturma tamamlandı.
   3:6>"c:\Users\Muhammet\Documents\GitHub\Wonderland-Private-Server\PhoenixData\PhoenixData.csproj" projesinin "C:\Program Files\dotnet\sdk\9.0.308\Roslyn\Microsoft.Managed.Core.targets" dosyasındaki "GenerateMSBuildEditorConfigFileCore" hedefi ("GenerateMSBuildEditorConfigFile" hedefi buna bağımlı):
       "GenerateMSBuildEditorConfigFileCore" hedefi tam olarak oluşturuluyor.
       Giriş dosyası belirtilmedi.
       "C:\Program Files\dotnet\sdk\9.0.308\Roslyn\Microsoft.Build.Tasks.CodeAnalysis.dll" derlemesindeki "GenerateMSBuildEditorConfig" görevi kullanılıyor.
   2:6>"GetFrameworkPath" görevini yürütme tamamlandı.
   3:6>"GenerateMSBuildEditorConfig" görevi
   2:6>"RCLibrary.csproj" projesinde "_SetEmbeddedWin32ManifestProperties" hedefini oluşturma tamamlandı.
   3:6>"GenerateMSBuildEditorConfig" görevini yürütme tamamlandı.
   2:6>"c:\Users\Muhammet\Documents\GitHub\Wonderland-Private-Server\RCLibrary\RCLibrary.csproj" projesinin "C:\Program Files\dotnet\sdk\9.0.308\Microsoft.Common.CurrentVersion.targets" dosyasındaki "SetWin32ManifestProperties" hedefi ("Compile" hedefi buna bağımlı):
   2:6>"RCLibrary.csproj" projesinde "SetWin32ManifestProperties" hedefini oluşturma tamamlandı.
       Yanlış koşul nedeniyle "_SetPreferNativeArm64Win32ManifestProperties" hedefi atlandı; ( '$(PreferNativeArm64)'=='true' and '$(NoWin32Manifest)'!='true'), ( 'false'=='true' and ''!='true') olarak değerlendirildi.
       "FindReferenceAssembliesForReferences" hedefi atlandı. Önceden başarılı bir şekilde derlenmişti.
   2:6>"c:\Users\Muhammet\Documents\GitHub\Wonderland-Private-Server\RCLibrary\RCLibrary.csproj" projesinin "C:\Program Files\dotnet\sdk\9.0.308\Microsoft.Common.CurrentVersion.targets" dosyasındaki "_GenerateCompileInputs" hedefi ("Compile" hedefi buna bağımlı):
       Yanlış koşul nedeniyle "MSBuildInternalMessage" görevi atlandı; ('@(ManifestResourceWithNoCulture)'!='' and '%(ManifestResourceWithNoCulture.EmittedForCompatibilityOnly)'==''), (''!='' and ''=='') olarak değerlendirildi.
       Yanlış koşul nedeniyle "MSBuildInternalMessage" görevi atlandı; ('@(ManifestNonResxWithNoCultureOnDisk)'!='' and '%(ManifestNonResxWithNoCultureOnDisk.EmittedForCompatibilityOnly)'==''), (''!='' and ''=='') olarak değerlendirildi.
   3:6>"PhoenixData.csproj" projesinde "GenerateMSBuildEditorConfigFileCore" hedefini oluşturma tamamlandı.
   2:6>"RCLibrary.csproj" projesinde "_GenerateCompileInputs" hedefini oluşturma tamamlandı.
       "PrepareForBuild" hedefi atlandı. Önceden başarılı bir şekilde derlenmişti.
   2:6>"c:\Users\Muhammet\Documents\GitHub\Wonderland-Private-Server\RCLibrary\RCLibrary.csproj" projesinin "C:\Program Files\dotnet\sdk\9.0.308\Roslyn\Microsoft.Managed.Core.targets" dosyasındaki "GenerateMSBuildEditorConfigFileShouldRun" hedefi ("GenerateMSBuildEditorConfigFile" hedefi buna bağımlı):
   2:6>"RCLibrary.csproj" projesinde "GenerateMSBuildEditorConfigFileShouldRun" hedefini oluşturma tamamlandı.
   3:6>"c:\Users\Muhammet\Documents\GitHub\Wonderland-Private-Server\PhoenixData\PhoenixData.csproj" projesinin "C:\Program Files\dotnet\sdk\9.0.308\Roslyn\Microsoft.Managed.Core.targets" dosyasındaki "GenerateMSBuildEditorConfigFile" hedefi ("BeforeCompile" hedefi buna bağımlı):
   3:6>"PhoenixData.csproj" projesinde "GenerateMSBuildEditorConfigFile" hedefini oluşturma tamamlandı.
       "PrepareForBuild" hedefi atlandı. Önceden başarılı bir şekilde derlenmişti.
   2:6>"c:\Users\Muhammet\Documents\GitHub\Wonderland-Private-Server\RCLibrary\RCLibrary.csproj" projesinin "C:\Program Files\dotnet\sdk\9.0.308\Sdks\Microsoft.NET.Sdk\codestyle\cs\build\Microsoft.CodeAnalysis.CSharp.CodeStyle.targets" dosyasındaki "AddGlobalAnalyzerConfigForPackage_MicrosoftCodeAnalysisCSharpCodeStyle" hedefi ("GenerateMSBuildEditorConfigFileCore" hedefi buna bağımlı):
   2:6>"RCLibrary.csproj" projesinde "AddGlobalAnalyzerConfigForPackage_MicrosoftCodeAnalysisCSharpCodeStyle" hedefini oluşturma tamamlandı.
   3:6>"GetReferenceAssemblyPaths" hedefi atlandı. Önceden başarılı bir şekilde derlenmişti.
   2:6>"c:\Users\Muhammet\Documents\GitHub\Wonderland-Private-Server\RCLibrary\RCLibrary.csproj" projesinin "C:\Program Files\dotnet\sdk\9.0.308\Roslyn\Microsoft.Managed.Core.targets" dosyasındaki "GenerateMSBuildEditorConfigFileCore" hedefi ("GenerateMSBuildEditorConfigFile" hedefi buna bağımlı):
   2:6>"GenerateMSBuildEditorConfigFileCore" hedefi tam olarak oluşturuluyor.
       Giriş dosyası belirtilmedi.
   3:6>"c:\Users\Muhammet\Documents\GitHub\Wonderland-Private-Server\PhoenixData\PhoenixData.csproj" projesinin "C:\Program Files\dotnet\sdk\9.0.308\Microsoft.CSharp.CurrentVersion.targets" dosyasındaki "_SetTargetFrameworkMonikerAttribute" hedefi ("GenerateTargetFrameworkMonikerAttribute" hedefi buna bağımlı):
   3:6>"PhoenixData.csproj" projesinde "_SetTargetFrameworkMonikerAttribute" hedefini oluşturma tamamlandı.
   3:6>"c:\Users\Muhammet\Documents\GitHub\Wonderland-Private-Server\PhoenixData\PhoenixData.csproj" projesinin "C:\Program Files\dotnet\sdk\9.0.308\Microsoft.Common.CurrentVersion.targets" dosyasındaki "GenerateTargetFrameworkMonikerAttribute" hedefi ("BeforeCompile" hedefi buna bağımlı):
       Tüm çıkış dosyaları, giriş dosyalarına göre güncel durumda olduğundan "GenerateTargetFrameworkMonikerAttribute" hedefi atlanıyor.
       Giriş dosyaları: C:\Program Files\dotnet\sdk\9.0.308\Microsoft.Common.targets
       Çıkış dosyaları: obj\Debug\net462\.NETFramework,Version=v4.6.2.AssemblyAttributes.cs
   3:6>"PhoenixData.csproj" projesinde "GenerateTargetFrameworkMonikerAttribute" hedefini oluşturma tamamlandı.
       Yanlış koşul nedeniyle "GenerateAdditionalSources" hedefi atlandı; ('@(AssemblyAttributes)' != '' and '$(GenerateAdditionalSources)' == 'true'), ('' != '' and '' == 'true') olarak değerlendirildi.
       Yanlış koşul nedeniyle "GenerateAssemblyInfo" hedefi atlandı; ('$(GenerateAssemblyInfo)' == 'true'), ('False' == 'true') olarak değerlendirildi.
       Yanlış koşul nedeniyle "GenerateGlobalUsings" hedefi atlandı; (@(Using->Count()) != 0), (0 != 0) olarak değerlendirildi.
   3:6>"c:\Users\Muhammet\Documents\GitHub\Wonderland-Private-Server\PhoenixData\PhoenixData.csproj" projesinin "C:\Program Files\dotnet\sdk\9.0.308\Microsoft.Common.CurrentVersion.targets" dosyasındaki "BeforeCompile" hedefi ("Compile" hedefi buna bağımlı):
   3:6>"PhoenixData.csproj" projesinde "BeforeCompile" hedefini oluşturma tamamlandı.
       Yanlış koşul nedeniyle "_TimeStampBeforeCompile" hedefi atlandı; ('$(RunPostBuildEvent)'=='OnOutputUpdated' or ('$(RegisterForComInterop)'=='true' and '$(OutputType)'=='library')), (''=='OnOutputUpdated' or (''=='true' and 'Library'=='library')) olarak değerlendirildi.
       "ResolveAssemblyReferences" hedefi atlandı. Önceden başarılı bir şekilde derlenmişti.
       "_GenerateCompileInputs" hedefi atlandı. Önceden başarılı bir şekilde derlenmişti.
   3:6>"c:\Users\Muhammet\Documents\GitHub\Wonderland-Private-Server\PhoenixData\PhoenixData.csproj" projesinin "C:\Program Files\dotnet\sdk\9.0.308\Microsoft.Common.CurrentVersion.targets" dosyasındaki "_GenerateCompileDependencyCache" hedefi ("Compile" hedefi buna bağımlı):
       "Microsoft.Build.Tasks.Core, Version=15.1.0.0, Culture=neutral, PublicKeyToken=b03f5f7f11d50a3a" derlemesindeki "Hash" görevi kullanılıyor.
       "Hash" görevi
       "Hash" görevini yürütme tamamlandı.
       "Microsoft.Build.Tasks.Core, Version=15.1.0.0, Culture=neutral, PublicKeyToken=b03f5f7f11d50a3a" derlemesindeki "WriteLinesToFile" görevi kullanılıyor.
       "WriteLinesToFile" görevi
         İçerik değişmeyeceğinden "obj\Debug\net462\PhoenixData.csproj.CoreCompileInputs.cache" dosyası üzerine yazma işlemi atlanacak.
       "WriteLinesToFile" görevini yürütme tamamlandı.
   3:6>"PhoenixData.csproj" projesinde "_GenerateCompileDependencyCache" hedefini oluşturma tamamlandı.
       Yanlış koşul nedeniyle "_ComputeNonExistentFileProperty" hedefi atlandı; (('$(BuildingInsideVisualStudio)' == 'true') and ('$(BuildingOutOfProcess)' != 'true') and (('$(BuildingProject)' == 'false') or ('$(UseHostCompilerIfAvailable)' == 'true'))), (('' == 'true') and ('' != 'true') and (('true' == 'false') or ('true' == 'true'))) olarak değerlendirildi.
       Yanlış koşul nedeniyle "ResolveCodeAnalysisRuleSet" hedefi atlandı; ('$(CodeAnalysisRuleSet)' != ''), ('' != '') olarak değerlendirildi.
       Yanlış koşul nedeniyle "ShimReferencePathsWhenCommonTargetsDoesNotUnderstandReferenceAssemblies" hedefi atlandı; ('@(ReferencePathWithRefAssemblies)' == ''), ('C:\Users\Muhammet\.nuget\packages\bouncycastle.cryptography\2.3.1\lib\net461\BouncyCastle.Cryptography.dll;C:\Users\Muhammet\.nuget\packages\google.protobuf\3.26.1\lib\net45\Google.Protobuf.dll;C:\Users\Muhammet\.nuget\packages\k4os.compression.lz4\1.3.8\lib\net462\K4os.Compression.LZ4.dll;...' == '') olarak değerlendirildi.
   2:6>GenerateMSBuildEditorConfigFileCore:
       "C:\Program Files\dotnet\sdk\9.0.308\Roslyn\Microsoft.Build.Tasks.CodeAnalysis.dll" derlemesindeki "GenerateMSBuildEditorConfig" görevi kullanılıyor.
       "GenerateMSBuildEditorConfig" görevi
   3:6>"c:\Users\Muhammet\Documents\GitHub\Wonderland-Private-Server\PhoenixData\PhoenixData.csproj" projesinin "C:\Program Files\dotnet\sdk\9.0.308\Roslyn\Microsoft.Managed.Core.targets" dosyasındaki "_BeforeVBCSCoreCompile" hedefi ("CoreCompile" hedefi buna bağımlı):
   3:6>"PhoenixData.csproj" projesinde "_BeforeVBCSCoreCompile" hedefini oluşturma tamamlandı.
       Yanlış koşul nedeniyle "AdjustDefaultPlatformTargetForNetFrameworkExeWithNoNativeCopyLocalItems" hedefi atlandı; ('$(_UsingDefaultPlatformTarget)' == 'true' and
                            '$(_UsingDefaultRuntimeIdentifier)' == 'true'), ('true' == 'true' and
                            '' == 'true') olarak değerlendirildi.
       Yanlış koşul nedeniyle "_DisableDiagnosticTracing" hedefi atlandı; ('$(DisableDiagnosticTracing)' == 'true'), ('' == 'true') olarak değerlendirildi.
       Yanlış koşul nedeniyle "ShimReferencePathsWhenCommonTargetsDoesNotUnderstandReferenceAssemblies" hedefi atlandı; ('@(ReferencePathWithRefAssemblies)' == ''), ('C:\Users\Muhammet\.nuget\packages\bouncycastle.cryptography\2.3.1\lib\net461\BouncyCastle.Cryptography.dll;C:\Users\Muhammet\.nuget\packages\google.protobuf\3.26.1\lib\net45\Google.Protobuf.dll;C:\Users\Muhammet\.nuget\packages\k4os.compression.lz4\1.3.8\lib\net462\K4os.Compression.LZ4.dll;...' == '') olarak değerlendirildi.
   3:6>"c:\Users\Muhammet\Documents\GitHub\Wonderland-Private-Server\PhoenixData\PhoenixData.csproj" projesinin "C:\Program Files\dotnet\sdk\9.0.308\Roslyn\Microsoft.Managed.Core.targets" dosyasındaki "_ComputeSkipAnalyzers" hedefi ("CoreCompile" hedefi buna bağımlı):
       Yanlış koşul nedeniyle "ShowMessageForImplicitlySkipAnalyzers" görevi atlandı; ('$(_ImplicitlySkipAnalyzers)' == 'true'), ('' == 'true') olarak değerlendirildi.
   3:6>"PhoenixData.csproj" projesinde "_ComputeSkipAnalyzers" hedefini oluşturma tamamlandı.
       Yanlış koşul nedeniyle "_SetPathMapFromSourceRoots" hedefi atlandı; ('$(DeterministicSourcePaths)' == 'true'), ('' == 'true') olarak değerlendirildi.
       Yanlış koşul nedeniyle "CreateCompilerGeneratedFilesOutputPath" hedefi atlandı; ('$(EmitCompilerGeneratedFiles)' == 'true' and !('$(DesignTimeBuild)' == 'true' OR '$(BuildingProject)' != 'true')), ('false' == 'true' and !('' == 'true' OR 'true' != 'true')) olarak değerlendirildi.
       Yanlış koşul nedeniyle "_CheckMicrosoftNetSdkCompilersToolsetPackageExists" hedefi atlandı; ('$(_NeedToDownloadMicrosoftNetSdkCompilersToolsetPackage)' == 'true' and '$(DesignTimeBuild)' != 'true'), ('' == 'true' and '' != 'true') olarak değerlendirildi.
   2:6>"GenerateMSBuildEditorConfig" görevini yürütme tamamlandı.
   3:6>Yanlış koşul nedeniyle "_SetEmbeddedFilesFromSourceControlManagerUntrackedFiles" hedefi atlandı; ('$(EmbedUntrackedSources)' == 'true' and '$(EmbedAllSources)' != 'true' and '$(DebugType)' != 'none' and '$(EnableSourceControlManagerQueries)' == 'true' and '$(DesignTimeBuild)' != 'true'), ('' == 'true' and '' != 'true' and 'portable' != 'none' and 'true' == 'true' and '' != 'true') olarak değerlendirildi.
   2:6>"RCLibrary.csproj" projesinde "GenerateMSBuildEditorConfigFileCore" hedefini oluşturma tamamlandı.
   2:6>"c:\Users\Muhammet\Documents\GitHub\Wonderland-Private-Server\RCLibrary\RCLibrary.csproj" projesinin "C:\Program Files\dotnet\sdk\9.0.308\Roslyn\Microsoft.Managed.Core.targets" dosyasındaki "GenerateMSBuildEditorConfigFile" hedefi ("BeforeCompile" hedefi buna bağımlı):
   2:6>"RCLibrary.csproj" projesinde "GenerateMSBuildEditorConfigFile" hedefini oluşturma tamamlandı.
   3:6>"c:\Users\Muhammet\Documents\GitHub\Wonderland-Private-Server\PhoenixData\PhoenixData.csproj" projesinin "C:\Program Files\dotnet\sdk\9.0.308\Sdks\Microsoft.Build.Tasks.Git\build\Microsoft.Build.Tasks.Git.targets" dosyasındaki "InitializeSourceControlInformationFromSourceControlManager" hedefi ("_InitializeSourceControlInformationFromSourceControlManager" hedefi buna bağımlı):
   3:6>"C:\Program Files\dotnet\sdk\9.0.308\Sdks\Microsoft.Build.Tasks.Git\build\..\tools\net\Microsoft.Build.Tasks.Git.dll" derlemesindeki "Microsoft.Build.Tasks.Git.LocateRepository" görevi kullanılıyor.
   2:6>"PrepareForBuild" hedefi atlandı. Önceden başarılı bir şekilde derlenmişti.
       "GetReferenceAssemblyPaths" hedefi atlandı. Önceden başarılı bir şekilde derlenmişti.
   2:6>"c:\Users\Muhammet\Documents\GitHub\Wonderland-Private-Server\RCLibrary\RCLibrary.csproj" projesinin "C:\Program Files\dotnet\sdk\9.0.308\Microsoft.CSharp.CurrentVersion.targets" dosyasındaki "_SetTargetFrameworkMonikerAttribute" hedefi ("GenerateTargetFrameworkMonikerAttribute" hedefi buna bağımlı):
   2:6>"RCLibrary.csproj" projesinde "_SetTargetFrameworkMonikerAttribute" hedefini oluşturma tamamlandı.
   3:6>"Microsoft.Build.Tasks.Git.LocateRepository" görevi
         SourceLink: Repository instance not found in cache: '*:C:\Users\Muhammet\Documents\GitHub\Wonderland-Private-Server\.git'
       "Microsoft.Build.Tasks.Git.LocateRepository" görevini yürütme tamamlandı.
   2:6>"c:\Users\Muhammet\Documents\GitHub\Wonderland-Private-Server\RCLibrary\RCLibrary.csproj" projesinin "C:\Program Files\dotnet\sdk\9.0.308\Microsoft.Common.CurrentVersion.targets" dosyasındaki "GenerateTargetFrameworkMonikerAttribute" hedefi ("BeforeCompile" hedefi buna bağımlı):
   2:6>Tüm çıkış dosyaları, giriş dosyalarına göre güncel durumda olduğundan "GenerateTargetFrameworkMonikerAttribute" hedefi atlanıyor.
       Giriş dosyaları: C:\Program Files\dotnet\sdk\9.0.308\Microsoft.Common.targets
       Çıkış dosyaları: obj\Debug\net462\.NETFramework,Version=v4.6.2.AssemblyAttributes.cs
   3:6>"PhoenixData.csproj" projesinde "InitializeSourceControlInformationFromSourceControlManager" hedefini oluşturma tamamlandı.
   2:6>"RCLibrary.csproj" projesinde "GenerateTargetFrameworkMonikerAttribute" hedefini oluşturma tamamlandı.
       Yanlış koşul nedeniyle "GenerateAdditionalSources" hedefi atlandı; ('@(AssemblyAttributes)' != '' and '$(GenerateAdditionalSources)' == 'true'), ('' != '' and '' == 'true') olarak değerlendirildi.
       Yanlış koşul nedeniyle "GenerateAssemblyInfo" hedefi atlandı; ('$(GenerateAssemblyInfo)' == 'true'), ('False' == 'true') olarak değerlendirildi.
       Yanlış koşul nedeniyle "GenerateGlobalUsings" hedefi atlandı; (@(Using->Count()) != 0), (0 != 0) olarak değerlendirildi.
   2:6>"c:\Users\Muhammet\Documents\GitHub\Wonderland-Private-Server\RCLibrary\RCLibrary.csproj" projesinin "C:\Program Files\dotnet\sdk\9.0.308\Microsoft.Common.CurrentVersion.targets" dosyasındaki "BeforeCompile" hedefi ("Compile" hedefi buna bağımlı):
   2:6>"RCLibrary.csproj" projesinde "BeforeCompile" hedefini oluşturma tamamlandı.
       Yanlış koşul nedeniyle "_TimeStampBeforeCompile" hedefi atlandı; ('$(RunPostBuildEvent)'=='OnOutputUpdated' or ('$(RegisterForComInterop)'=='true' and '$(OutputType)'=='library')), (''=='OnOutputUpdated' or (''=='true' and 'Library'=='library')) olarak değerlendirildi.
       "ResolveAssemblyReferences" hedefi atlandı. Önceden başarılı bir şekilde derlenmişti.
       "_GenerateCompileInputs" hedefi atlandı. Önceden başarılı bir şekilde derlenmişti.
   3:6>"c:\Users\Muhammet\Documents\GitHub\Wonderland-Private-Server\PhoenixData\PhoenixData.csproj" projesinin "C:\Program Files\dotnet\sdk\9.0.308\Sdks\Microsoft.SourceLink.Common\build\InitializeSourceControlInformation.targets" dosyasındaki "_SourceLinkHasSingleProvider" hedefi ("_InitializeSourceControlInformationFromSourceControlManager" hedefi buna bağımlı):
   3:6>"C:\Program Files\dotnet\sdk\9.0.308\Sdks\Microsoft.SourceLink.Common\build\..\tools\net\Microsoft.SourceLink.Common.dll" derlemesindeki "Microsoft.SourceLink.Common.SourceLinkHasSingleProvider" görevi kullanılıyor.
       "Microsoft.SourceLink.Common.SourceLinkHasSingleProvider" görevi
       "Microsoft.SourceLink.Common.SourceLinkHasSingleProvider" görevini yürütme tamamlandı.
   2:6>"c:\Users\Muhammet\Documents\GitHub\Wonderland-Private-Server\RCLibrary\RCLibrary.csproj" projesinin "C:\Program Files\dotnet\sdk\9.0.308\Microsoft.Common.CurrentVersion.targets" dosyasındaki "_GenerateCompileDependencyCache" hedefi ("Compile" hedefi buna bağımlı):
   2:6>"Microsoft.Build.Tasks.Core, Version=15.1.0.0, Culture=neutral, PublicKeyToken=b03f5f7f11d50a3a" derlemesindeki "Hash" görevi kullanılıyor.
       "Hash" görevi
   3:6>"PhoenixData.csproj" projesinde "_SourceLinkHasSingleProvider" hedefini oluşturma tamamlandı.
   2:6>"Hash" görevini yürütme tamamlandı.
   3:6>"c:\Users\Muhammet\Documents\GitHub\Wonderland-Private-Server\PhoenixData\PhoenixData.csproj" projesinin "C:\Program Files\dotnet\sdk\9.0.308\Sdks\Microsoft.SourceLink.GitHub\build\Microsoft.SourceLink.GitHub.targets" dosyasındaki "TranslateGitHubUrlsInSourceControlInformation" hedefi ("_InitializeSourceControlInformationFromSourceControlManager" hedefi buna bağımlı):
   3:6>"C:\Program Files\dotnet\sdk\9.0.308\Sdks\Microsoft.SourceLink.GitHub\build\..\tools\net\Microsoft.SourceLink.GitHub.dll" derlemesindeki "Microsoft.SourceLink.GitHub.TranslateRepositoryUrls" görevi kullanılıyor.
       "Microsoft.SourceLink.GitHub.TranslateRepositoryUrls" görevi
       "Microsoft.SourceLink.GitHub.TranslateRepositoryUrls" görevini yürütme tamamlandı.
   2:6>_GenerateCompileDependencyCache:
       "Microsoft.Build.Tasks.Core, Version=15.1.0.0, Culture=neutral, PublicKeyToken=b03f5f7f11d50a3a" derlemesindeki "WriteLinesToFile" görevi kullanılıyor.
       "WriteLinesToFile" görevi
   3:6>"PhoenixData.csproj" projesinde "TranslateGitHubUrlsInSourceControlInformation" hedefini oluşturma tamamlandı.
   3:6>"c:\Users\Muhammet\Documents\GitHub\Wonderland-Private-Server\PhoenixData\PhoenixData.csproj" projesinin "C:\Program Files\dotnet\sdk\9.0.308\Sdks\Microsoft.SourceLink.GitLab\build\Microsoft.SourceLink.GitLab.targets" dosyasındaki "TranslateGitLabUrlsInSourceControlInformation" hedefi ("_InitializeSourceControlInformationFromSourceControlManager" hedefi buna bağımlı):
       "C:\Program Files\dotnet\sdk\9.0.308\Sdks\Microsoft.SourceLink.GitLab\build\..\tools\net\Microsoft.SourceLink.GitLab.dll" derlemesindeki "Microsoft.SourceLink.GitLab.TranslateRepositoryUrls" görevi kullanılıyor.
       "Microsoft.SourceLink.GitLab.TranslateRepositoryUrls" görevi
       "Microsoft.SourceLink.GitLab.TranslateRepositoryUrls" görevini yürütme tamamlandı.
   3:6>"PhoenixData.csproj" projesinde "TranslateGitLabUrlsInSourceControlInformation" hedefini oluşturma tamamlandı.
   2:6>_GenerateCompileDependencyCache:
         İçerik değişmeyeceğinden "obj\Debug\net462\RCLibrary.csproj.CoreCompileInputs.cache" dosyası üzerine yazma işlemi atlanacak.
       "WriteLinesToFile" görevini yürütme tamamlandı.
   3:6>"c:\Users\Muhammet\Documents\GitHub\Wonderland-Private-Server\PhoenixData\PhoenixData.csproj" projesinin "C:\Program Files\dotnet\sdk\9.0.308\Sdks\Microsoft.SourceLink.AzureRepos.Git\build\Microsoft.SourceLink.AzureRepos.Git.targets" dosyasındaki "TranslateAzureReposGitUrlsInSourceControlInformation" hedefi ("_InitializeSourceControlInformationFromSourceControlManager" hedefi buna bağımlı):
   3:6>"C:\Program Files\dotnet\sdk\9.0.308\Sdks\Microsoft.SourceLink.AzureRepos.Git\build\..\tools\net\Microsoft.SourceLink.AzureRepos.Git.dll" derlemesindeki "Microsoft.SourceLink.AzureRepos.Git.TranslateRepositoryUrls" görevi kullanılıyor.
   2:6>"RCLibrary.csproj" projesinde "_GenerateCompileDependencyCache" hedefini oluşturma tamamlandı.
       Yanlış koşul nedeniyle "_ComputeNonExistentFileProperty" hedefi atlandı; (('$(BuildingInsideVisualStudio)' == 'true') and ('$(BuildingOutOfProcess)' != 'true') and (('$(BuildingProject)' == 'false') or ('$(UseHostCompilerIfAvailable)' == 'true'))), (('' == 'true') and ('' != 'true') and (('true' == 'false') or ('true' == 'true'))) olarak değerlendirildi.
   3:6>"Microsoft.SourceLink.AzureRepos.Git.TranslateRepositoryUrls" görevi
   2:6>Yanlış koşul nedeniyle "ResolveCodeAnalysisRuleSet" hedefi atlandı; ('$(CodeAnalysisRuleSet)' != ''), ('' != '') olarak değerlendirildi.
       Yanlış koşul nedeniyle "ShimReferencePathsWhenCommonTargetsDoesNotUnderstandReferenceAssemblies" hedefi atlandı; ('@(ReferencePathWithRefAssemblies)' == ''), ('C:\Users\Muhammet\.nuget\packages\bouncycastle.cryptography\2.3.1\lib\net461\BouncyCastle.Cryptography.dll;C:\Users\Muhammet\.nuget\packages\google.protobuf\3.26.1\lib\net45\Google.Protobuf.dll;C:\Users\Muhammet\.nuget\packages\k4os.compression.lz4\1.3.8\lib\net462\K4os.Compression.LZ4.dll;...' == '') olarak değerlendirildi.
   3:6>"Microsoft.SourceLink.AzureRepos.Git.TranslateRepositoryUrls" görevini yürütme tamamlandı.
   2:6>"c:\Users\Muhammet\Documents\GitHub\Wonderland-Private-Server\RCLibrary\RCLibrary.csproj" projesinin "C:\Program Files\dotnet\sdk\9.0.308\Roslyn\Microsoft.Managed.Core.targets" dosyasındaki "_BeforeVBCSCoreCompile" hedefi ("CoreCompile" hedefi buna bağımlı):
   2:6>"RCLibrary.csproj" projesinde "_BeforeVBCSCoreCompile" hedefini oluşturma tamamlandı.
       Yanlış koşul nedeniyle "AdjustDefaultPlatformTargetForNetFrameworkExeWithNoNativeCopyLocalItems" hedefi atlandı; ('$(_UsingDefaultPlatformTarget)' == 'true' and
                            '$(_UsingDefaultRuntimeIdentifier)' == 'true'), ('true' == 'true' and
                            '' == 'true') olarak değerlendirildi.
       Yanlış koşul nedeniyle "_DisableDiagnosticTracing" hedefi atlandı; ('$(DisableDiagnosticTracing)' == 'true'), ('' == 'true') olarak değerlendirildi.
       Yanlış koşul nedeniyle "ShimReferencePathsWhenCommonTargetsDoesNotUnderstandReferenceAssemblies" hedefi atlandı; ('@(ReferencePathWithRefAssemblies)' == ''), ('C:\Users\Muhammet\.nuget\packages\bouncycastle.cryptography\2.3.1\lib\net461\BouncyCastle.Cryptography.dll;C:\Users\Muhammet\.nuget\packages\google.protobuf\3.26.1\lib\net45\Google.Protobuf.dll;C:\Users\Muhammet\.nuget\packages\k4os.compression.lz4\1.3.8\lib\net462\K4os.Compression.LZ4.dll;...' == '') olarak değerlendirildi.
   2:6>"c:\Users\Muhammet\Documents\GitHub\Wonderland-Private-Server\RCLibrary\RCLibrary.csproj" projesinin "C:\Program Files\dotnet\sdk\9.0.308\Roslyn\Microsoft.Managed.Core.targets" dosyasındaki "_ComputeSkipAnalyzers" hedefi ("CoreCompile" hedefi buna bağımlı):
       Yanlış koşul nedeniyle "ShowMessageForImplicitlySkipAnalyzers" görevi atlandı; ('$(_ImplicitlySkipAnalyzers)' == 'true'), ('' == 'true') olarak değerlendirildi.
   3:6>"PhoenixData.csproj" projesinde "TranslateAzureReposGitUrlsInSourceControlInformation" hedefini oluşturma tamamlandı.
   2:6>"RCLibrary.csproj" projesinde "_ComputeSkipAnalyzers" hedefini oluşturma tamamlandı.
       Yanlış koşul nedeniyle "_SetPathMapFromSourceRoots" hedefi atlandı; ('$(DeterministicSourcePaths)' == 'true'), ('' == 'true') olarak değerlendirildi.
       Yanlış koşul nedeniyle "CreateCompilerGeneratedFilesOutputPath" hedefi atlandı; ('$(EmitCompilerGeneratedFiles)' == 'true' and !('$(DesignTimeBuild)' == 'true' OR '$(BuildingProject)' != 'true')), ('false' == 'true' and !('' == 'true' OR 'true' != 'true')) olarak değerlendirildi.
       Yanlış koşul nedeniyle "_CheckMicrosoftNetSdkCompilersToolsetPackageExists" hedefi atlandı; ('$(_NeedToDownloadMicrosoftNetSdkCompilersToolsetPackage)' == 'true' and '$(DesignTimeBuild)' != 'true'), ('' == 'true' and '' != 'true') olarak değerlendirildi.
       "BeforeCompile" hedefi atlandı. Önceden başarılı bir şekilde derlenmişti.
   3:6>"c:\Users\Muhammet\Documents\GitHub\Wonderland-Private-Server\PhoenixData\PhoenixData.csproj" projesinin "C:\Program Files\dotnet\sdk\9.0.308\Sdks\Microsoft.SourceLink.Bitbucket.Git\build\Microsoft.SourceLink.Bitbucket.Git.targets" dosyasındaki "TranslateBitbucketGitUrlsInSourceControlInformation" hedefi ("_InitializeSourceControlInformationFromSourceControlManager" hedefi buna bağımlı):
   3:6>"C:\Program Files\dotnet\sdk\9.0.308\Sdks\Microsoft.SourceLink.Bitbucket.Git\build\..\tools\net\Microsoft.SourceLink.Bitbucket.Git.dll" derlemesindeki "Microsoft.SourceLink.Bitbucket.Git.TranslateRepositoryUrls" görevi kullanılıyor.
       "Microsoft.SourceLink.Bitbucket.Git.TranslateRepositoryUrls" görevi
       "Microsoft.SourceLink.Bitbucket.Git.TranslateRepositoryUrls" görevini yürütme tamamlandı.
   3:6>"PhoenixData.csproj" projesinde "TranslateBitbucketGitUrlsInSourceControlInformation" hedefini oluşturma tamamlandı.
   3:6>"c:\Users\Muhammet\Documents\GitHub\Wonderland-Private-Server\PhoenixData\PhoenixData.csproj" projesinin "C:\Program Files\dotnet\sdk\9.0.308\Sdks\Microsoft.SourceLink.Common\build\InitializeSourceControlInformation.targets" dosyasındaki "SourceControlManagerPublishTranslatedUrls" hedefi ("_InitializeSourceControlInformationFromSourceControlManager" hedefi buna bağımlı):
   3:6>"PhoenixData.csproj" projesinde "SourceControlManagerPublishTranslatedUrls" hedefini oluşturma tamamlandı.
   3:6>"c:\Users\Muhammet\Documents\GitHub\Wonderland-Private-Server\PhoenixData\PhoenixData.csproj" projesinin "C:\Program Files\dotnet\sdk\9.0.308\Sdks\Microsoft.SourceLink.Common\build\InitializeSourceControlInformation.targets" dosyasındaki "_InitializeSourceControlInformationFromSourceControlManager" hedefi ("InitializeSourceControlInformation" hedefi buna bağımlı):
   3:6>"PhoenixData.csproj" projesinde "_InitializeSourceControlInformationFromSourceControlManager" hedefini oluşturma tamamlandı.
   3:6>"c:\Users\Muhammet\Documents\GitHub\Wonderland-Private-Server\PhoenixData\PhoenixData.csproj" projesinin "C:\Program Files\dotnet\sdk\9.0.308\Microsoft.Common.CurrentVersion.targets" dosyasındaki "InitializeSourceControlInformation" hedefi ("GenerateSourceLinkFile" hedefi buna bağımlı):
   3:6>"PhoenixData.csproj" projesinde "InitializeSourceControlInformation" hedefini oluşturma tamamlandı.
   3:6>"c:\Users\Muhammet\Documents\GitHub\Wonderland-Private-Server\PhoenixData\PhoenixData.csproj" projesinin "C:\Program Files\dotnet\sdk\9.0.308\Sdks\Microsoft.SourceLink.Common\build\Microsoft.SourceLink.Common.targets" dosyasındaki "_SetSourceLinkFilePath" hedefi ("_GenerateSourceLinkFile" hedefi buna bağımlı):
   3:6>"PhoenixData.csproj" projesinde "_SetSourceLinkFilePath" hedefini oluşturma tamamlandı.
       "InitializeSourceControlInformation" hedefi atlandı. Önceden başarılı bir şekilde derlenmişti.
   3:6>"c:\Users\Muhammet\Documents\GitHub\Wonderland-Private-Server\PhoenixData\PhoenixData.csproj" projesinin "C:\Program Files\dotnet\sdk\9.0.308\Roslyn\Microsoft.Managed.Core.targets" dosyasındaki "_InitializeSourceRootMappedPathsFromSourceControl" hedefi ("InitializeSourceRootMappedPaths" hedefi buna bağımlı):
   3:6>"PhoenixData.csproj" projesinde "_InitializeSourceRootMappedPathsFromSourceControl" hedefini oluşturma tamamlandı.
   3:6>"c:\Users\Muhammet\Documents\GitHub\Wonderland-Private-Server\PhoenixData\PhoenixData.csproj" projesinin "C:\Program Files\dotnet\sdk\9.0.308\Roslyn\Microsoft.Managed.Core.targets" dosyasındaki "InitializeSourceRootMappedPaths" hedefi ("_InitializeSourceRootMappedPathsOpt" hedefi buna bağımlı):
       "C:\Program Files\dotnet\sdk\9.0.308\Roslyn\Microsoft.Build.Tasks.CodeAnalysis.dll" derlemesindeki "Microsoft.CodeAnalysis.BuildTasks.MapSourceRoots" görevi kullanılıyor.
   2:6>"c:\Users\Muhammet\Documents\GitHub\Wonderland-Private-Server\RCLibrary\RCLibrary.csproj" projesinin "C:\Program Files\dotnet\sdk\9.0.308\Sdks\Microsoft.Build.Tasks.Git\build\Microsoft.Build.Tasks.Git.targets" dosyasındaki "InitializeSourceControlInformationFromSourceControlManager" hedefi ("SetEmbeddedFilesFromSourceControlManagerUntrackedFiles" hedefi buna bağımlı):
   2:6>"C:\Program Files\dotnet\sdk\9.0.308\Sdks\Microsoft.Build.Tasks.Git\build\..\tools\net\Microsoft.Build.Tasks.Git.dll" derlemesindeki "Microsoft.Build.Tasks.Git.LocateRepository" görevi kullanılıyor.
   3:6>"Microsoft.CodeAnalysis.BuildTasks.MapSourceRoots" görevi
   2:6>"Microsoft.Build.Tasks.Git.LocateRepository" görevi
   3:6>"Microsoft.CodeAnalysis.BuildTasks.MapSourceRoots" görevini yürütme tamamlandı.
   3:6>"PhoenixData.csproj" projesinde "InitializeSourceRootMappedPaths" hedefini oluşturma tamamlandı.
   3:6>"c:\Users\Muhammet\Documents\GitHub\Wonderland-Private-Server\PhoenixData\PhoenixData.csproj" projesinin "C:\Program Files\dotnet\sdk\9.0.308\Sdks\Microsoft.SourceLink.Common\build\Microsoft.SourceLink.Common.targets" dosyasındaki "_InitializeSourceRootMappedPathsOpt" hedefi ("_GenerateSourceLinkFile" hedefi buna bağımlı):
   3:6>"PhoenixData.csproj" projesinde "_InitializeSourceRootMappedPathsOpt" hedefini oluşturma tamamlandı.
   3:6>"c:\Users\Muhammet\Documents\GitHub\Wonderland-Private-Server\PhoenixData\PhoenixData.csproj" projesinin "C:\Program Files\dotnet\sdk\9.0.308\Sdks\Microsoft.SourceLink.GitHub\build\Microsoft.SourceLink.GitHub.targets" dosyasındaki "_InitializeGitHubSourceLinkUrl" hedefi ("_GenerateSourceLinkFile" hedefi buna bağımlı):
       "_InitializeGitHubSourceLinkUrl" hedefi tam olarak oluşturuluyor.
       Giriş dosyası belirtilmedi.
       "C:\Program Files\dotnet\sdk\9.0.308\Sdks\Microsoft.SourceLink.GitHub\build\..\tools\net\Microsoft.SourceLink.GitHub.dll" derlemesindeki "Microsoft.SourceLink.GitHub.GetSourceLinkUrl" görevi kullanılıyor.
       "Microsoft.SourceLink.GitHub.GetSourceLinkUrl" görevi
       "Microsoft.SourceLink.GitHub.GetSourceLinkUrl" görevini yürütme tamamlandı.
   3:6>"PhoenixData.csproj" projesinde "_InitializeGitHubSourceLinkUrl" hedefini oluşturma tamamlandı.
   3:6>"c:\Users\Muhammet\Documents\GitHub\Wonderland-Private-Server\PhoenixData\PhoenixData.csproj" projesinin "C:\Program Files\dotnet\sdk\9.0.308\Sdks\Microsoft.SourceLink.GitHub\build\Microsoft.SourceLink.GitHub.targets" dosyasındaki "_InitializeGitHubSourceLinkUrl" hedefi ("_GenerateSourceLinkFile" hedefi buna bağımlı):
       "_InitializeGitHubSourceLinkUrl" hedefi tam olarak oluşturuluyor.
       Giriş dosyası belirtilmedi.
       "Microsoft.SourceLink.GitHub.GetSourceLinkUrl" görevi
       "Microsoft.SourceLink.GitHub.GetSourceLinkUrl" görevini yürütme tamamlandı.
   3:6>"PhoenixData.csproj" projesinde "_InitializeGitHubSourceLinkUrl" hedefini oluşturma tamamlandı.
   3:6>"c:\Users\Muhammet\Documents\GitHub\Wonderland-Private-Server\PhoenixData\PhoenixData.csproj" projesinin "C:\Program Files\dotnet\sdk\9.0.308\Sdks\Microsoft.SourceLink.GitLab\build\Microsoft.SourceLink.GitLab.targets" dosyasındaki "_InitializeGitLabSourceLinkUrl" hedefi ("_GenerateSourceLinkFile" hedefi buna bağımlı):
       "_InitializeGitLabSourceLinkUrl" hedefi tam olarak oluşturuluyor.
       Giriş dosyası belirtilmedi.
       "C:\Program Files\dotnet\sdk\9.0.308\Sdks\Microsoft.SourceLink.GitLab\build\..\tools\net\Microsoft.SourceLink.GitLab.dll" derlemesindeki "Microsoft.SourceLink.GitLab.GetSourceLinkUrl" görevi kullanılıyor.
   2:6>InitializeSourceControlInformationFromSourceControlManager:
         SourceLink: Repository instance not found in cache: '*:c:\Users\Muhammet\Documents\GitHub\Wonderland-Private-Server\.git'
   3:6>"Microsoft.SourceLink.GitLab.GetSourceLinkUrl" görevi
       C:\Program Files\dotnet\sdk\9.0.308\Sdks\Microsoft.SourceLink.GitLab\build\Microsoft.SourceLink.GitLab.targets(37,7): message : Özellik yeniden ataması: $(_SourceLinkUrlToUpdate)="N/A" (önceki değer: "https://raw.githubusercontent.com/Eminbalci/Wonderland-Private-Server/cdf929365971ee232983db67f0ca199716f96124/*") konum: C:\Program Files\dotnet\sdk\9.0.308\Sdks\Microsoft.SourceLink.GitLab\build\Microsoft.SourceLink.GitLab.targets (37,7) [c:\Users\Muhammet\Documents\GitHub\Wonderland-Private-Server\PhoenixData\PhoenixData.csproj]
       "Microsoft.SourceLink.GitLab.GetSourceLinkUrl" görevini yürütme tamamlandı.
   3:6>"PhoenixData.csproj" projesinde "_InitializeGitLabSourceLinkUrl" hedefini oluşturma tamamlandı.
   3:6>"c:\Users\Muhammet\Documents\GitHub\Wonderland-Private-Server\PhoenixData\PhoenixData.csproj" projesinin "C:\Program Files\dotnet\sdk\9.0.308\Sdks\Microsoft.SourceLink.GitLab\build\Microsoft.SourceLink.GitLab.targets" dosyasındaki "_InitializeGitLabSourceLinkUrl" hedefi ("_GenerateSourceLinkFile" hedefi buna bağımlı):
       "_InitializeGitLabSourceLinkUrl" hedefi tam olarak oluşturuluyor.
       Giriş dosyası belirtilmedi.
       "Microsoft.SourceLink.GitLab.GetSourceLinkUrl" görevi
       C:\Program Files\dotnet\sdk\9.0.308\Sdks\Microsoft.SourceLink.GitLab\build\Microsoft.SourceLink.GitLab.targets(37,7): message : Özellik yeniden ataması: $(_SourceLinkUrlToUpdate)="N/A" (önceki değer: "https://raw.githubusercontent.com/Eminbalci/Wonderland-Private-Server/cdf929365971ee232983db67f0ca199716f96124/*") konum: C:\Program Files\dotnet\sdk\9.0.308\Sdks\Microsoft.SourceLink.GitLab\build\Microsoft.SourceLink.GitLab.targets (37,7) [c:\Users\Muhammet\Documents\GitHub\Wonderland-Private-Server\PhoenixData\PhoenixData.csproj]
       "Microsoft.SourceLink.GitLab.GetSourceLinkUrl" görevini yürütme tamamlandı.
   3:6>"PhoenixData.csproj" projesinde "_InitializeGitLabSourceLinkUrl" hedefini oluşturma tamamlandı.
   3:6>"c:\Users\Muhammet\Documents\GitHub\Wonderland-Private-Server\PhoenixData\PhoenixData.csproj" projesinin "C:\Program Files\dotnet\sdk\9.0.308\Sdks\Microsoft.SourceLink.AzureRepos.Git\build\Microsoft.SourceLink.AzureRepos.Git.targets" dosyasındaki "_InitializeAzureReposGitSourceLinkUrl" hedefi ("_GenerateSourceLinkFile" hedefi buna bağımlı):
       "_InitializeAzureReposGitSourceLinkUrl" hedefi tam olarak oluşturuluyor.
       Giriş dosyası belirtilmedi.
       "C:\Program Files\dotnet\sdk\9.0.308\Sdks\Microsoft.SourceLink.AzureRepos.Git\build\..\tools\net\Microsoft.SourceLink.AzureRepos.Git.dll" derlemesindeki "Microsoft.SourceLink.AzureRepos.Git.GetSourceLinkUrl" görevi kullanılıyor.
       "Microsoft.SourceLink.AzureRepos.Git.GetSourceLinkUrl" görevi
       "Microsoft.SourceLink.AzureRepos.Git.GetSourceLinkUrl" görevini yürütme tamamlandı.
   3:6>"PhoenixData.csproj" projesinde "_InitializeAzureReposGitSourceLinkUrl" hedefini oluşturma tamamlandı.
   3:6>"c:\Users\Muhammet\Documents\GitHub\Wonderland-Private-Server\PhoenixData\PhoenixData.csproj" projesinin "C:\Program Files\dotnet\sdk\9.0.308\Sdks\Microsoft.SourceLink.AzureRepos.Git\build\Microsoft.SourceLink.AzureRepos.Git.targets" dosyasındaki "_InitializeAzureReposGitSourceLinkUrl" hedefi ("_GenerateSourceLinkFile" hedefi buna bağımlı):
       "_InitializeAzureReposGitSourceLinkUrl" hedefi tam olarak oluşturuluyor.
       Giriş dosyası belirtilmedi.
       "Microsoft.SourceLink.AzureRepos.Git.GetSourceLinkUrl" görevi
       "Microsoft.SourceLink.AzureRepos.Git.GetSourceLinkUrl" görevini yürütme tamamlandı.
   3:6>"PhoenixData.csproj" projesinde "_InitializeAzureReposGitSourceLinkUrl" hedefini oluşturma tamamlandı.
   3:6>"c:\Users\Muhammet\Documents\GitHub\Wonderland-Private-Server\PhoenixData\PhoenixData.csproj" projesinin "C:\Program Files\dotnet\sdk\9.0.308\Sdks\Microsoft.SourceLink.Bitbucket.Git\build\Microsoft.SourceLink.Bitbucket.Git.targets" dosyasındaki "_InitializeBitbucketGitSourceLinkUrl" hedefi ("_GenerateSourceLinkFile" hedefi buna bağımlı):
       "_InitializeBitbucketGitSourceLinkUrl" hedefi tam olarak oluşturuluyor.
       Giriş dosyası belirtilmedi.
       "C:\Program Files\dotnet\sdk\9.0.308\Sdks\Microsoft.SourceLink.Bitbucket.Git\build\..\tools\net\Microsoft.SourceLink.Bitbucket.Git.dll" derlemesindeki "Microsoft.SourceLink.Bitbucket.Git.GetSourceLinkUrl" görevi kullanılıyor.
       "Microsoft.SourceLink.Bitbucket.Git.GetSourceLinkUrl" görevi
       "Microsoft.SourceLink.Bitbucket.Git.GetSourceLinkUrl" görevini yürütme tamamlandı.
   3:6>"PhoenixData.csproj" projesinde "_InitializeBitbucketGitSourceLinkUrl" hedefini oluşturma tamamlandı.
   3:6>"c:\Users\Muhammet\Documents\GitHub\Wonderland-Private-Server\PhoenixData\PhoenixData.csproj" projesinin "C:\Program Files\dotnet\sdk\9.0.308\Sdks\Microsoft.SourceLink.Bitbucket.Git\build\Microsoft.SourceLink.Bitbucket.Git.targets" dosyasındaki "_InitializeBitbucketGitSourceLinkUrl" hedefi ("_GenerateSourceLinkFile" hedefi buna bağımlı):
       "_InitializeBitbucketGitSourceLinkUrl" hedefi tam olarak oluşturuluyor.
       Giriş dosyası belirtilmedi.
       "Microsoft.SourceLink.Bitbucket.Git.GetSourceLinkUrl" görevi
       "Microsoft.SourceLink.Bitbucket.Git.GetSourceLinkUrl" görevini yürütme tamamlandı.
   3:6>"PhoenixData.csproj" projesinde "_InitializeBitbucketGitSourceLinkUrl" hedefini oluşturma tamamlandı.
   3:6>"c:\Users\Muhammet\Documents\GitHub\Wonderland-Private-Server\PhoenixData\PhoenixData.csproj" projesinin "C:\Program Files\dotnet\sdk\9.0.308\Sdks\Microsoft.SourceLink.Common\build\Microsoft.SourceLink.Common.targets" dosyasındaki "_GenerateSourceLinkFile" hedefi ("GenerateSourceLinkFile" hedefi buna bağımlı):
       "_GenerateSourceLinkFile" hedefi tam olarak oluşturuluyor.
       Giriş dosyası belirtilmedi.
       "C:\Program Files\dotnet\sdk\9.0.308\Sdks\Microsoft.SourceLink.Common\build\..\tools\net\Microsoft.SourceLink.Common.dll" derlemesindeki "Microsoft.SourceLink.Common.GenerateSourceLinkFile" görevi kullanılıyor.
       "Microsoft.SourceLink.Common.GenerateSourceLinkFile" görevi
         'obj\Debug\net462\PhoenixData.sourcelink.json' Source Link dosyası güncel.
       "Microsoft.SourceLink.Common.GenerateSourceLinkFile" görevini yürütme tamamlandı.
   3:6>"PhoenixData.csproj" projesinde "_GenerateSourceLinkFile" hedefini oluşturma tamamlandı.
   3:6>"c:\Users\Muhammet\Documents\GitHub\Wonderland-Private-Server\PhoenixData\PhoenixData.csproj" projesinin "C:\Program Files\dotnet\sdk\9.0.308\Sdks\Microsoft.SourceLink.Common\build\Microsoft.SourceLink.Common.targets" dosyasındaki "GenerateSourceLinkFile" hedefi ("CoreCompile" hedefi buna bağımlı):
   3:6>"PhoenixData.csproj" projesinde "GenerateSourceLinkFile" hedefini oluşturma tamamlandı.
       Yanlış koşul nedeniyle "GenerateAssemblyInfo" hedefi atlandı; ('$(GenerateAssemblyInfo)' == 'true'), ('False' == 'true') olarak değerlendirildi.
       Yanlış koşul nedeniyle "GenerateGlobalUsings" hedefi atlandı; (@(Using->Count()) != 0), (0 != 0) olarak değerlendirildi.
   3:6>"c:\Users\Muhammet\Documents\GitHub\Wonderland-Private-Server\PhoenixData\PhoenixData.csproj" projesinin "C:\Program Files\dotnet\sdk\9.0.308\Roslyn\Microsoft.CSharp.Core.targets" dosyasındaki "CoreCompile" hedefi ("Compile" hedefi buna bağımlı):
       Tüm çıkış dosyaları, giriş dosyalarına göre güncel durumda olduğundan "CoreCompile" hedefi atlanıyor.
       Giriş dosyaları: 
           DataFiles\eItemType.cs
           DataFiles\eSpecialStatus.cs
           DataFiles\eWearSlot.cs
           DataFiles\IDataManager.cs
           DataFiles\ItemNotFoundException.cs
           DataFiles\PhoneixNpc.cs
           DataFiles\PhxItemDat.cs
           DataFiles\PhxItemInfo.cs
           DataFiles\PhxNpcDat.cs
           DataFiles\usetype.cs
           PhoenixData.Models\PhcNpcModelExt.cs
           PhoenixData.Models\PhxItemModel.cs
           PhoenixData.Models\PhxNpcModel.cs
           PhoenixData\PhcSkillDat.cs
           Properties\AssemblyInfo.cs
           System\Generics.cs
           System\StringExtensions.cs
           obj\Debug\net462\.NETFramework,Version=v4.6.2.AssemblyAttributes.cs
           C:\Users\Muhammet\.nuget\packages\bouncycastle.cryptography\2.3.1\lib\net461\BouncyCastle.Cryptography.dll
           C:\Users\Muhammet\.nuget\packages\google.protobuf\3.26.1\lib\net45\Google.Protobuf.dll
           C:\Users\Muhammet\.nuget\packages\k4os.compression.lz4\1.3.8\lib\net462\K4os.Compression.LZ4.dll
           C:\Users\Muhammet\.nuget\packages\k4os.compression.lz4.streams\1.3.8\lib\net462\K4os.Compression.LZ4.Streams.dll
           C:\Users\Muhammet\.nuget\packages\k4os.hash.xxhash\1.0.8\lib\net462\K4os.Hash.xxHash.dll
           C:\Users\Muhammet\.nuget\packages\microsoft.bcl.asyncinterfaces\5.0.0\lib\net461\Microsoft.Bcl.AsyncInterfaces.dll
           C:\Program Files %28x86%29\Reference Assemblies\Microsoft\Framework\.NETFramework\v4.6.2\mscorlib.dll
           C:\Users\Muhammet\.nuget\packages\mysql.data\9.1.0\lib\net462\MySql.Data.dll
           C:\Users\Muhammet\.nuget\packages\system.buffers\4.5.1\ref\net45\System.Buffers.dll
           C:\Users\Muhammet\.nuget\packages\system.configuration.configurationmanager\8.0.0\lib\net462\System.Configuration.ConfigurationManager.dll
           C:\Program Files %28x86%29\Reference Assemblies\Microsoft\Framework\.NETFramework\v4.6.2\System.Configuration.dll
           C:\Program Files %28x86%29\Reference Assemblies\Microsoft\Framework\.NETFramework\v4.6.2\System.Core.dll
           C:\Program Files %28x86%29\Reference Assemblies\Microsoft\Framework\.NETFramework\v4.6.2\System.Data.dll
           C:\Users\Muhammet\.nuget\packages\system.diagnostics.diagnosticsource\8.0.1\lib\net462\System.Diagnostics.DiagnosticSource.dll
           C:\Program Files %28x86%29\Reference Assemblies\Microsoft\Framework\.NETFramework\v4.6.2\System.dll
           C:\Program Files %28x86%29\Reference Assemblies\Microsoft\Framework\.NETFramework\v4.6.2\System.Drawing.dll
           C:\Program Files %28x86%29\Reference Assemblies\Microsoft\Framework\.NETFramework\v4.6.2\System.IO.Compression.FileSystem.dll
           C:\Users\Muhammet\.nuget\packages\system.io.pipelines\5.0.2\lib\net461\System.IO.Pipelines.dll
           C:\Program Files %28x86%29\Reference Assemblies\Microsoft\Framework\.NETFramework\v4.6.2\System.Management.dll
           C:\Users\Muhammet\.nuget\packages\system.memory\4.5.5\lib\net461\System.Memory.dll
           C:\Program Files %28x86%29\Reference Assemblies\Microsoft\Framework\.NETFramework\v4.6.2\System.Numerics.dll
           C:\Users\Muhammet\.nuget\packages\system.numerics.vectors\4.5.0\ref\net46\System.Numerics.Vectors.dll
           C:\Users\Muhammet\.nuget\packages\system.runtime.compilerservices.unsafe\6.0.0\lib\net461\System.Runtime.CompilerServices.Unsafe.dll
           C:\Program Files %28x86%29\Reference Assemblies\Microsoft\Framework\.NETFramework\v4.6.2\System.Runtime.Serialization.dll
           C:\Users\Muhammet\.nuget\packages\system.threading.tasks.extensions\4.5.4\lib\net461\System.Threading.Tasks.Extensions.dll
           C:\Program Files %28x86%29\Reference Assemblies\Microsoft\Framework\.NETFramework\v4.6.2\System.Transactions.dll
           C:\Program Files %28x86%29\Reference Assemblies\Microsoft\Framework\.NETFramework\v4.6.2\System.Xml.dll
           C:\Program Files %28x86%29\Reference Assemblies\Microsoft\Framework\.NETFramework\v4.6.2\System.Xml.Linq.dll
           C:\Users\Muhammet\.nuget\packages\zstdsharp.port\0.8.0\lib\net462\ZstdSharp.dll
           obj\Debug\net462\PhoenixData.csproj.CoreCompileInputs.cache
           obj\Debug\net462\PhoenixData.GeneratedMSBuildEditorConfig.editorconfig
           C:\Users\Muhammet\Documents\GitHub\Wonderland-Private-Server\PhoenixData\obj\PhoenixData.csproj.nuget.g.props
           C:\Program Files\dotnet\sdk\9.0.308\Current\Microsoft.Common.targets\ImportAfter\Microsoft.TestPlatform.ImportAfter.targets
           obj\Debug\net462\PhoenixData.sourcelink.json
       Çıkış dosyaları: 
           obj\Debug\net462\PhoenixData.dll
           obj\Debug\net462\PhoenixData.pdb
       C:\Program Files\dotnet\sdk\9.0.308\Roslyn\Microsoft.CSharp.Core.targets(66,7): message : Özellik yeniden ataması: $(NoWarn)="1701;1702;1701;1702" (önceki değer: "1701;1702") konum: C:\Program Files\dotnet\sdk\9.0.308\Roslyn\Microsoft.CSharp.Core.targets (66,7) [c:\Users\Muhammet\Documents\GitHub\Wonderland-Private-Server\PhoenixData\PhoenixData.csproj]
   3:6>"PhoenixData.csproj" projesinde "CoreCompile" hedefini oluşturma tamamlandı.
       Yanlış koşul nedeniyle "_TouchLastBuildWithSkipAnalyzers" hedefi atlandı; ('$(_SkipAnalyzers)' == 'true'), ('' == 'true') olarak değerlendirildi.
       Yanlış koşul nedeniyle "_TimeStampAfterCompile" hedefi atlandı; ('$(RunPostBuildEvent)'=='OnOutputUpdated' or ('$(RegisterForComInterop)'=='true' and '$(OutputType)'=='library')), (''=='OnOutputUpdated' or (''=='true' and 'Library'=='library')) olarak değerlendirildi.
   3:6>"c:\Users\Muhammet\Documents\GitHub\Wonderland-Private-Server\PhoenixData\PhoenixData.csproj" projesinin "C:\Program Files\dotnet\sdk\9.0.308\Microsoft.Common.CurrentVersion.targets" dosyasındaki "AfterCompile" hedefi ("Compile" hedefi buna bağımlı):
   3:6>"PhoenixData.csproj" projesinde "AfterCompile" hedefini oluşturma tamamlandı.
       Yanlış koşul nedeniyle "_CreateAppHost" hedefi atlandı; ('$(ComputeNETCoreBuildOutputFiles)' == 'true' and
                            '$(AppHostSourcePath)' != '' and
                            Exists('@(IntermediateAssembly)') and
                            Exists('$(AppHostSourcePath)')), ('' == 'true' and
                            '' != '' and
                            Exists('obj\Debug\net462\PhoenixData.dll') and
                            Exists('')) olarak değerlendirildi.
       Yanlış koşul nedeniyle "_CreateComHost" hedefi atlandı; ('$(ComputeNETCoreBuildOutputFiles)' == 'true' and
                            '$(ComHostIntermediatePath)' != '' and
                            Exists('@(IntermediateAssembly)') and
                            Exists('$(ComHostSourcePath)')), ('' == 'true' and
                            '' != '' and
                            Exists('obj\Debug\net462\PhoenixData.dll') and
                            Exists('')) olarak değerlendirildi.
       Yanlış koşul nedeniyle "_GetIjwHostPaths" hedefi atlandı; ('$(UseIJWHost)' == 'true'), ('' == 'true') olarak değerlendirildi.
   3:6>"c:\Users\Muhammet\Documents\GitHub\Wonderland-Private-Server\PhoenixData\PhoenixData.csproj" projesinin "C:\Program Files\dotnet\sdk\9.0.308\Microsoft.Common.CurrentVersion.targets" dosyasındaki "Compile" hedefi ("CoreBuild" hedefi buna bağımlı):
   3:6>"PhoenixData.csproj" projesinde "Compile" hedefini oluşturma tamamlandı.
       Yanlış koşul nedeniyle "ExportWindowsMDFile" hedefi atlandı; ('$(ExportWinMDFile)' == 'true'), ('' == 'true') olarak değerlendirildi.
       Yanlış koşul nedeniyle "UnmanagedUnregistration" hedefi atlandı; ((('$(_AssemblyTimestampBeforeCompile)' != '$(_AssemblyTimestampAfterCompile)' or '$(RegisterForComInterop)' != 'true' or '$(OutputType)' != 'library') or
                           ('$(_AssemblyTimestampBeforeCompile)' == '')) and
                          Exists('@(_UnmanagedRegistrationCache)')), ((('' != '' or '' != 'true' or 'Library' != 'library') or
                           ('' == '')) and
                          Exists('obj\PhoenixData.csproj.UnmanagedRegistration.cache')) olarak değerlendirildi.
       Yanlış koşul nedeniyle "GenerateSerializationAssemblies" hedefi atlandı; ('$(_SGenGenerateSerializationAssembliesConfig)' == 'On' or ('@(WebReferenceUrl)'!='' and '$(_SGenGenerateSerializationAssembliesConfig)' == 'Auto')), ('Off' == 'On' or (''!='' and 'Off' == 'Auto')) olarak değerlendirildi.
   3:6>"c:\Users\Muhammet\Documents\GitHub\Wonderland-Private-Server\PhoenixData\PhoenixData.csproj" projesinin "C:\Program Files\dotnet\sdk\9.0.308\Microsoft.Common.CurrentVersion.targets" dosyasındaki "_GenerateSatelliteAssemblyInputs" hedefi ("CreateSatelliteAssemblies" hedefi buna bağımlı):
       Yanlış koşul nedeniyle "MSBuildInternalMessage" görevi atlandı; ('@(ManifestResourceWithCulture)'!='' and '%(ManifestResourceWithCulture.EmittedForCompatibilityOnly)'==''), (''!='' and ''=='') olarak değerlendirildi.
       Yanlış koşul nedeniyle "MSBuildInternalMessage" görevi atlandı; ('@(ManifestNonResxWithCultureOnDisk)'!='' and '%(ManifestNonResxWithCultureOnDisk.EmittedForCompatibilityOnly)'==''), (''!='' and ''=='') olarak değerlendirildi.
   3:6>"PhoenixData.csproj" projesinde "_GenerateSatelliteAssemblyInputs" hedefini oluşturma tamamlandı.
       Yanlış koşul nedeniyle "ComputeIntermediateSatelliteAssemblies" hedefi atlandı; (@(EmbeddedResource->'%(WithCulture)') != ''), ( != '') olarak değerlendirildi.
       Yanlış koşul nedeniyle "GenerateSatelliteAssemblies" hedefi atlandı; ('@(_SatelliteAssemblyResourceInputs)' != '' and '$(GenerateSatelliteAssembliesForCore)' != 'true'), ('' != '' and 'true' != 'true') olarak değerlendirildi.
       Yanlış koşul nedeniyle "CoreGenerateSatelliteAssemblies" hedefi atlandı; ('@(_SatelliteAssemblyResourceInputs)' != ''  and '$(GenerateSatelliteAssembliesForCore)' == 'true' ), ('' != ''  and 'true' == 'true' ) olarak değerlendirildi.
   3:6>"c:\Users\Muhammet\Documents\GitHub\Wonderland-Private-Server\PhoenixData\PhoenixData.csproj" projesinin "C:\Program Files\dotnet\sdk\9.0.308\Microsoft.Common.CurrentVersion.targets" dosyasındaki "CreateSatelliteAssemblies" hedefi ("CoreBuild" hedefi buna bağımlı):
   3:6>"PhoenixData.csproj" projesinde "CreateSatelliteAssemblies" hedefini oluşturma tamamlandı.
       Yanlış koşul nedeniyle "GenerateManifests" hedefi atlandı; ('$(GenerateClickOnceManifests)'=='true' or '@(NativeReference)'!='' or '@(ResolvedIsolatedComModules)'!='' or '$(GenerateAppxManifest)' == 'true'), (''=='true' or ''!='' or ''!='' or '' == 'true') olarak değerlendirildi.
   3:6>"c:\Users\Muhammet\Documents\GitHub\Wonderland-Private-Server\PhoenixData\PhoenixData.csproj" projesinin "C:\Program Files\dotnet\sdk\9.0.308\Microsoft.Common.CurrentVersion.targets" dosyasındaki "GetTargetPathWithTargetPlatformMoniker" hedefi ("GetTargetPath" hedefi buna bağımlı):
   3:6>"PhoenixData.csproj" projesinde "GetTargetPathWithTargetPlatformMoniker" hedefini oluşturma tamamlandı.
   3:6>"c:\Users\Muhammet\Documents\GitHub\Wonderland-Private-Server\PhoenixData\PhoenixData.csproj" projesinin "C:\Program Files\dotnet\sdk\9.0.308\Microsoft.Common.CurrentVersion.targets" dosyasındaki "GetTargetPath" hedefi ("CoreBuild" hedefi buna bağımlı):
   3:6>"PhoenixData.csproj" projesinde "GetTargetPath" hedefini oluşturma tamamlandı.
       Yanlış koşul nedeniyle "ComputeIntermediateSatelliteAssemblies" hedefi atlandı; (@(EmbeddedResource->'%(WithCulture)') != ''), ( != '') olarak değerlendirildi.
   3:6>"c:\Users\Muhammet\Documents\GitHub\Wonderland-Private-Server\PhoenixData\PhoenixData.csproj" projesinin "C:\Program Files\dotnet\sdk\9.0.308\Microsoft.Common.CurrentVersion.targets" dosyasındaki "_CopyFilesMarkedCopyLocal" hedefi ("CopyFilesToOutputDirectory" hedefi buna bağımlı):
       "Microsoft.Build.Tasks.Core, Version=15.1.0.0, Culture=neutral, PublicKeyToken=b03f5f7f11d50a3a" derlemesindeki "Copy" görevi kullanılıyor.
       "Copy" görevi
         Projede "SkipUnchangedFiles" parametresi "true" olarak ayarlandığından ve dosya boyutlarıyla zaman damgaları eşleştiğinden "C:\Users\Muhammet\.nuget\packages\k4os.hash.xxhash\1.0.8\lib\net462\K4os.Hash.xxHash.dll" dosyasından "bin\Debug\net462\K4os.Hash.xxHash.dll" dosyasına kopyalama işlemi gerçekleştirilmedi.
         Projede "SkipUnchangedFiles" parametresi "true" olarak ayarlandığından ve dosya boyutlarıyla zaman damgaları eşleştiğinden "C:\Users\Muhammet\.nuget\packages\google.protobuf\3.26.1\lib\net45\Google.Protobuf.dll" dosyasından "bin\Debug\net462\Google.Protobuf.dll" dosyasına kopyalama işlemi gerçekleştirilmedi.
         Projede "SkipUnchangedFiles" parametresi "true" olarak ayarlandığından ve dosya boyutlarıyla zaman damgaları eşleştiğinden "C:\Users\Muhammet\.nuget\packages\microsoft.bcl.asyncinterfaces\5.0.0\lib\net461\Microsoft.Bcl.AsyncInterfaces.dll" dosyasından "bin\Debug\net462\Microsoft.Bcl.AsyncInterfaces.dll" dosyasına kopyalama işlemi gerçekleştirilmedi.
         Projede "SkipUnchangedFiles" parametresi "true" olarak ayarlandığından ve dosya boyutlarıyla zaman damgaları eşleştiğinden "C:\Users\Muhammet\.nuget\packages\k4os.compression.lz4.streams\1.3.8\lib\net462\K4os.Compression.LZ4.Streams.dll" dosyasından "bin\Debug\net462\K4os.Compression.LZ4.Streams.dll" dosyasına kopyalama işlemi gerçekleştirilmedi.
         Projede "SkipUnchangedFiles" parametresi "true" olarak ayarlandığından ve dosya boyutlarıyla zaman damgaları eşleştiğinden "C:\Users\Muhammet\.nuget\packages\bouncycastle.cryptography\2.3.1\lib\net461\BouncyCastle.Cryptography.dll" dosyasından "bin\Debug\net462\BouncyCastle.Cryptography.dll" dosyasına kopyalama işlemi gerçekleştirilmedi.
         Projede "SkipUnchangedFiles" parametresi "true" olarak ayarlandığından ve dosya boyutlarıyla zaman damgaları eşleştiğinden "C:\Users\Muhammet\.nuget\packages\k4os.compression.lz4\1.3.8\lib\net462\K4os.Compression.LZ4.dll" dosyasından "bin\Debug\net462\K4os.Compression.LZ4.dll" dosyasına kopyalama işlemi gerçekleştirilmedi.
         Projede "SkipUnchangedFiles" parametresi "true" olarak ayarlandığından ve dosya boyutlarıyla zaman damgaları eşleştiğinden "C:\Users\Muhammet\.nuget\packages\mysql.data\9.1.0\lib\net462\MySql.Data.dll" dosyasından "bin\Debug\net462\MySql.Data.dll" dosyasına kopyalama işlemi gerçekleştirilmedi.
         Projede "SkipUnchangedFiles" parametresi "true" olarak ayarlandığından ve dosya boyutlarıyla zaman damgaları eşleştiğinden "C:\Users\Muhammet\.nuget\packages\system.buffers\4.5.1\lib\net461\System.Buffers.dll" dosyasından "bin\Debug\net462\System.Buffers.dll" dosyasına kopyalama işlemi gerçekleştirilmedi.
         Projede "SkipUnchangedFiles" parametresi "true" olarak ayarlandığından ve dosya boyutlarıyla zaman damgaları eşleştiğinden "C:\Users\Muhammet\.nuget\packages\system.configuration.configurationmanager\8.0.0\lib\net462\System.Configuration.ConfigurationManager.dll" dosyasından "bin\Debug\net462\System.Configuration.ConfigurationManager.dll" dosyasına kopyalama işlemi gerçekleştirilmedi.
         Projede "SkipUnchangedFiles" parametresi "true" olarak ayarlandığından ve dosya boyutlarıyla zaman damgaları eşleştiğinden "C:\Users\Muhammet\.nuget\packages\system.memory\4.5.5\lib\net461\System.Memory.dll" dosyasından "bin\Debug\net462\System.Memory.dll" dosyasına kopyalama işlemi gerçekleştirilmedi.
         Projede "SkipUnchangedFiles" parametresi "true" olarak ayarlandığından ve dosya boyutlarıyla zaman damgaları eşleştiğinden "C:\Users\Muhammet\.nuget\packages\system.io.pipelines\5.0.2\lib\net461\System.IO.Pipelines.dll" dosyasından "bin\Debug\net462\System.IO.Pipelines.dll" dosyasına kopyalama işlemi gerçekleştirilmedi.
         Projede "SkipUnchangedFiles" parametresi "true" olarak ayarlandığından ve dosya boyutlarıyla zaman damgaları eşleştiğinden "C:\Users\Muhammet\.nuget\packages\system.diagnostics.diagnosticsource\8.0.1\lib\net462\System.Diagnostics.DiagnosticSource.dll" dosyasından "bin\Debug\net462\System.Diagnostics.DiagnosticSource.dll" dosyasına kopyalama işlemi gerçekleştirilmedi.
         Projede "SkipUnchangedFiles" parametresi "true" olarak ayarlandığından ve dosya boyutlarıyla zaman damgaları eşleştiğinden "C:\Users\Muhammet\.nuget\packages\system.numerics.vectors\4.5.0\lib\net46\System.Numerics.Vectors.dll" dosyasından "bin\Debug\net462\System.Numerics.Vectors.dll" dosyasına kopyalama işlemi gerçekleştirilmedi.
         Projede "SkipUnchangedFiles" parametresi "true" olarak ayarlandığından ve dosya boyutlarıyla zaman damgaları eşleştiğinden "C:\Users\Muhammet\.nuget\packages\zstdsharp.port\0.8.0\lib\net462\ZstdSharp.dll" dosyasından "bin\Debug\net462\ZstdSharp.dll" dosyasına kopyalama işlemi gerçekleştirilmedi.
         Projede "SkipUnchangedFiles" parametresi "true" olarak ayarlandığından ve dosya boyutlarıyla zaman damgaları eşleştiğinden "C:\Users\Muhammet\.nuget\packages\system.runtime.compilerservices.unsafe\6.0.0\lib\net461\System.Runtime.CompilerServices.Unsafe.dll" dosyasından "bin\Debug\net462\System.Runtime.CompilerServices.Unsafe.dll" dosyasına kopyalama işlemi gerçekleştirilmedi.
         Projede "SkipUnchangedFiles" parametresi "true" olarak ayarlandığından ve dosya boyutlarıyla zaman damgaları eşleştiğinden "C:\Users\Muhammet\.nuget\packages\system.threading.tasks.extensions\4.5.4\lib\net461\System.Threading.Tasks.Extensions.dll" dosyasından "bin\Debug\net462\System.Threading.Tasks.Extensions.dll" dosyasına kopyalama işlemi gerçekleştirilmedi.
       "Copy" görevini yürütme tamamlandı.
       Yanlış koşul nedeniyle "Touch" görevi atlandı; ('@(ReferencesCopiedInThisBuild)' != '' and '$(WroteAtLeastOneFile)' == 'true'), ('bin\Debug\net462\BouncyCastle.Cryptography.dll;bin\Debug\net462\Google.Protobuf.dll;bin\Debug\net462\K4os.Compression.LZ4.dll;...' != '' and 'False' == 'true') olarak değerlendirildi.
   3:6>"PhoenixData.csproj" projesinde "_CopyFilesMarkedCopyLocal" hedefini oluşturma tamamlandı.
       "AssignTargetPaths" hedefi atlandı. Önceden başarılı bir şekilde derlenmişti.
       Yanlış koşul nedeniyle "AssignProjectConfiguration" hedefi atlandı; ('$(CurrentSolutionConfigurationContents)' != '' or '@(ProjectReference)'!=''), ('' != '' or ''!='') olarak değerlendirildi.
       "_SplitProjectReferencesByFileExistence" hedefi atlandı. Önceden başarılı bir şekilde derlenmişti.
       "_GetProjectReferenceTargetFrameworkProperties" hedefi atlandı. Önceden başarılı bir şekilde derlenmişti.
   3:6>"c:\Users\Muhammet\Documents\GitHub\Wonderland-Private-Server\PhoenixData\PhoenixData.csproj" projesinin "C:\Program Files\dotnet\sdk\9.0.308\Microsoft.Common.CurrentVersion.targets" dosyasındaki "_PopulateCommonStateForGetCopyToOutputDirectoryItems" hedefi ("GetCopyToOutputDirectoryItems" hedefi buna bağımlı):
   3:6>"PhoenixData.csproj" projesinde "_PopulateCommonStateForGetCopyToOutputDirectoryItems" hedefini oluşturma tamamlandı.
       Yanlış koşul nedeniyle "AddDepsJsonAndRuntimeConfigToCopyItemsForReferencingProjects" hedefi atlandı; ('$(HasRuntimeOutput)' == 'true'), ('' == 'true') olarak değerlendirildi.
   3:6>"c:\Users\Muhammet\Documents\GitHub\Wonderland-Private-Server\PhoenixData\PhoenixData.csproj" projesinin "C:\Program Files\dotnet\sdk\9.0.308\Microsoft.Common.CurrentVersion.targets" dosyasındaki "GetCopyToOutputDirectoryItems" hedefi ("_CopySourceItemsToOutputDirectory" hedefi buna bağımlı):
       "Microsoft.Build.Tasks.Core, Version=15.1.0.0, Culture=neutral, PublicKeyToken=b03f5f7f11d50a3a" derlemesindeki "CallTarget" görevi kullanılıyor.
       "CallTarget" görevi
       "_PopulateCommonStateForGetCopyToOutputDirectoryItems" hedefi atlandı. Önceden başarılı bir şekilde derlenmişti.
       "_AddOutputPathToGlobalPropertiesToRemove" hedefi atlandı. Önceden başarılı bir şekilde derlenmişti.
   3:6>"c:\Users\Muhammet\Documents\GitHub\Wonderland-Private-Server\PhoenixData\PhoenixData.csproj" projesinin "C:\Program Files\dotnet\sdk\9.0.308\Microsoft.Common.CurrentVersion.targets" dosyasındaki "_GetCopyToOutputDirectoryItemsFromTransitiveProjectReferences" hedefi ("GetCopyToOutputDirectoryItems" hedefi buna bağımlı):
       Yanlış koşul nedeniyle "MSBuild" görevi atlandı; ('@(_MSBuildProjectReferenceExistent)' != '' and '$(_GetChildProjectCopyToOutputDirectoryItems)' == 'true' and '%(_MSBuildProjectReferenceExistent.Private)' != 'false' and '$(UseCommonOutputDirectory)' != 'true'), ('' != '' and 'true' == 'true' and '' != 'false' and 'false' != 'true') olarak değerlendirildi.
       "AssignTargetPath" görevi
       "AssignTargetPath" görevini yürütme tamamlandı.
   3:6>"PhoenixData.csproj" projesinde "_GetCopyToOutputDirectoryItemsFromTransitiveProjectReferences" hedefini oluşturma tamamlandı.
       "CallTarget" görevini yürütme tamamlandı.
       "CallTarget" görevi
       "AssignTargetPaths" hedefi atlandı. Önceden başarılı bir şekilde derlenmişti.
       "_PopulateCommonStateForGetCopyToOutputDirectoryItems" hedefi atlandı. Önceden başarılı bir şekilde derlenmişti.
       Yanlış koşul nedeniyle "AddDepsJsonAndRuntimeConfigToCopyItemsForReferencingProjects" hedefi atlandı; ('$(HasRuntimeOutput)' == 'true'), ('' == 'true') olarak değerlendirildi.
   3:6>"c:\Users\Muhammet\Documents\GitHub\Wonderland-Private-Server\PhoenixData\PhoenixData.csproj" projesinin "C:\Program Files\dotnet\sdk\9.0.308\Microsoft.Common.CurrentVersion.targets" dosyasındaki "_GetCopyToOutputDirectoryItemsFromThisProject" hedefi ("GetCopyToOutputDirectoryItems" hedefi buna bağımlı):
       "AssignTargetPath" görevi
       "AssignTargetPath" görevini yürütme tamamlandı.
   3:6>"PhoenixData.csproj" projesinde "_GetCopyToOutputDirectoryItemsFromThisProject" hedefini oluşturma tamamlandı.
       "CallTarget" görevini yürütme tamamlandı.
   3:6>"PhoenixData.csproj" projesinde "GetCopyToOutputDirectoryItems" hedefini oluşturma tamamlandı.
       Yanlış koşul nedeniyle "_CopyOutOfDateSourceItemsToOutputDirectory" hedefi atlandı; ( '@(_SourceItemsToCopyToOutputDirectory)' != '' ), ( '' != '' ) olarak değerlendirildi.
       Yanlış koşul nedeniyle "_CopyOutOfDateSourceItemsToOutputDirectoryAlways" hedefi atlandı; ( '@(_SourceItemsToCopyToOutputDirectoryAlways)' != '' ), ( '' != '' ) olarak değerlendirildi.
       Yanlış koşul nedeniyle "_CopyDifferingSourceItemsToOutputDirectory" hedefi atlandı; ( '@(_SourceItemsToCopyToOutputDirectoryIfDifferent)' != '' ), ( '' != '' ) olarak değerlendirildi.
   3:6>"c:\Users\Muhammet\Documents\GitHub\Wonderland-Private-Server\PhoenixData\PhoenixData.csproj" projesinin "C:\Program Files\dotnet\sdk\9.0.308\Microsoft.Common.CurrentVersion.targets" dosyasındaki "_CopySourceItemsToOutputDirectory" hedefi ("CopyFilesToOutputDirectory" hedefi buna bağımlı):
   3:6>"PhoenixData.csproj" projesinde "_CopySourceItemsToOutputDirectory" hedefini oluşturma tamamlandı.
       Yanlış koşul nedeniyle "_CopyAppConfigFile" hedefi atlandı; ( '@(AppConfigWithTargetPath)' != '' ), ( '' != '' ) olarak değerlendirildi.
       Yanlış koşul nedeniyle "_CopyManifestFiles" hedefi atlandı; ( '$(_DeploymentCopyApplicationManifest)'=='true' or '$(GenerateClickOnceManifests)'=='true' ), ( ''=='true' or ''=='true' ) olarak değerlendirildi.
   3:6>"c:\Users\Muhammet\Documents\GitHub\Wonderland-Private-Server\PhoenixData\PhoenixData.csproj" projesinin "C:\Program Files\dotnet\sdk\9.0.308\Microsoft.Common.CurrentVersion.targets" dosyasındaki "_CheckForCompileOutputs" hedefi ("CopyFilesToOutputDirectory" hedefi buna bağımlı):
   3:6>"PhoenixData.csproj" projesinde "_CheckForCompileOutputs" hedefini oluşturma tamamlandı.
       Yanlış koşul nedeniyle "_SGenCheckForOutputs" hedefi atlandı; ('$(_SGenGenerateSerializationAssembliesConfig)' == 'On' or ('@(WebReferenceUrl)'!='' and '$(_SGenGenerateSerializationAssembliesConfig)' == 'Auto')), ('Off' == 'On' or (''!='' and 'Off' == 'Auto')) olarak değerlendirildi.
       Yanlış koşul nedeniyle "GenerateBuildDependencyFile" hedefi atlandı; ('$(GenerateDependencyFile)' == 'true'), ('' == 'true') olarak değerlendirildi.
       Yanlış koşul nedeniyle "ComputeDependencyFileCompilerOptions" hedefi atlandı; ('$(PreserveCompilationContext)' == 'true'), ('' == 'true') olarak değerlendirildi.
       Yanlış koşul nedeniyle "GenerateBuildRuntimeConfigurationFiles" hedefi atlandı; ( '$(GenerateRuntimeConfigurationFiles)' == 'true'), ( '' == 'true') olarak değerlendirildi.
       Yanlış koşul nedeniyle "GenerateShimsAssets" hedefi atlandı; ('$(PackAsTool)' == 'true' and $(PackAsToolShimRuntimeIdentifiers) != '' ), ('' == 'true' and  != '' ) olarak değerlendirildi.
   3:6>"c:\Users\Muhammet\Documents\GitHub\Wonderland-Private-Server\PhoenixData\PhoenixData.csproj" projesinin "C:\Program Files\dotnet\sdk\9.0.308\Microsoft.Common.CurrentVersion.targets" dosyasındaki "CopyFilesToOutputDirectory" hedefi ("PrepareForRun" hedefi buna bağımlı):
       "Copy" görevi
         Projede "SkipUnchangedFiles" parametresi "true" olarak ayarlandığından ve dosya boyutlarıyla zaman damgaları eşleştiğinden "obj\Debug\net462\PhoenixData.dll" dosyasından "bin\Debug\net462\PhoenixData.dll" dosyasına kopyalama işlemi gerçekleştirilmedi.
       "Copy" görevini yürütme tamamlandı.
       Yanlış koşul nedeniyle "CopyRefAssembly" görevi atlandı; ('$(ProduceReferenceAssembly)' == 'true' and '$(CopyBuildOutputToOutputDirectory)' == 'true' and '$(SkipCopyBuildProduct)' != 'true'), ('false' == 'true' and 'true' == 'true' and '' != 'true') olarak değerlendirildi.
       "Message" görevi
         PhoenixData -> C:\Users\Muhammet\Documents\GitHub\Wonderland-Private-Server\PhoenixData\bin\Debug\net462\PhoenixData.dll
       "Message" görevini yürütme tamamlandı.
       Yanlış koşul nedeniyle "Copy" görevi atlandı; ('@(AddModules)' != ''), ('' != '') olarak değerlendirildi.
       Yanlış koşul nedeniyle "Copy" görevi atlandı; ('$(_SGenDllCreated)'=='true'), ('false'=='true') olarak değerlendirildi.
       "Copy" görevi
         Projede "SkipUnchangedFiles" parametresi "true" olarak ayarlandığından ve dosya boyutlarıyla zaman damgaları eşleştiğinden "obj\Debug\net462\PhoenixData.pdb" dosyasından "bin\Debug\net462\PhoenixData.pdb" dosyasına kopyalama işlemi gerçekleştirilmedi.
       "Copy" görevini yürütme tamamlandı.
       Yanlış koşul nedeniyle "Copy" görevi atlandı; ('$(_DocumentationFileProduced)'=='true' and '$(CopyDocumentationFileToOutputDirectory)'=='true'), ('false'=='true' and 'true'=='true') olarak değerlendirildi.
       Yanlış koşul nedeniyle "Copy" görevi atlandı; ('@(IntermediateSatelliteAssembliesWithTargetPath)' != ''), ('' != '') olarak değerlendirildi.
       Yanlış koşul nedeniyle "Copy" görevi atlandı; ('@(ReferenceComWrappersToCopyLocal)' != '' or '@(ResolvedIsolatedComModules)' != '' or '@(_DeploymentLooseManifestFile)' != '' or '@(NativeReferenceFile)' != '' ), ('' != '' or '' != '' or '' != '' or '' != '' ) olarak değerlendirildi.
       Yanlış koşul nedeniyle "Copy" görevi atlandı; ('$(SkipCopyWinMDArtifact)' != 'true' and '@(WinMDExpArtifacts)' != ''), ('' != 'true' and '' != '') olarak değerlendirildi.
       Yanlış koşul nedeniyle "Message" görevi atlandı; ('$(SkipCopyWinMDArtifact)' != 'true' and '$(_WindowsMetadataOutputPath)' != ''), ('' != 'true' and '' != '') olarak değerlendirildi.
   3:6>"PhoenixData.csproj" projesinde "CopyFilesToOutputDirectory" hedefini oluşturma tamamlandı.
       Yanlış koşul nedeniyle "_CopyReferenceOnlyAssembliesForBuild" hedefi atlandı; ('$(PreserveCompilationReferences)' == 'true'), ('' == 'true') olarak değerlendirildi.
   3:6>"c:\Users\Muhammet\Documents\GitHub\Wonderland-Private-Server\PhoenixData\PhoenixData.csproj" projesinin "C:\Program Files\dotnet\sdk\9.0.308\Microsoft.Common.CurrentVersion.targets" dosyasındaki "PrepareForRun" hedefi ("CoreBuild" hedefi buna bağımlı):
   3:6>"PhoenixData.csproj" projesinde "PrepareForRun" hedefini oluşturma tamamlandı.
       Yanlış koşul nedeniyle "UnmanagedRegistration" hedefi atlandı; ('$(RegisterForComInterop)'=='true' and '$(OutputType)'=='library'), (''=='true' and 'Library'=='library') olarak değerlendirildi.
       "_CheckForCompileOutputs" hedefi atlandı. Önceden başarılı bir şekilde derlenmişti.
       Yanlış koşul nedeniyle "_SGenCheckForOutputs" hedefi atlandı; ('$(_SGenGenerateSerializationAssembliesConfig)' == 'On' or ('@(WebReferenceUrl)'!='' and '$(_SGenGenerateSerializationAssembliesConfig)' == 'Auto')), ('Off' == 'On' or (''!='' and 'Off' == 'Auto')) olarak değerlendirildi.
   3:6>"c:\Users\Muhammet\Documents\GitHub\Wonderland-Private-Server\PhoenixData\PhoenixData.csproj" projesinin "C:\Program Files\dotnet\sdk\9.0.308\Microsoft.Common.CurrentVersion.targets" dosyasındaki "_CleanGetCurrentAndPriorFileWrites" hedefi ("IncrementalClean" hedefi buna bağımlı):
       "Microsoft.Build.Tasks.Core, Version=15.1.0.0, Culture=neutral, PublicKeyToken=b03f5f7f11d50a3a" derlemesindeki "ReadLinesFromFile" görevi kullanılıyor.
       "ReadLinesFromFile" görevi
       "ReadLinesFromFile" görevini yürütme tamamlandı.
       "ConvertToAbsolutePath" görevi
       "ConvertToAbsolutePath" görevini yürütme tamamlandı.
       "Microsoft.Build.Tasks.Core, Version=15.1.0.0, Culture=neutral, PublicKeyToken=b03f5f7f11d50a3a" derlemesindeki "FindUnderPath" görevi kullanılıyor.
       "FindUnderPath" görevi
         Karşılaştırma yolu: "C:\Users\Muhammet\Documents\GitHub\Wonderland-Private-Server\PhoenixData".
       "FindUnderPath" görevini yürütme tamamlandı.
       "FindUnderPath" görevi
         Karşılaştırma yolu: "bin\Debug\net462\".
       "FindUnderPath" görevini yürütme tamamlandı.
       "FindUnderPath" görevi
         Karşılaştırma yolu: "obj\Debug\net462\".
       "FindUnderPath" görevini yürütme tamamlandı.
       "RemoveDuplicates" görevi
       "RemoveDuplicates" görevini yürütme tamamlandı.
   3:6>"PhoenixData.csproj" projesinde "_CleanGetCurrentAndPriorFileWrites" hedefini oluşturma tamamlandı.
   3:6>"c:\Users\Muhammet\Documents\GitHub\Wonderland-Private-Server\PhoenixData\PhoenixData.csproj" projesinin "C:\Program Files\dotnet\sdk\9.0.308\Microsoft.Common.CurrentVersion.targets" dosyasındaki "IncrementalClean" hedefi ("CoreBuild" hedefi buna bağımlı):
       "FindUnderPath" görevi
         Karşılaştırma yolu: "bin\Debug\net462\".
       "FindUnderPath" görevini yürütme tamamlandı.
       "FindUnderPath" görevi
         Karşılaştırma yolu: "obj\Debug\net462\".
       "FindUnderPath" görevini yürütme tamamlandı.
       "Microsoft.Build.Tasks.Core, Version=15.1.0.0, Culture=neutral, PublicKeyToken=b03f5f7f11d50a3a" derlemesindeki "Delete" görevi kullanılıyor.
       "Delete" görevi
       "Delete" görevini yürütme tamamlandı.
       "RemoveDuplicates" görevi
       "RemoveDuplicates" görevini yürütme tamamlandı.
       Yanlış koşul nedeniyle "WriteLinesToFile" görevi atlandı; ('@(_CleanUnfilteredPriorFileWrites)'!='@(_CleanUniqueRemainingFileWritesAfterIncrementalClean)'), ('c:\Users\Muhammet\Documents\GitHub\Wonderland-Private-Server\PhoenixData\bin\Debug\net462\PhoenixData.dll;c:\Users\Muhammet\Documents\GitHub\Wonderland-Private-Server\PhoenixData\bin\Debug\net462\PhoenixData.pdb;c:\Users\Muhammet\Documents\GitHub\Wonderland-Private-Server\PhoenixData\bin\Debug\net462\BouncyCastle.Cryptography.dll;...'!='c:\Users\Muhammet\Documents\GitHub\Wonderland-Private-Server\PhoenixData\bin\Debug\net462\PhoenixData.dll;c:\Users\Muhammet\Documents\GitHub\Wonderland-Private-Server\PhoenixData\bin\Debug\net462\PhoenixData.pdb;c:\Users\Muhammet\Documents\GitHub\Wonderland-Private-Server\PhoenixData\bin\Debug\net462\BouncyCastle.Cryptography.dll;...') olarak değerlendirildi.
   3:6>"PhoenixData.csproj" projesinde "IncrementalClean" hedefini oluşturma tamamlandı.
       Yanlış koşul nedeniyle "PostBuildEvent" hedefi atlandı; ('$(PostBuildEvent)' != '' and ('$(RunPostBuildEvent)' != 'OnOutputUpdated' or '$(_AssemblyTimestampBeforeCompile)' != '$(_AssemblyTimestampAfterCompile)')), ('' != '' and ('' != 'OnOutputUpdated' or '' != '')) olarak değerlendirildi.
       Yanlış koşul nedeniyle "GenerateBuildDependencyFile" hedefi atlandı; ('$(GenerateDependencyFile)' == 'true'), ('' == 'true') olarak değerlendirildi.
       Yanlış koşul nedeniyle "ComputeDependencyFileCompilerOptions" hedefi atlandı; ('$(PreserveCompilationContext)' == 'true'), ('' == 'true') olarak değerlendirildi.
       Yanlış koşul nedeniyle "GenerateBuildRuntimeConfigurationFiles" hedefi atlandı; ( '$(GenerateRuntimeConfigurationFiles)' == 'true'), ( '' == 'true') olarak değerlendirildi.
   3:6>"c:\Users\Muhammet\Documents\GitHub\Wonderland-Private-Server\PhoenixData\PhoenixData.csproj" projesinin "C:\Program Files\dotnet\sdk\9.0.308\Microsoft.Common.CurrentVersion.targets" dosyasındaki "CoreBuild" hedefi ("Build" hedefi buna bağımlı):
   3:6>"PhoenixData.csproj" projesinde "CoreBuild" hedefini oluşturma tamamlandı.
   3:6>"c:\Users\Muhammet\Documents\GitHub\Wonderland-Private-Server\PhoenixData\PhoenixData.csproj" projesinin "C:\Program Files\dotnet\sdk\9.0.308\Microsoft.Common.CurrentVersion.targets" dosyasındaki "AfterBuild" hedefi ("Build" hedefi buna bağımlı):
   3:6>"PhoenixData.csproj" projesinde "AfterBuild" hedefini oluşturma tamamlandı.
       Yanlış koşul nedeniyle "_CheckBrowserWorkloadNeededButNotAvailable" hedefi atlandı; ('$(RuntimeIdentifier)' == 'browser-wasm' and '$(_BrowserWorkloadDisabled)' != 'true' and '$(WasmNativeWorkloadAvailable)' != 'true'), ('' == 'browser-wasm' and '' != 'true' and '' != 'true') olarak değerlendirildi.
       Yanlış koşul nedeniyle "_ErrorWorkloadDisabledForTFMLessThan6" hedefi atlandı; ('$(_BrowserWorkloadNotSupportedForTFM)' == 'true'), ('' == 'true') olarak değerlendirildi.
       Yanlış koşul nedeniyle "_ErrorDualWasmThreadPropsOn7" hedefi atlandı; ('$(TargetsNet7)' == 'true' and '$(RuntimeIdentifier)' == 'browser-wasm' and
           '$(BrowserWorkloadDisabled)' != 'true' and '$(WasmEnableThreads)' == 'true' and '$(WasmEnablePerfTrace)' == 'true'), ('' == 'true' and '' == 'browser-wasm' and
           '' != 'true' and '' == 'true' and '' == 'true') olarak değerlendirildi.
       "_CheckForInvalidConfigurationAndPlatform" hedefi atlandı. Önceden başarılı bir şekilde derlenmişti.
       "_CheckForInvalidConfigurationAndPlatform" hedefi atlandı. Önceden başarılı bir şekilde derlenmişti.
   3:6>"c:\Users\Muhammet\Documents\GitHub\Wonderland-Private-Server\PhoenixData\PhoenixData.csproj" projesinin "C:\Program Files\dotnet\sdk\9.0.308\Microsoft.Common.CurrentVersion.targets" dosyasındaki "Build" hedefi (giriş noktası):
   3:6>"PhoenixData.csproj" projesinde "Build" hedefini oluşturma tamamlandı.
       Yanlış koşul nedeniyle "_PackAsBuildAfterTarget" hedefi atlandı; ('$(GeneratePackageOnBuild)' == 'true' AND '$(IsInnerBuild)' != 'true'), ('false' == 'true' AND '' != 'true') olarak değerlendirildi.
   3:6>"c:\Users\Muhammet\Documents\GitHub\Wonderland-Private-Server\PhoenixData\PhoenixData.csproj" projesinin "C:\Program Files\dotnet\sdk\9.0.308\Containers\build\Microsoft.NET.Build.Containers.targets" dosyasındaki "_CheckContainersPackage" hedefi (giriş noktası):
       Yanlış koşul nedeniyle "Warning" görevi atlandı; ($(_ContainerPackageIsPresent)
               and (
                 ($(_SdkCanPublishWeb) and $(_IsWebProject)) or
                 ($(_SdkCanPublishWorker) and $(_IsWorkerProject)) or
                 ($(_SdkCanPublishConsole) and '$(EnableSdkContainerSupport)' == 'true')
               )), (false
               and (
                 (True and false) or
                 (True and false) or
                 (True and '' == 'true')
               )) olarak değerlendirildi.
   3:6>"PhoenixData.csproj" projesinde "_CheckContainersPackage" hedefini oluşturma tamamlandı.
   3:6>"c:\Users\Muhammet\Documents\GitHub\Wonderland-Private-Server\PhoenixData\PhoenixData.csproj" Projesini Oluşturma İşlemi Tamamlandı (varsayılan hedefler).
   2:6>"Microsoft.Build.Tasks.Git.LocateRepository" görevini yürütme tamamlandı.
   2:6>"RCLibrary.csproj" projesinde "InitializeSourceControlInformationFromSourceControlManager" hedefini oluşturma tamamlandı.
   2:6>"c:\Users\Muhammet\Documents\GitHub\Wonderland-Private-Server\RCLibrary\RCLibrary.csproj" projesinin "C:\Program Files\dotnet\sdk\9.0.308\Sdks\Microsoft.Build.Tasks.Git\build\Microsoft.Build.Tasks.Git.targets" dosyasındaki "SetEmbeddedFilesFromSourceControlManagerUntrackedFiles" hedefi ("_SetEmbeddedFilesFromSourceControlManagerUntrackedFiles" hedefi buna bağımlı):
       "C:\Program Files\dotnet\sdk\9.0.308\Sdks\Microsoft.Build.Tasks.Git\build\..\tools\net\Microsoft.Build.Tasks.Git.dll" derlemesindeki "Microsoft.Build.Tasks.Git.GetUntrackedFiles" görevi kullanılıyor.
       "Microsoft.Build.Tasks.Git.GetUntrackedFiles" görevi
         SourceLink: Reusing cached git repository information.
       "Microsoft.Build.Tasks.Git.GetUntrackedFiles" görevini yürütme tamamlandı.
   2:6>"RCLibrary.csproj" projesinde "SetEmbeddedFilesFromSourceControlManagerUntrackedFiles" hedefini oluşturma tamamlandı.
   2:6>"c:\Users\Muhammet\Documents\GitHub\Wonderland-Private-Server\RCLibrary\RCLibrary.csproj" projesinin "C:\Program Files\dotnet\sdk\9.0.308\Sdks\Microsoft.SourceLink.Common\build\Microsoft.SourceLink.Common.targets" dosyasındaki "_SetEmbeddedFilesFromSourceControlManagerUntrackedFiles" hedefi ("CoreCompile" hedefi buna bağımlı):
   2:6>"RCLibrary.csproj" projesinde "_SetEmbeddedFilesFromSourceControlManagerUntrackedFiles" hedefini oluşturma tamamlandı.
       "InitializeSourceControlInformationFromSourceControlManager" hedefi atlandı. Önceden başarılı bir şekilde derlenmişti.
   2:6>"c:\Users\Muhammet\Documents\GitHub\Wonderland-Private-Server\RCLibrary\RCLibrary.csproj" projesinin "C:\Program Files\dotnet\sdk\9.0.308\Sdks\Microsoft.SourceLink.Common\build\InitializeSourceControlInformation.targets" dosyasındaki "_SourceLinkHasSingleProvider" hedefi ("_InitializeSourceControlInformationFromSourceControlManager" hedefi buna bağımlı):
       Derleme TaskRun sırasında yüklendi: Microsoft.SourceLink.Common, Version=9.0.11.11701, Culture=neutral, PublicKeyToken=31bf3856ad364e35 (konum: C:\Program Files\dotnet\sdk\9.0.308\Sdks\Microsoft.SourceLink.Common\tools\net\Microsoft.SourceLink.Common.dll, MVID: e7b93933-92ac-4eda-8ab8-a1e1c543bfb2, AssemblyLoadContext: MSBuild plugin C:\Program Files\dotnet\sdk\9.0.308\Sdks\Microsoft.SourceLink.Common\tools\net\Microsoft.SourceLink.Common.dll)
       "C:\Program Files\dotnet\sdk\9.0.308\Sdks\Microsoft.SourceLink.Common\build\..\tools\net\Microsoft.SourceLink.Common.dll" derlemesindeki "Microsoft.SourceLink.Common.SourceLinkHasSingleProvider" görevi kullanılıyor.
       "Microsoft.SourceLink.Common.SourceLinkHasSingleProvider" görevi
       "Microsoft.SourceLink.Common.SourceLinkHasSingleProvider" görevini yürütme tamamlandı.
   2:6>"RCLibrary.csproj" projesinde "_SourceLinkHasSingleProvider" hedefini oluşturma tamamlandı.
   2:6>"c:\Users\Muhammet\Documents\GitHub\Wonderland-Private-Server\RCLibrary\RCLibrary.csproj" projesinin "C:\Program Files\dotnet\sdk\9.0.308\Sdks\Microsoft.SourceLink.GitHub\build\Microsoft.SourceLink.GitHub.targets" dosyasındaki "TranslateGitHubUrlsInSourceControlInformation" hedefi ("_InitializeSourceControlInformationFromSourceControlManager" hedefi buna bağımlı):
       Derleme TaskRun sırasında yüklendi: Microsoft.SourceLink.GitHub, Version=9.0.11.11701, Culture=neutral, PublicKeyToken=31bf3856ad364e35 (konum: C:\Program Files\dotnet\sdk\9.0.308\Sdks\Microsoft.SourceLink.GitHub\tools\net\Microsoft.SourceLink.GitHub.dll, MVID: de6eb21e-3e60-4c55-84da-db4085852056, AssemblyLoadContext: MSBuild plugin C:\Program Files\dotnet\sdk\9.0.308\Sdks\Microsoft.SourceLink.GitHub\tools\net\Microsoft.SourceLink.GitHub.dll)
       "C:\Program Files\dotnet\sdk\9.0.308\Sdks\Microsoft.SourceLink.GitHub\build\..\tools\net\Microsoft.SourceLink.GitHub.dll" derlemesindeki "Microsoft.SourceLink.GitHub.TranslateRepositoryUrls" görevi kullanılıyor.
       "Microsoft.SourceLink.GitHub.TranslateRepositoryUrls" görevi
       "Microsoft.SourceLink.GitHub.TranslateRepositoryUrls" görevini yürütme tamamlandı.
   2:6>"RCLibrary.csproj" projesinde "TranslateGitHubUrlsInSourceControlInformation" hedefini oluşturma tamamlandı.
   2:6>"c:\Users\Muhammet\Documents\GitHub\Wonderland-Private-Server\RCLibrary\RCLibrary.csproj" projesinin "C:\Program Files\dotnet\sdk\9.0.308\Sdks\Microsoft.SourceLink.GitLab\build\Microsoft.SourceLink.GitLab.targets" dosyasındaki "TranslateGitLabUrlsInSourceControlInformation" hedefi ("_InitializeSourceControlInformationFromSourceControlManager" hedefi buna bağımlı):
       Derleme TaskRun sırasında yüklendi: Microsoft.SourceLink.GitLab, Version=9.0.11.11701, Culture=neutral, PublicKeyToken=31bf3856ad364e35 (konum: C:\Program Files\dotnet\sdk\9.0.308\Sdks\Microsoft.SourceLink.GitLab\tools\net\Microsoft.SourceLink.GitLab.dll, MVID: ccdddc0a-7879-4673-a23d-bd877ae513a4, AssemblyLoadContext: MSBuild plugin C:\Program Files\dotnet\sdk\9.0.308\Sdks\Microsoft.SourceLink.GitLab\tools\net\Microsoft.SourceLink.GitLab.dll)
       "C:\Program Files\dotnet\sdk\9.0.308\Sdks\Microsoft.SourceLink.GitLab\build\..\tools\net\Microsoft.SourceLink.GitLab.dll" derlemesindeki "Microsoft.SourceLink.GitLab.TranslateRepositoryUrls" görevi kullanılıyor.
       "Microsoft.SourceLink.GitLab.TranslateRepositoryUrls" görevi
       "Microsoft.SourceLink.GitLab.TranslateRepositoryUrls" görevini yürütme tamamlandı.
   2:6>"RCLibrary.csproj" projesinde "TranslateGitLabUrlsInSourceControlInformation" hedefini oluşturma tamamlandı.
   2:6>"c:\Users\Muhammet\Documents\GitHub\Wonderland-Private-Server\RCLibrary\RCLibrary.csproj" projesinin "C:\Program Files\dotnet\sdk\9.0.308\Sdks\Microsoft.SourceLink.AzureRepos.Git\build\Microsoft.SourceLink.AzureRepos.Git.targets" dosyasındaki "TranslateAzureReposGitUrlsInSourceControlInformation" hedefi ("_InitializeSourceControlInformationFromSourceControlManager" hedefi buna bağımlı):
       Derleme TaskRun sırasında yüklendi: Microsoft.SourceLink.AzureRepos.Git, Version=9.0.11.11701, Culture=neutral, PublicKeyToken=31bf3856ad364e35 (konum: C:\Program Files\dotnet\sdk\9.0.308\Sdks\Microsoft.SourceLink.AzureRepos.Git\tools\net\Microsoft.SourceLink.AzureRepos.Git.dll, MVID: cc8362fa-d14c-4e8c-a855-a55f196817ae, AssemblyLoadContext: MSBuild plugin C:\Program Files\dotnet\sdk\9.0.308\Sdks\Microsoft.SourceLink.AzureRepos.Git\tools\net\Microsoft.SourceLink.AzureRepos.Git.dll)
       "C:\Program Files\dotnet\sdk\9.0.308\Sdks\Microsoft.SourceLink.AzureRepos.Git\build\..\tools\net\Microsoft.SourceLink.AzureRepos.Git.dll" derlemesindeki "Microsoft.SourceLink.AzureRepos.Git.TranslateRepositoryUrls" görevi kullanılıyor.
       "Microsoft.SourceLink.AzureRepos.Git.TranslateRepositoryUrls" görevi
       "Microsoft.SourceLink.AzureRepos.Git.TranslateRepositoryUrls" görevini yürütme tamamlandı.
   2:6>"RCLibrary.csproj" projesinde "TranslateAzureReposGitUrlsInSourceControlInformation" hedefini oluşturma tamamlandı.
   2:6>"c:\Users\Muhammet\Documents\GitHub\Wonderland-Private-Server\RCLibrary\RCLibrary.csproj" projesinin "C:\Program Files\dotnet\sdk\9.0.308\Sdks\Microsoft.SourceLink.Bitbucket.Git\build\Microsoft.SourceLink.Bitbucket.Git.targets" dosyasındaki "TranslateBitbucketGitUrlsInSourceControlInformation" hedefi ("_InitializeSourceControlInformationFromSourceControlManager" hedefi buna bağımlı):
       Derleme TaskRun sırasında yüklendi: Microsoft.SourceLink.Bitbucket.Git, Version=9.0.11.11701, Culture=neutral, PublicKeyToken=31bf3856ad364e35 (konum: C:\Program Files\dotnet\sdk\9.0.308\Sdks\Microsoft.SourceLink.Bitbucket.Git\tools\net\Microsoft.SourceLink.Bitbucket.Git.dll, MVID: 633cbf61-44e1-4706-8334-7e18ba081963, AssemblyLoadContext: MSBuild plugin C:\Program Files\dotnet\sdk\9.0.308\Sdks\Microsoft.SourceLink.Bitbucket.Git\tools\net\Microsoft.SourceLink.Bitbucket.Git.dll)
       "C:\Program Files\dotnet\sdk\9.0.308\Sdks\Microsoft.SourceLink.Bitbucket.Git\build\..\tools\net\Microsoft.SourceLink.Bitbucket.Git.dll" derlemesindeki "Microsoft.SourceLink.Bitbucket.Git.TranslateRepositoryUrls" görevi kullanılıyor.
       "Microsoft.SourceLink.Bitbucket.Git.TranslateRepositoryUrls" görevi
       "Microsoft.SourceLink.Bitbucket.Git.TranslateRepositoryUrls" görevini yürütme tamamlandı.
   2:6>"RCLibrary.csproj" projesinde "TranslateBitbucketGitUrlsInSourceControlInformation" hedefini oluşturma tamamlandı.
   2:6>"c:\Users\Muhammet\Documents\GitHub\Wonderland-Private-Server\RCLibrary\RCLibrary.csproj" projesinin "C:\Program Files\dotnet\sdk\9.0.308\Sdks\Microsoft.SourceLink.Common\build\InitializeSourceControlInformation.targets" dosyasındaki "SourceControlManagerPublishTranslatedUrls" hedefi ("_InitializeSourceControlInformationFromSourceControlManager" hedefi buna bağımlı):
   2:6>"RCLibrary.csproj" projesinde "SourceControlManagerPublishTranslatedUrls" hedefini oluşturma tamamlandı.
   2:6>"c:\Users\Muhammet\Documents\GitHub\Wonderland-Private-Server\RCLibrary\RCLibrary.csproj" projesinin "C:\Program Files\dotnet\sdk\9.0.308\Sdks\Microsoft.SourceLink.Common\build\InitializeSourceControlInformation.targets" dosyasındaki "_InitializeSourceControlInformationFromSourceControlManager" hedefi ("InitializeSourceControlInformation" hedefi buna bağımlı):
   2:6>"RCLibrary.csproj" projesinde "_InitializeSourceControlInformationFromSourceControlManager" hedefini oluşturma tamamlandı.
   2:6>"c:\Users\Muhammet\Documents\GitHub\Wonderland-Private-Server\RCLibrary\RCLibrary.csproj" projesinin "C:\Program Files\dotnet\sdk\9.0.308\Microsoft.Common.CurrentVersion.targets" dosyasındaki "InitializeSourceControlInformation" hedefi ("GenerateSourceLinkFile" hedefi buna bağımlı):
   2:6>"RCLibrary.csproj" projesinde "InitializeSourceControlInformation" hedefini oluşturma tamamlandı.
   2:6>"c:\Users\Muhammet\Documents\GitHub\Wonderland-Private-Server\RCLibrary\RCLibrary.csproj" projesinin "C:\Program Files\dotnet\sdk\9.0.308\Sdks\Microsoft.SourceLink.Common\build\Microsoft.SourceLink.Common.targets" dosyasındaki "_SetSourceLinkFilePath" hedefi ("_GenerateSourceLinkFile" hedefi buna bağımlı):
   2:6>"RCLibrary.csproj" projesinde "_SetSourceLinkFilePath" hedefini oluşturma tamamlandı.
       "InitializeSourceControlInformation" hedefi atlandı. Önceden başarılı bir şekilde derlenmişti.
   2:6>"c:\Users\Muhammet\Documents\GitHub\Wonderland-Private-Server\RCLibrary\RCLibrary.csproj" projesinin "C:\Program Files\dotnet\sdk\9.0.308\Roslyn\Microsoft.Managed.Core.targets" dosyasındaki "_InitializeSourceRootMappedPathsFromSourceControl" hedefi ("InitializeSourceRootMappedPaths" hedefi buna bağımlı):
   2:6>"RCLibrary.csproj" projesinde "_InitializeSourceRootMappedPathsFromSourceControl" hedefini oluşturma tamamlandı.
   2:6>"c:\Users\Muhammet\Documents\GitHub\Wonderland-Private-Server\RCLibrary\RCLibrary.csproj" projesinin "C:\Program Files\dotnet\sdk\9.0.308\Roslyn\Microsoft.Managed.Core.targets" dosyasındaki "InitializeSourceRootMappedPaths" hedefi ("_InitializeSourceRootMappedPathsOpt" hedefi buna bağımlı):
       "C:\Program Files\dotnet\sdk\9.0.308\Roslyn\Microsoft.Build.Tasks.CodeAnalysis.dll" derlemesindeki "Microsoft.CodeAnalysis.BuildTasks.MapSourceRoots" görevi kullanılıyor.
       "Microsoft.CodeAnalysis.BuildTasks.MapSourceRoots" görevi
       "Microsoft.CodeAnalysis.BuildTasks.MapSourceRoots" görevini yürütme tamamlandı.
   2:6>"RCLibrary.csproj" projesinde "InitializeSourceRootMappedPaths" hedefini oluşturma tamamlandı.
   2:6>"c:\Users\Muhammet\Documents\GitHub\Wonderland-Private-Server\RCLibrary\RCLibrary.csproj" projesinin "C:\Program Files\dotnet\sdk\9.0.308\Sdks\Microsoft.SourceLink.Common\build\Microsoft.SourceLink.Common.targets" dosyasındaki "_InitializeSourceRootMappedPathsOpt" hedefi ("_GenerateSourceLinkFile" hedefi buna bağımlı):
   2:6>"RCLibrary.csproj" projesinde "_InitializeSourceRootMappedPathsOpt" hedefini oluşturma tamamlandı.
   2:6>"c:\Users\Muhammet\Documents\GitHub\Wonderland-Private-Server\RCLibrary\RCLibrary.csproj" projesinin "C:\Program Files\dotnet\sdk\9.0.308\Sdks\Microsoft.SourceLink.GitHub\build\Microsoft.SourceLink.GitHub.targets" dosyasındaki "_InitializeGitHubSourceLinkUrl" hedefi ("_GenerateSourceLinkFile" hedefi buna bağımlı):
       "_InitializeGitHubSourceLinkUrl" hedefi tam olarak oluşturuluyor.
       Giriş dosyası belirtilmedi.
       "C:\Program Files\dotnet\sdk\9.0.308\Sdks\Microsoft.SourceLink.GitHub\build\..\tools\net\Microsoft.SourceLink.GitHub.dll" derlemesindeki "Microsoft.SourceLink.GitHub.GetSourceLinkUrl" görevi kullanılıyor.
       "Microsoft.SourceLink.GitHub.GetSourceLinkUrl" görevi
       "Microsoft.SourceLink.GitHub.GetSourceLinkUrl" görevini yürütme tamamlandı.
   2:6>"RCLibrary.csproj" projesinde "_InitializeGitHubSourceLinkUrl" hedefini oluşturma tamamlandı.
   2:6>"c:\Users\Muhammet\Documents\GitHub\Wonderland-Private-Server\RCLibrary\RCLibrary.csproj" projesinin "C:\Program Files\dotnet\sdk\9.0.308\Sdks\Microsoft.SourceLink.GitHub\build\Microsoft.SourceLink.GitHub.targets" dosyasındaki "_InitializeGitHubSourceLinkUrl" hedefi ("_GenerateSourceLinkFile" hedefi buna bağımlı):
       "_InitializeGitHubSourceLinkUrl" hedefi tam olarak oluşturuluyor.
       Giriş dosyası belirtilmedi.
       "Microsoft.SourceLink.GitHub.GetSourceLinkUrl" görevi
       "Microsoft.SourceLink.GitHub.GetSourceLinkUrl" görevini yürütme tamamlandı.
   2:6>"RCLibrary.csproj" projesinde "_InitializeGitHubSourceLinkUrl" hedefini oluşturma tamamlandı.
   2:6>"c:\Users\Muhammet\Documents\GitHub\Wonderland-Private-Server\RCLibrary\RCLibrary.csproj" projesinin "C:\Program Files\dotnet\sdk\9.0.308\Sdks\Microsoft.SourceLink.GitLab\build\Microsoft.SourceLink.GitLab.targets" dosyasındaki "_InitializeGitLabSourceLinkUrl" hedefi ("_GenerateSourceLinkFile" hedefi buna bağımlı):
       "_InitializeGitLabSourceLinkUrl" hedefi tam olarak oluşturuluyor.
       Giriş dosyası belirtilmedi.
       "C:\Program Files\dotnet\sdk\9.0.308\Sdks\Microsoft.SourceLink.GitLab\build\..\tools\net\Microsoft.SourceLink.GitLab.dll" derlemesindeki "Microsoft.SourceLink.GitLab.GetSourceLinkUrl" görevi kullanılıyor.
       "Microsoft.SourceLink.GitLab.GetSourceLinkUrl" görevi
       C:\Program Files\dotnet\sdk\9.0.308\Sdks\Microsoft.SourceLink.GitLab\build\Microsoft.SourceLink.GitLab.targets(37,7): message : Özellik yeniden ataması: $(_SourceLinkUrlToUpdate)="N/A" (önceki değer: "https://raw.githubusercontent.com/Eminbalci/Wonderland-Private-Server/cdf929365971ee232983db67f0ca199716f96124/*") konum: C:\Program Files\dotnet\sdk\9.0.308\Sdks\Microsoft.SourceLink.GitLab\build\Microsoft.SourceLink.GitLab.targets (37,7) [c:\Users\Muhammet\Documents\GitHub\Wonderland-Private-Server\RCLibrary\RCLibrary.csproj]
       "Microsoft.SourceLink.GitLab.GetSourceLinkUrl" görevini yürütme tamamlandı.
   2:6>"RCLibrary.csproj" projesinde "_InitializeGitLabSourceLinkUrl" hedefini oluşturma tamamlandı.
   2:6>"c:\Users\Muhammet\Documents\GitHub\Wonderland-Private-Server\RCLibrary\RCLibrary.csproj" projesinin "C:\Program Files\dotnet\sdk\9.0.308\Sdks\Microsoft.SourceLink.GitLab\build\Microsoft.SourceLink.GitLab.targets" dosyasındaki "_InitializeGitLabSourceLinkUrl" hedefi ("_GenerateSourceLinkFile" hedefi buna bağımlı):
       "_InitializeGitLabSourceLinkUrl" hedefi tam olarak oluşturuluyor.
       Giriş dosyası belirtilmedi.
       "Microsoft.SourceLink.GitLab.GetSourceLinkUrl" görevi
       C:\Program Files\dotnet\sdk\9.0.308\Sdks\Microsoft.SourceLink.GitLab\build\Microsoft.SourceLink.GitLab.targets(37,7): message : Özellik yeniden ataması: $(_SourceLinkUrlToUpdate)="N/A" (önceki değer: "https://raw.githubusercontent.com/Eminbalci/Wonderland-Private-Server/cdf929365971ee232983db67f0ca199716f96124/*") konum: C:\Program Files\dotnet\sdk\9.0.308\Sdks\Microsoft.SourceLink.GitLab\build\Microsoft.SourceLink.GitLab.targets (37,7) [c:\Users\Muhammet\Documents\GitHub\Wonderland-Private-Server\RCLibrary\RCLibrary.csproj]
       "Microsoft.SourceLink.GitLab.GetSourceLinkUrl" görevini yürütme tamamlandı.
   2:6>"RCLibrary.csproj" projesinde "_InitializeGitLabSourceLinkUrl" hedefini oluşturma tamamlandı.
   2:6>"c:\Users\Muhammet\Documents\GitHub\Wonderland-Private-Server\RCLibrary\RCLibrary.csproj" projesinin "C:\Program Files\dotnet\sdk\9.0.308\Sdks\Microsoft.SourceLink.AzureRepos.Git\build\Microsoft.SourceLink.AzureRepos.Git.targets" dosyasındaki "_InitializeAzureReposGitSourceLinkUrl" hedefi ("_GenerateSourceLinkFile" hedefi buna bağımlı):
       "_InitializeAzureReposGitSourceLinkUrl" hedefi tam olarak oluşturuluyor.
       Giriş dosyası belirtilmedi.
       "C:\Program Files\dotnet\sdk\9.0.308\Sdks\Microsoft.SourceLink.AzureRepos.Git\build\..\tools\net\Microsoft.SourceLink.AzureRepos.Git.dll" derlemesindeki "Microsoft.SourceLink.AzureRepos.Git.GetSourceLinkUrl" görevi kullanılıyor.
       "Microsoft.SourceLink.AzureRepos.Git.GetSourceLinkUrl" görevi
       "Microsoft.SourceLink.AzureRepos.Git.GetSourceLinkUrl" görevini yürütme tamamlandı.
   2:6>"RCLibrary.csproj" projesinde "_InitializeAzureReposGitSourceLinkUrl" hedefini oluşturma tamamlandı.
   2:6>"c:\Users\Muhammet\Documents\GitHub\Wonderland-Private-Server\RCLibrary\RCLibrary.csproj" projesinin "C:\Program Files\dotnet\sdk\9.0.308\Sdks\Microsoft.SourceLink.AzureRepos.Git\build\Microsoft.SourceLink.AzureRepos.Git.targets" dosyasındaki "_InitializeAzureReposGitSourceLinkUrl" hedefi ("_GenerateSourceLinkFile" hedefi buna bağımlı):
       "_InitializeAzureReposGitSourceLinkUrl" hedefi tam olarak oluşturuluyor.
       Giriş dosyası belirtilmedi.
       "Microsoft.SourceLink.AzureRepos.Git.GetSourceLinkUrl" görevi
       "Microsoft.SourceLink.AzureRepos.Git.GetSourceLinkUrl" görevini yürütme tamamlandı.
   2:6>"RCLibrary.csproj" projesinde "_InitializeAzureReposGitSourceLinkUrl" hedefini oluşturma tamamlandı.
   2:6>"c:\Users\Muhammet\Documents\GitHub\Wonderland-Private-Server\RCLibrary\RCLibrary.csproj" projesinin "C:\Program Files\dotnet\sdk\9.0.308\Sdks\Microsoft.SourceLink.Bitbucket.Git\build\Microsoft.SourceLink.Bitbucket.Git.targets" dosyasındaki "_InitializeBitbucketGitSourceLinkUrl" hedefi ("_GenerateSourceLinkFile" hedefi buna bağımlı):
       "_InitializeBitbucketGitSourceLinkUrl" hedefi tam olarak oluşturuluyor.
       Giriş dosyası belirtilmedi.
       "C:\Program Files\dotnet\sdk\9.0.308\Sdks\Microsoft.SourceLink.Bitbucket.Git\build\..\tools\net\Microsoft.SourceLink.Bitbucket.Git.dll" derlemesindeki "Microsoft.SourceLink.Bitbucket.Git.GetSourceLinkUrl" görevi kullanılıyor.
       "Microsoft.SourceLink.Bitbucket.Git.GetSourceLinkUrl" görevi
       "Microsoft.SourceLink.Bitbucket.Git.GetSourceLinkUrl" görevini yürütme tamamlandı.
   2:6>"RCLibrary.csproj" projesinde "_InitializeBitbucketGitSourceLinkUrl" hedefini oluşturma tamamlandı.
   2:6>"c:\Users\Muhammet\Documents\GitHub\Wonderland-Private-Server\RCLibrary\RCLibrary.csproj" projesinin "C:\Program Files\dotnet\sdk\9.0.308\Sdks\Microsoft.SourceLink.Bitbucket.Git\build\Microsoft.SourceLink.Bitbucket.Git.targets" dosyasındaki "_InitializeBitbucketGitSourceLinkUrl" hedefi ("_GenerateSourceLinkFile" hedefi buna bağımlı):
       "_InitializeBitbucketGitSourceLinkUrl" hedefi tam olarak oluşturuluyor.
       Giriş dosyası belirtilmedi.
       "Microsoft.SourceLink.Bitbucket.Git.GetSourceLinkUrl" görevi
       "Microsoft.SourceLink.Bitbucket.Git.GetSourceLinkUrl" görevini yürütme tamamlandı.
   2:6>"RCLibrary.csproj" projesinde "_InitializeBitbucketGitSourceLinkUrl" hedefini oluşturma tamamlandı.
   2:6>"c:\Users\Muhammet\Documents\GitHub\Wonderland-Private-Server\RCLibrary\RCLibrary.csproj" projesinin "C:\Program Files\dotnet\sdk\9.0.308\Sdks\Microsoft.SourceLink.Common\build\Microsoft.SourceLink.Common.targets" dosyasındaki "_GenerateSourceLinkFile" hedefi ("GenerateSourceLinkFile" hedefi buna bağımlı):
       "_GenerateSourceLinkFile" hedefi tam olarak oluşturuluyor.
       Giriş dosyası belirtilmedi.
       "C:\Program Files\dotnet\sdk\9.0.308\Sdks\Microsoft.SourceLink.Common\build\..\tools\net\Microsoft.SourceLink.Common.dll" derlemesindeki "Microsoft.SourceLink.Common.GenerateSourceLinkFile" görevi kullanılıyor.
       "Microsoft.SourceLink.Common.GenerateSourceLinkFile" görevi
         Derleme TaskRun (Microsoft.SourceLink.Common.GenerateSourceLinkFile) sırasında yüklendi: Microsoft.SourceLink.Common.resources, Version=9.0.11.11701, Culture=tr, PublicKeyToken=31bf3856ad364e35 (konum: C:\Program Files\dotnet\sdk\9.0.308\Sdks\Microsoft.SourceLink.Common\tools\net\tr\Microsoft.SourceLink.Common.resources.dll, MVID: 0ec91215-0af1-409c-add5-1104fbc93070, AssemblyLoadContext: MSBuild plugin C:\Program Files\dotnet\sdk\9.0.308\Sdks\Microsoft.SourceLink.Common\tools\net\Microsoft.SourceLink.Common.dll)
         'obj\Debug\net462\RCLibrary.sourcelink.json' Source Link dosyası güncel.
       "Microsoft.SourceLink.Common.GenerateSourceLinkFile" görevini yürütme tamamlandı.
   2:6>"RCLibrary.csproj" projesinde "_GenerateSourceLinkFile" hedefini oluşturma tamamlandı.
   2:6>"c:\Users\Muhammet\Documents\GitHub\Wonderland-Private-Server\RCLibrary\RCLibrary.csproj" projesinin "C:\Program Files\dotnet\sdk\9.0.308\Sdks\Microsoft.SourceLink.Common\build\Microsoft.SourceLink.Common.targets" dosyasındaki "GenerateSourceLinkFile" hedefi ("CoreCompile" hedefi buna bağımlı):
   2:6>"RCLibrary.csproj" projesinde "GenerateSourceLinkFile" hedefini oluşturma tamamlandı.
       Yanlış koşul nedeniyle "GenerateAssemblyInfo" hedefi atlandı; ('$(GenerateAssemblyInfo)' == 'true'), ('False' == 'true') olarak değerlendirildi.
       Yanlış koşul nedeniyle "GenerateGlobalUsings" hedefi atlandı; (@(Using->Count()) != 0), (0 != 0) olarak değerlendirildi.
       Yanlış koşul nedeniyle "CheckForDuplicatePageItems" hedefi atlandı; (('$(UseWPF)' == 'true') And ('$(_TargetFrameworkVersionValue)' != '$(_UndefinedTargetFrameworkVersion)') And ('$(_TargetFrameworkVersionValue)' >= '$(_WindowsDesktopSdkTargetFrameworkVersionFloor)')), (('' == 'true') And ('4.6.2' != '0.0') And ('4.6.2' >= '3.0')) olarak değerlendirildi.
   2:6>"c:\Users\Muhammet\Documents\GitHub\Wonderland-Private-Server\RCLibrary\RCLibrary.csproj" projesinin "C:\Program Files\dotnet\sdk\9.0.308\Sdks\Microsoft.NET.Sdk.WindowsDesktop\targets\Microsoft.WinFX.targets" dosyasındaki "RemoveDuplicateAnalyzers" hedefi ("CoreCompile" hedefi buna bağımlı):
   2:6>"RCLibrary.csproj" projesinde "RemoveDuplicateAnalyzers" hedefini oluşturma tamamlandı.
   2:6>"c:\Users\Muhammet\Documents\GitHub\Wonderland-Private-Server\RCLibrary\RCLibrary.csproj" projesinin "C:\Program Files\dotnet\sdk\9.0.308\Roslyn\Microsoft.CSharp.Core.targets" dosyasındaki "CoreCompile" hedefi ("Compile" hedefi buna bağımlı):
       Tüm çıkış dosyaları, giriş dosyalarına göre güncel durumda olduğundan "CoreCompile" hedefi atlanıyor.
       Giriş dosyaları: 
           Phoenix.Core.Controls\InputBox.cs
           Phoenix.Core.Controls\IUpdatableControl.cs
           Phoenix.Core.Controls\Popup_Notification_ProgressBar.cs
           Phoenix.Core.Exceptions.Message\Frame.cs
           Phoenix.Core.Networking.Web\WebServer.cs
           Phoenix.Core.Threading.Tasks\TaskManager.cs
           Phoenix.Core.Threading\CountdownTimer.cs
           Properties\AssemblyInfo.cs
           RCLibrary.Core.Networking\CanPing.cs
           RCLibrary.Core.Networking\IncomingPacket.cs
           RCLibrary.Core.Networking\IPacket.cs
           RCLibrary.Core.Networking\ISocket.cs
           RCLibrary.Core.Networking\OutgoingPacket.cs
           RCLibrary.Core.Networking\Packet.cs
           RCLibrary.Core.Networking\PacketBuilder.cs
           RCLibrary.Core.Networking\PacketFlags.cs
           RCLibrary.Core.Networking\SClient.cs
           RCLibrary.Core.Networking\TcpServer.cs
           RCLibrary.Core.Networking\UDPServer.cs
           RCLibrary.Core\CMDParameter.cs
           RCLibrary.Core\DataBase.cs
           RCLibrary.Core\DataBaseExt.cs
           RCLibrary.Core\DataBaseTypes.cs
           RCLibrary.Core\DBConnectInfo.cs
           RCLibrary.Core\DbParam.cs
           System.IO\Get.cs
           System.Net.Sockets\Client3.cs
           System.Threading\AsyncSemaphore.cs
           System.Threading\ThreadExt.cs
           System.Threading\ThreadManager.cs
           System\DebugItem.cs
           System\DebugItemType.cs
           System\DebugSystem.cs
           System\ExceptionData.cs
           System\ExceptionSeverity.cs
           System\ObjectExt.cs
           obj\Debug\net462\.NETFramework,Version=v4.6.2.AssemblyAttributes.cs
           C:\Users\Muhammet\.nuget\packages\bouncycastle.cryptography\2.3.1\lib\net461\BouncyCastle.Cryptography.dll
           C:\Users\Muhammet\.nuget\packages\google.protobuf\3.26.1\lib\net45\Google.Protobuf.dll
           C:\Users\Muhammet\.nuget\packages\k4os.compression.lz4\1.3.8\lib\net462\K4os.Compression.LZ4.dll
           C:\Users\Muhammet\.nuget\packages\k4os.compression.lz4.streams\1.3.8\lib\net462\K4os.Compression.LZ4.Streams.dll
           C:\Users\Muhammet\.nuget\packages\k4os.hash.xxhash\1.0.8\lib\net462\K4os.Hash.xxHash.dll
           C:\Users\Muhammet\.nuget\packages\microsoft.bcl.asyncinterfaces\5.0.0\lib\net461\Microsoft.Bcl.AsyncInterfaces.dll
           C:\Program Files %28x86%29\Reference Assemblies\Microsoft\Framework\.NETFramework\v4.6.2\mscorlib.dll
           C:\Users\Muhammet\.nuget\packages\mysql.data\9.1.0\lib\net462\MySql.Data.dll
           C:\Users\Muhammet\.nuget\packages\system.buffers\4.5.1\ref\net45\System.Buffers.dll
           C:\Users\Muhammet\.nuget\packages\system.configuration.configurationmanager\8.0.0\lib\net462\System.Configuration.ConfigurationManager.dll
           C:\Program Files %28x86%29\Reference Assemblies\Microsoft\Framework\.NETFramework\v4.6.2\System.Configuration.dll
           C:\Program Files %28x86%29\Reference Assemblies\Microsoft\Framework\.NETFramework\v4.6.2\System.Core.dll
           C:\Program Files %28x86%29\Reference Assemblies\Microsoft\Framework\.NETFramework\v4.6.2\System.Data.DataSetExtensions.dll
           C:\Program Files %28x86%29\Reference Assemblies\Microsoft\Framework\.NETFramework\v4.6.2\System.Data.dll
           c:\Users\Muhammet\Documents\GitHub\Wonderland-Private-Server\DLLS\System.Data.SQLite.dll
           C:\Users\Muhammet\.nuget\packages\system.diagnostics.diagnosticsource\8.0.1\lib\net462\System.Diagnostics.DiagnosticSource.dll
           C:\Program Files %28x86%29\Reference Assemblies\Microsoft\Framework\.NETFramework\v4.6.2\System.dll
           C:\Program Files %28x86%29\Reference Assemblies\Microsoft\Framework\.NETFramework\v4.6.2\System.Drawing.dll
           C:\Program Files %28x86%29\Reference Assemblies\Microsoft\Framework\.NETFramework\v4.6.2\System.IO.Compression.FileSystem.dll
           C:\Users\Muhammet\.nuget\packages\system.io.pipelines\5.0.2\lib\net461\System.IO.Pipelines.dll
           C:\Program Files %28x86%29\Reference Assemblies\Microsoft\Framework\.NETFramework\v4.6.2\System.Management.dll
           C:\Users\Muhammet\.nuget\packages\system.memory\4.5.5\lib\net461\System.Memory.dll
           C:\Program Files %28x86%29\Reference Assemblies\Microsoft\Framework\.NETFramework\v4.6.2\System.Numerics.dll
           C:\Users\Muhammet\.nuget\packages\system.numerics.vectors\4.5.0\ref\net46\System.Numerics.Vectors.dll
           C:\Users\Muhammet\.nuget\packages\system.runtime.compilerservices.unsafe\6.0.0\lib\net461\System.Runtime.CompilerServices.Unsafe.dll
           C:\Program Files %28x86%29\Reference Assemblies\Microsoft\Framework\.NETFramework\v4.6.2\System.Runtime.Serialization.dll
           C:\Users\Muhammet\.nuget\packages\system.threading.tasks.extensions\4.5.4\lib\net461\System.Threading.Tasks.Extensions.dll
           C:\Program Files %28x86%29\Reference Assemblies\Microsoft\Framework\.NETFramework\v4.6.2\System.Transactions.dll
           C:\Program Files %28x86%29\Reference Assemblies\Microsoft\Framework\.NETFramework\v4.6.2\System.Windows.Forms.dll
           C:\Program Files %28x86%29\Reference Assemblies\Microsoft\Framework\.NETFramework\v4.6.2\System.Xml.dll
           C:\Program Files %28x86%29\Reference Assemblies\Microsoft\Framework\.NETFramework\v4.6.2\System.Xml.Linq.dll
           C:\Users\Muhammet\.nuget\packages\zstdsharp.port\0.8.0\lib\net462\ZstdSharp.dll
           obj\Debug\net462\RCLibrary.csproj.CoreCompileInputs.cache
           obj\Debug\net462\RCLibrary.GeneratedMSBuildEditorConfig.editorconfig
           c:\Users\Muhammet\Documents\GitHub\Wonderland-Private-Server\RCLibrary\obj\RCLibrary.csproj.nuget.g.props
           C:\Program Files\dotnet\sdk\9.0.308\Current\Microsoft.Common.targets\ImportAfter\Microsoft.TestPlatform.ImportAfter.targets
           obj\Debug\net462\RCLibrary.sourcelink.json
       Çıkış dosyaları: 
           obj\Debug\net462\RCLibrary.dll
           obj\Debug\net462\RCLibrary.pdb
       C:\Program Files\dotnet\sdk\9.0.308\Roslyn\Microsoft.CSharp.Core.targets(66,7): message : Özellik yeniden ataması: $(NoWarn)="1701;1702;1701;1702" (önceki değer: "1701;1702") konum: C:\Program Files\dotnet\sdk\9.0.308\Roslyn\Microsoft.CSharp.Core.targets (66,7) [c:\Users\Muhammet\Documents\GitHub\Wonderland-Private-Server\RCLibrary\RCLibrary.csproj]
   2:6>"RCLibrary.csproj" projesinde "CoreCompile" hedefini oluşturma tamamlandı.
       Yanlış koşul nedeniyle "_TouchLastBuildWithSkipAnalyzers" hedefi atlandı; ('$(_SkipAnalyzers)' == 'true'), ('' == 'true') olarak değerlendirildi.
       Yanlış koşul nedeniyle "_TimeStampAfterCompile" hedefi atlandı; ('$(RunPostBuildEvent)'=='OnOutputUpdated' or ('$(RegisterForComInterop)'=='true' and '$(OutputType)'=='library')), (''=='OnOutputUpdated' or (''=='true' and 'Library'=='library')) olarak değerlendirildi.
   2:6>"c:\Users\Muhammet\Documents\GitHub\Wonderland-Private-Server\RCLibrary\RCLibrary.csproj" projesinin "C:\Program Files\dotnet\sdk\9.0.308\Microsoft.Common.CurrentVersion.targets" dosyasındaki "AfterCompile" hedefi ("Compile" hedefi buna bağımlı):
   2:6>"RCLibrary.csproj" projesinde "AfterCompile" hedefini oluşturma tamamlandı.
       Yanlış koşul nedeniyle "_CreateAppHost" hedefi atlandı; ('$(ComputeNETCoreBuildOutputFiles)' == 'true' and
                            '$(AppHostSourcePath)' != '' and
                            Exists('@(IntermediateAssembly)') and
                            Exists('$(AppHostSourcePath)')), ('' == 'true' and
                            '' != '' and
                            Exists('obj\Debug\net462\RCLibrary.dll') and
                            Exists('')) olarak değerlendirildi.
       Yanlış koşul nedeniyle "_CreateComHost" hedefi atlandı; ('$(ComputeNETCoreBuildOutputFiles)' == 'true' and
                            '$(ComHostIntermediatePath)' != '' and
                            Exists('@(IntermediateAssembly)') and
                            Exists('$(ComHostSourcePath)')), ('' == 'true' and
                            '' != '' and
                            Exists('obj\Debug\net462\RCLibrary.dll') and
                            Exists('')) olarak değerlendirildi.
       Yanlış koşul nedeniyle "_GetIjwHostPaths" hedefi atlandı; ('$(UseIJWHost)' == 'true'), ('' == 'true') olarak değerlendirildi.
       Yanlış koşul nedeniyle "PrepareResourcesForSatelliteAssemblies" hedefi atlandı; ('$(UICulture)' != ''), ('' != '') olarak değerlendirildi.
       Yanlış koşul nedeniyle "MergeLocalizationDirectives" hedefi atlandı; ('@(GeneratedLocalizationFiles)' !=''), ('' !='') olarak değerlendirildi.
   2:6>"c:\Users\Muhammet\Documents\GitHub\Wonderland-Private-Server\RCLibrary\RCLibrary.csproj" projesinin "C:\Program Files\dotnet\sdk\9.0.308\Sdks\Microsoft.NET.Sdk.WindowsDesktop\targets\Microsoft.WinFX.targets" dosyasındaki "AfterCompileWinFX" hedefi ("_AfterCompileWinFXInternal" hedefi buna bağımlı):
   2:6>"RCLibrary.csproj" projesinde "AfterCompileWinFX" hedefini oluşturma tamamlandı.
   2:6>"c:\Users\Muhammet\Documents\GitHub\Wonderland-Private-Server\RCLibrary\RCLibrary.csproj" projesinin "C:\Program Files\dotnet\sdk\9.0.308\Sdks\Microsoft.NET.Sdk.WindowsDesktop\targets\Microsoft.WinFX.targets" dosyasındaki "_AfterCompileWinFXInternal" hedefi ("Compile" hedefi buna bağımlı):
   2:6>"RCLibrary.csproj" projesinde "_AfterCompileWinFXInternal" hedefini oluşturma tamamlandı.
   2:6>"c:\Users\Muhammet\Documents\GitHub\Wonderland-Private-Server\RCLibrary\RCLibrary.csproj" projesinin "C:\Program Files\dotnet\sdk\9.0.308\Microsoft.Common.CurrentVersion.targets" dosyasındaki "Compile" hedefi ("CoreBuild" hedefi buna bağımlı):
   2:6>"RCLibrary.csproj" projesinde "Compile" hedefini oluşturma tamamlandı.
       Yanlış koşul nedeniyle "ExportWindowsMDFile" hedefi atlandı; ('$(ExportWinMDFile)' == 'true'), ('' == 'true') olarak değerlendirildi.
       Yanlış koşul nedeniyle "UnmanagedUnregistration" hedefi atlandı; ((('$(_AssemblyTimestampBeforeCompile)' != '$(_AssemblyTimestampAfterCompile)' or '$(RegisterForComInterop)' != 'true' or '$(OutputType)' != 'library') or
                           ('$(_AssemblyTimestampBeforeCompile)' == '')) and
                          Exists('@(_UnmanagedRegistrationCache)')), ((('' != '' or '' != 'true' or 'Library' != 'library') or
                           ('' == '')) and
                          Exists('obj\RCLibrary.csproj.UnmanagedRegistration.cache')) olarak değerlendirildi.
       Yanlış koşul nedeniyle "GenerateSerializationAssemblies" hedefi atlandı; ('$(_SGenGenerateSerializationAssembliesConfig)' == 'On' or ('@(WebReferenceUrl)'!='' and '$(_SGenGenerateSerializationAssembliesConfig)' == 'Auto')), ('Off' == 'On' or (''!='' and 'Off' == 'Auto')) olarak değerlendirildi.
   2:6>"c:\Users\Muhammet\Documents\GitHub\Wonderland-Private-Server\RCLibrary\RCLibrary.csproj" projesinin "C:\Program Files\dotnet\sdk\9.0.308\Microsoft.Common.CurrentVersion.targets" dosyasındaki "_GenerateSatelliteAssemblyInputs" hedefi ("CreateSatelliteAssemblies" hedefi buna bağımlı):
       Yanlış koşul nedeniyle "MSBuildInternalMessage" görevi atlandı; ('@(ManifestResourceWithCulture)'!='' and '%(ManifestResourceWithCulture.EmittedForCompatibilityOnly)'==''), (''!='' and ''=='') olarak değerlendirildi.
       Yanlış koşul nedeniyle "MSBuildInternalMessage" görevi atlandı; ('@(ManifestNonResxWithCultureOnDisk)'!='' and '%(ManifestNonResxWithCultureOnDisk.EmittedForCompatibilityOnly)'==''), (''!='' and ''=='') olarak değerlendirildi.
   2:6>"RCLibrary.csproj" projesinde "_GenerateSatelliteAssemblyInputs" hedefini oluşturma tamamlandı.
       Yanlış koşul nedeniyle "ComputeIntermediateSatelliteAssemblies" hedefi atlandı; (@(EmbeddedResource->'%(WithCulture)') != ''), ( != '') olarak değerlendirildi.
       Yanlış koşul nedeniyle "GenerateSatelliteAssemblies" hedefi atlandı; ('@(_SatelliteAssemblyResourceInputs)' != '' and '$(GenerateSatelliteAssembliesForCore)' != 'true'), ('' != '' and 'true' != 'true') olarak değerlendirildi.
       Yanlış koşul nedeniyle "CoreGenerateSatelliteAssemblies" hedefi atlandı; ('@(_SatelliteAssemblyResourceInputs)' != ''  and '$(GenerateSatelliteAssembliesForCore)' == 'true' ), ('' != ''  and 'true' == 'true' ) olarak değerlendirildi.
   2:6>"c:\Users\Muhammet\Documents\GitHub\Wonderland-Private-Server\RCLibrary\RCLibrary.csproj" projesinin "C:\Program Files\dotnet\sdk\9.0.308\Microsoft.Common.CurrentVersion.targets" dosyasındaki "CreateSatelliteAssemblies" hedefi ("CoreBuild" hedefi buna bağımlı):
   2:6>"RCLibrary.csproj" projesinde "CreateSatelliteAssemblies" hedefini oluşturma tamamlandı.
       Yanlış koşul nedeniyle "GenerateManifests" hedefi atlandı; ('$(GenerateClickOnceManifests)'=='true' or '@(NativeReference)'!='' or '@(ResolvedIsolatedComModules)'!='' or '$(GenerateAppxManifest)' == 'true'), (''=='true' or ''!='' or ''!='' or '' == 'true') olarak değerlendirildi.
   2:6>"c:\Users\Muhammet\Documents\GitHub\Wonderland-Private-Server\RCLibrary\RCLibrary.csproj" projesinin "C:\Program Files\dotnet\sdk\9.0.308\Microsoft.Common.CurrentVersion.targets" dosyasındaki "GetTargetPathWithTargetPlatformMoniker" hedefi ("GetTargetPath" hedefi buna bağımlı):
   2:6>"RCLibrary.csproj" projesinde "GetTargetPathWithTargetPlatformMoniker" hedefini oluşturma tamamlandı.
   2:6>"c:\Users\Muhammet\Documents\GitHub\Wonderland-Private-Server\RCLibrary\RCLibrary.csproj" projesinin "C:\Program Files\dotnet\sdk\9.0.308\Microsoft.Common.CurrentVersion.targets" dosyasındaki "GetTargetPath" hedefi ("CoreBuild" hedefi buna bağımlı):
   2:6>"RCLibrary.csproj" projesinde "GetTargetPath" hedefini oluşturma tamamlandı.
       Yanlış koşul nedeniyle "ComputeIntermediateSatelliteAssemblies" hedefi atlandı; (@(EmbeddedResource->'%(WithCulture)') != ''), ( != '') olarak değerlendirildi.
   2:6>"c:\Users\Muhammet\Documents\GitHub\Wonderland-Private-Server\RCLibrary\RCLibrary.csproj" projesinin "C:\Program Files\dotnet\sdk\9.0.308\Microsoft.Common.CurrentVersion.targets" dosyasındaki "_CopyFilesMarkedCopyLocal" hedefi ("CopyFilesToOutputDirectory" hedefi buna bağımlı):
       "Microsoft.Build.Tasks.Core, Version=15.1.0.0, Culture=neutral, PublicKeyToken=b03f5f7f11d50a3a" derlemesindeki "Copy" görevi kullanılıyor.
       "Copy" görevi
         Projede "SkipUnchangedFiles" parametresi "true" olarak ayarlandığından ve dosya boyutlarıyla zaman damgaları eşleştiğinden "C:\Users\Muhammet\.nuget\packages\bouncycastle.cryptography\2.3.1\lib\net461\BouncyCastle.Cryptography.dll" dosyasından "bin\Debug\net462\BouncyCastle.Cryptography.dll" dosyasına kopyalama işlemi gerçekleştirilmedi.
         Projede "SkipUnchangedFiles" parametresi "true" olarak ayarlandığından ve dosya boyutlarıyla zaman damgaları eşleştiğinden "C:\Users\Muhammet\.nuget\packages\k4os.compression.lz4\1.3.8\lib\net462\K4os.Compression.LZ4.dll" dosyasından "bin\Debug\net462\K4os.Compression.LZ4.dll" dosyasına kopyalama işlemi gerçekleştirilmedi.
         Projede "SkipUnchangedFiles" parametresi "true" olarak ayarlandığından ve dosya boyutlarıyla zaman damgaları eşleştiğinden "C:\Users\Muhammet\.nuget\packages\k4os.compression.lz4.streams\1.3.8\lib\net462\K4os.Compression.LZ4.Streams.dll" dosyasından "bin\Debug\net462\K4os.Compression.LZ4.Streams.dll" dosyasına kopyalama işlemi gerçekleştirilmedi.
         Projede "SkipUnchangedFiles" parametresi "true" olarak ayarlandığından ve dosya boyutlarıyla zaman damgaları eşleştiğinden "C:\Users\Muhammet\.nuget\packages\google.protobuf\3.26.1\lib\net45\Google.Protobuf.dll" dosyasından "bin\Debug\net462\Google.Protobuf.dll" dosyasına kopyalama işlemi gerçekleştirilmedi.
         Projede "SkipUnchangedFiles" parametresi "true" olarak ayarlandığından ve dosya boyutlarıyla zaman damgaları eşleştiğinden "C:\Users\Muhammet\.nuget\packages\microsoft.bcl.asyncinterfaces\5.0.0\lib\net461\Microsoft.Bcl.AsyncInterfaces.dll" dosyasından "bin\Debug\net462\Microsoft.Bcl.AsyncInterfaces.dll" dosyasına kopyalama işlemi gerçekleştirilmedi.
         Projede "SkipUnchangedFiles" parametresi "true" olarak ayarlandığından ve dosya boyutlarıyla zaman damgaları eşleştiğinden "C:\Users\Muhammet\.nuget\packages\mysql.data\9.1.0\lib\net462\MySql.Data.dll" dosyasından "bin\Debug\net462\MySql.Data.dll" dosyasına kopyalama işlemi gerçekleştirilmedi.
         Projede "SkipUnchangedFiles" parametresi "true" olarak ayarlandığından ve dosya boyutlarıyla zaman damgaları eşleştiğinden "C:\Users\Muhammet\.nuget\packages\system.diagnostics.diagnosticsource\8.0.1\lib\net462\System.Diagnostics.DiagnosticSource.dll" dosyasından "bin\Debug\net462\System.Diagnostics.DiagnosticSource.dll" dosyasına kopyalama işlemi gerçekleştirilmedi.
         Projede "SkipUnchangedFiles" parametresi "true" olarak ayarlandığından ve dosya boyutlarıyla zaman damgaları eşleştiğinden "C:\Users\Muhammet\.nuget\packages\system.buffers\4.5.1\lib\net461\System.Buffers.dll" dosyasından "bin\Debug\net462\System.Buffers.dll" dosyasına kopyalama işlemi gerçekleştirilmedi.
         Projede "SkipUnchangedFiles" parametresi "true" olarak ayarlandığından ve dosya boyutlarıyla zaman damgaları eşleştiğinden "C:\Users\Muhammet\.nuget\packages\system.io.pipelines\5.0.2\lib\net461\System.IO.Pipelines.dll" dosyasından "bin\Debug\net462\System.IO.Pipelines.dll" dosyasına kopyalama işlemi gerçekleştirilmedi.
         Projede "SkipUnchangedFiles" parametresi "true" olarak ayarlandığından ve dosya boyutlarıyla zaman damgaları eşleştiğinden "C:\Users\Muhammet\.nuget\packages\k4os.hash.xxhash\1.0.8\lib\net462\K4os.Hash.xxHash.dll" dosyasından "bin\Debug\net462\K4os.Hash.xxHash.dll" dosyasına kopyalama işlemi gerçekleştirilmedi.
         Projede "SkipUnchangedFiles" parametresi "true" olarak ayarlandığından ve dosya boyutlarıyla zaman damgaları eşleştiğinden "C:\Users\Muhammet\.nuget\packages\system.runtime.compilerservices.unsafe\6.0.0\lib\net461\System.Runtime.CompilerServices.Unsafe.dll" dosyasından "bin\Debug\net462\System.Runtime.CompilerServices.Unsafe.dll" dosyasına kopyalama işlemi gerçekleştirilmedi.
         Projede "SkipUnchangedFiles" parametresi "true" olarak ayarlandığından ve dosya boyutlarıyla zaman damgaları eşleştiğinden "C:\Users\Muhammet\.nuget\packages\system.numerics.vectors\4.5.0\lib\net46\System.Numerics.Vectors.dll" dosyasından "bin\Debug\net462\System.Numerics.Vectors.dll" dosyasına kopyalama işlemi gerçekleştirilmedi.
         Projede "SkipUnchangedFiles" parametresi "true" olarak ayarlandığından ve dosya boyutlarıyla zaman damgaları eşleştiğinden "c:\Users\Muhammet\Documents\GitHub\Wonderland-Private-Server\DLLS\System.Data.SQLite.dll" dosyasından "bin\Debug\net462\System.Data.SQLite.dll" dosyasına kopyalama işlemi gerçekleştirilmedi.
         Projede "SkipUnchangedFiles" parametresi "true" olarak ayarlandığından ve dosya boyutlarıyla zaman damgaları eşleştiğinden "C:\Users\Muhammet\.nuget\packages\system.threading.tasks.extensions\4.5.4\lib\net461\System.Threading.Tasks.Extensions.dll" dosyasından "bin\Debug\net462\System.Threading.Tasks.Extensions.dll" dosyasına kopyalama işlemi gerçekleştirilmedi.
         Projede "SkipUnchangedFiles" parametresi "true" olarak ayarlandığından ve dosya boyutlarıyla zaman damgaları eşleştiğinden "C:\Users\Muhammet\.nuget\packages\zstdsharp.port\0.8.0\lib\net462\ZstdSharp.dll" dosyasından "bin\Debug\net462\ZstdSharp.dll" dosyasına kopyalama işlemi gerçekleştirilmedi.
         Projede "SkipUnchangedFiles" parametresi "true" olarak ayarlandığından ve dosya boyutlarıyla zaman damgaları eşleştiğinden "C:\Users\Muhammet\.nuget\packages\system.configuration.configurationmanager\8.0.0\lib\net462\System.Configuration.ConfigurationManager.dll" dosyasından "bin\Debug\net462\System.Configuration.ConfigurationManager.dll" dosyasına kopyalama işlemi gerçekleştirilmedi.
         Projede "SkipUnchangedFiles" parametresi "true" olarak ayarlandığından ve dosya boyutlarıyla zaman damgaları eşleştiğinden "C:\Users\Muhammet\.nuget\packages\system.memory\4.5.5\lib\net461\System.Memory.dll" dosyasından "bin\Debug\net462\System.Memory.dll" dosyasına kopyalama işlemi gerçekleştirilmedi.
       "Copy" görevini yürütme tamamlandı.
       Yanlış koşul nedeniyle "Touch" görevi atlandı; ('@(ReferencesCopiedInThisBuild)' != '' and '$(WroteAtLeastOneFile)' == 'true'), ('bin\Debug\net462\BouncyCastle.Cryptography.dll;bin\Debug\net462\Google.Protobuf.dll;bin\Debug\net462\K4os.Compression.LZ4.dll;...' != '' and 'False' == 'true') olarak değerlendirildi.
   2:6>"RCLibrary.csproj" projesinde "_CopyFilesMarkedCopyLocal" hedefini oluşturma tamamlandı.
       "AssignTargetPaths" hedefi atlandı. Önceden başarılı bir şekilde derlenmişti.
       Yanlış koşul nedeniyle "AssignProjectConfiguration" hedefi atlandı; ('$(CurrentSolutionConfigurationContents)' != '' or '@(ProjectReference)'!=''), ('' != '' or ''!='') olarak değerlendirildi.
       "_SplitProjectReferencesByFileExistence" hedefi atlandı. Önceden başarılı bir şekilde derlenmişti.
       "_GetProjectReferenceTargetFrameworkProperties" hedefi atlandı. Önceden başarılı bir şekilde derlenmişti.
   2:6>"c:\Users\Muhammet\Documents\GitHub\Wonderland-Private-Server\RCLibrary\RCLibrary.csproj" projesinin "C:\Program Files\dotnet\sdk\9.0.308\Microsoft.Common.CurrentVersion.targets" dosyasındaki "_PopulateCommonStateForGetCopyToOutputDirectoryItems" hedefi ("GetCopyToOutputDirectoryItems" hedefi buna bağımlı):
   2:6>"RCLibrary.csproj" projesinde "_PopulateCommonStateForGetCopyToOutputDirectoryItems" hedefini oluşturma tamamlandı.
       Yanlış koşul nedeniyle "AddDepsJsonAndRuntimeConfigToCopyItemsForReferencingProjects" hedefi atlandı; ('$(HasRuntimeOutput)' == 'true'), ('' == 'true') olarak değerlendirildi.
   2:6>"c:\Users\Muhammet\Documents\GitHub\Wonderland-Private-Server\RCLibrary\RCLibrary.csproj" projesinin "C:\Program Files\dotnet\sdk\9.0.308\Microsoft.Common.CurrentVersion.targets" dosyasındaki "GetCopyToOutputDirectoryItems" hedefi ("_CopySourceItemsToOutputDirectory" hedefi buna bağımlı):
       "Microsoft.Build.Tasks.Core, Version=15.1.0.0, Culture=neutral, PublicKeyToken=b03f5f7f11d50a3a" derlemesindeki "CallTarget" görevi kullanılıyor.
       "CallTarget" görevi
       "_PopulateCommonStateForGetCopyToOutputDirectoryItems" hedefi atlandı. Önceden başarılı bir şekilde derlenmişti.
       "_AddOutputPathToGlobalPropertiesToRemove" hedefi atlandı. Önceden başarılı bir şekilde derlenmişti.
   2:6>"c:\Users\Muhammet\Documents\GitHub\Wonderland-Private-Server\RCLibrary\RCLibrary.csproj" projesinin "C:\Program Files\dotnet\sdk\9.0.308\Microsoft.Common.CurrentVersion.targets" dosyasındaki "_GetCopyToOutputDirectoryItemsFromTransitiveProjectReferences" hedefi ("GetCopyToOutputDirectoryItems" hedefi buna bağımlı):
       Yanlış koşul nedeniyle "MSBuild" görevi atlandı; ('@(_MSBuildProjectReferenceExistent)' != '' and '$(_GetChildProjectCopyToOutputDirectoryItems)' == 'true' and '%(_MSBuildProjectReferenceExistent.Private)' != 'false' and '$(UseCommonOutputDirectory)' != 'true'), ('' != '' and 'true' == 'true' and '' != 'false' and 'false' != 'true') olarak değerlendirildi.
       "AssignTargetPath" görevi
       "AssignTargetPath" görevini yürütme tamamlandı.
   2:6>"RCLibrary.csproj" projesinde "_GetCopyToOutputDirectoryItemsFromTransitiveProjectReferences" hedefini oluşturma tamamlandı.
       "CallTarget" görevini yürütme tamamlandı.
       "CallTarget" görevi
       "AssignTargetPaths" hedefi atlandı. Önceden başarılı bir şekilde derlenmişti.
       "_PopulateCommonStateForGetCopyToOutputDirectoryItems" hedefi atlandı. Önceden başarılı bir şekilde derlenmişti.
       Yanlış koşul nedeniyle "AddDepsJsonAndRuntimeConfigToCopyItemsForReferencingProjects" hedefi atlandı; ('$(HasRuntimeOutput)' == 'true'), ('' == 'true') olarak değerlendirildi.
   2:6>"c:\Users\Muhammet\Documents\GitHub\Wonderland-Private-Server\RCLibrary\RCLibrary.csproj" projesinin "C:\Program Files\dotnet\sdk\9.0.308\Microsoft.Common.CurrentVersion.targets" dosyasındaki "_GetCopyToOutputDirectoryItemsFromThisProject" hedefi ("GetCopyToOutputDirectoryItems" hedefi buna bağımlı):
       "AssignTargetPath" görevi
       "AssignTargetPath" görevini yürütme tamamlandı.
   2:6>"RCLibrary.csproj" projesinde "_GetCopyToOutputDirectoryItemsFromThisProject" hedefini oluşturma tamamlandı.
       "CallTarget" görevini yürütme tamamlandı.
   2:6>"RCLibrary.csproj" projesinde "GetCopyToOutputDirectoryItems" hedefini oluşturma tamamlandı.
       Yanlış koşul nedeniyle "_CopyOutOfDateSourceItemsToOutputDirectory" hedefi atlandı; ( '@(_SourceItemsToCopyToOutputDirectory)' != '' ), ( '' != '' ) olarak değerlendirildi.
       Yanlış koşul nedeniyle "_CopyOutOfDateSourceItemsToOutputDirectoryAlways" hedefi atlandı; ( '@(_SourceItemsToCopyToOutputDirectoryAlways)' != '' ), ( '' != '' ) olarak değerlendirildi.
       Yanlış koşul nedeniyle "_CopyDifferingSourceItemsToOutputDirectory" hedefi atlandı; ( '@(_SourceItemsToCopyToOutputDirectoryIfDifferent)' != '' ), ( '' != '' ) olarak değerlendirildi.
   2:6>"c:\Users\Muhammet\Documents\GitHub\Wonderland-Private-Server\RCLibrary\RCLibrary.csproj" projesinin "C:\Program Files\dotnet\sdk\9.0.308\Microsoft.Common.CurrentVersion.targets" dosyasındaki "_CopySourceItemsToOutputDirectory" hedefi ("CopyFilesToOutputDirectory" hedefi buna bağımlı):
   2:6>"RCLibrary.csproj" projesinde "_CopySourceItemsToOutputDirectory" hedefini oluşturma tamamlandı.
       Yanlış koşul nedeniyle "_CopyAppConfigFile" hedefi atlandı; ( '@(AppConfigWithTargetPath)' != '' ), ( '' != '' ) olarak değerlendirildi.
       Yanlış koşul nedeniyle "_CopyManifestFiles" hedefi atlandı; ( '$(_DeploymentCopyApplicationManifest)'=='true' or '$(GenerateClickOnceManifests)'=='true' ), ( ''=='true' or ''=='true' ) olarak değerlendirildi.
   2:6>"c:\Users\Muhammet\Documents\GitHub\Wonderland-Private-Server\RCLibrary\RCLibrary.csproj" projesinin "C:\Program Files\dotnet\sdk\9.0.308\Microsoft.Common.CurrentVersion.targets" dosyasındaki "_CheckForCompileOutputs" hedefi ("CopyFilesToOutputDirectory" hedefi buna bağımlı):
   2:6>"RCLibrary.csproj" projesinde "_CheckForCompileOutputs" hedefini oluşturma tamamlandı.
       Yanlış koşul nedeniyle "_SGenCheckForOutputs" hedefi atlandı; ('$(_SGenGenerateSerializationAssembliesConfig)' == 'On' or ('@(WebReferenceUrl)'!='' and '$(_SGenGenerateSerializationAssembliesConfig)' == 'Auto')), ('Off' == 'On' or (''!='' and 'Off' == 'Auto')) olarak değerlendirildi.
       Yanlış koşul nedeniyle "GenerateBuildDependencyFile" hedefi atlandı; ('$(GenerateDependencyFile)' == 'true'), ('' == 'true') olarak değerlendirildi.
       Yanlış koşul nedeniyle "ComputeDependencyFileCompilerOptions" hedefi atlandı; ('$(PreserveCompilationContext)' == 'true'), ('' == 'true') olarak değerlendirildi.
       Yanlış koşul nedeniyle "GenerateBuildRuntimeConfigurationFiles" hedefi atlandı; ( '$(GenerateRuntimeConfigurationFiles)' == 'true'), ( '' == 'true') olarak değerlendirildi.
       Yanlış koşul nedeniyle "GenerateShimsAssets" hedefi atlandı; ('$(PackAsTool)' == 'true' and $(PackAsToolShimRuntimeIdentifiers) != '' ), ('' == 'true' and  != '' ) olarak değerlendirildi.
   2:6>"c:\Users\Muhammet\Documents\GitHub\Wonderland-Private-Server\RCLibrary\RCLibrary.csproj" projesinin "C:\Program Files\dotnet\sdk\9.0.308\Microsoft.Common.CurrentVersion.targets" dosyasındaki "CopyFilesToOutputDirectory" hedefi ("PrepareForRun" hedefi buna bağımlı):
       "Copy" görevi
         Projede "SkipUnchangedFiles" parametresi "true" olarak ayarlandığından ve dosya boyutlarıyla zaman damgaları eşleştiğinden "obj\Debug\net462\RCLibrary.dll" dosyasından "bin\Debug\net462\RCLibrary.dll" dosyasına kopyalama işlemi gerçekleştirilmedi.
       "Copy" görevini yürütme tamamlandı.
       Yanlış koşul nedeniyle "CopyRefAssembly" görevi atlandı; ('$(ProduceReferenceAssembly)' == 'true' and '$(CopyBuildOutputToOutputDirectory)' == 'true' and '$(SkipCopyBuildProduct)' != 'true'), ('false' == 'true' and 'true' == 'true' and '' != 'true') olarak değerlendirildi.
       "Message" görevi
         RCLibrary -> c:\Users\Muhammet\Documents\GitHub\Wonderland-Private-Server\RCLibrary\bin\Debug\net462\RCLibrary.dll
       "Message" görevini yürütme tamamlandı.
       Yanlış koşul nedeniyle "Copy" görevi atlandı; ('@(AddModules)' != ''), ('' != '') olarak değerlendirildi.
       Yanlış koşul nedeniyle "Copy" görevi atlandı; ('$(_SGenDllCreated)'=='true'), ('false'=='true') olarak değerlendirildi.
       "Copy" görevi
         Projede "SkipUnchangedFiles" parametresi "true" olarak ayarlandığından ve dosya boyutlarıyla zaman damgaları eşleştiğinden "obj\Debug\net462\RCLibrary.pdb" dosyasından "bin\Debug\net462\RCLibrary.pdb" dosyasına kopyalama işlemi gerçekleştirilmedi.
       "Copy" görevini yürütme tamamlandı.
       Yanlış koşul nedeniyle "Copy" görevi atlandı; ('$(_DocumentationFileProduced)'=='true' and '$(CopyDocumentationFileToOutputDirectory)'=='true'), ('false'=='true' and 'true'=='true') olarak değerlendirildi.
       Yanlış koşul nedeniyle "Copy" görevi atlandı; ('@(IntermediateSatelliteAssembliesWithTargetPath)' != ''), ('' != '') olarak değerlendirildi.
       Yanlış koşul nedeniyle "Copy" görevi atlandı; ('@(ReferenceComWrappersToCopyLocal)' != '' or '@(ResolvedIsolatedComModules)' != '' or '@(_DeploymentLooseManifestFile)' != '' or '@(NativeReferenceFile)' != '' ), ('' != '' or '' != '' or '' != '' or '' != '' ) olarak değerlendirildi.
       Yanlış koşul nedeniyle "Copy" görevi atlandı; ('$(SkipCopyWinMDArtifact)' != 'true' and '@(WinMDExpArtifacts)' != ''), ('' != 'true' and '' != '') olarak değerlendirildi.
       Yanlış koşul nedeniyle "Message" görevi atlandı; ('$(SkipCopyWinMDArtifact)' != 'true' and '$(_WindowsMetadataOutputPath)' != ''), ('' != 'true' and '' != '') olarak değerlendirildi.
   2:6>"RCLibrary.csproj" projesinde "CopyFilesToOutputDirectory" hedefini oluşturma tamamlandı.
       Yanlış koşul nedeniyle "_CopyReferenceOnlyAssembliesForBuild" hedefi atlandı; ('$(PreserveCompilationReferences)' == 'true'), ('' == 'true') olarak değerlendirildi.
   2:6>"c:\Users\Muhammet\Documents\GitHub\Wonderland-Private-Server\RCLibrary\RCLibrary.csproj" projesinin "C:\Program Files\dotnet\sdk\9.0.308\Microsoft.Common.CurrentVersion.targets" dosyasındaki "PrepareForRun" hedefi ("CoreBuild" hedefi buna bağımlı):
   2:6>"RCLibrary.csproj" projesinde "PrepareForRun" hedefini oluşturma tamamlandı.
       Yanlış koşul nedeniyle "UnmanagedRegistration" hedefi atlandı; ('$(RegisterForComInterop)'=='true' and '$(OutputType)'=='library'), (''=='true' and 'Library'=='library') olarak değerlendirildi.
       "_CheckForCompileOutputs" hedefi atlandı. Önceden başarılı bir şekilde derlenmişti.
       Yanlış koşul nedeniyle "_SGenCheckForOutputs" hedefi atlandı; ('$(_SGenGenerateSerializationAssembliesConfig)' == 'On' or ('@(WebReferenceUrl)'!='' and '$(_SGenGenerateSerializationAssembliesConfig)' == 'Auto')), ('Off' == 'On' or (''!='' and 'Off' == 'Auto')) olarak değerlendirildi.
   2:6>"c:\Users\Muhammet\Documents\GitHub\Wonderland-Private-Server\RCLibrary\RCLibrary.csproj" projesinin "C:\Program Files\dotnet\sdk\9.0.308\Microsoft.Common.CurrentVersion.targets" dosyasındaki "_CleanGetCurrentAndPriorFileWrites" hedefi ("IncrementalClean" hedefi buna bağımlı):
       "Microsoft.Build.Tasks.Core, Version=15.1.0.0, Culture=neutral, PublicKeyToken=b03f5f7f11d50a3a" derlemesindeki "ReadLinesFromFile" görevi kullanılıyor.
       "ReadLinesFromFile" görevi
       "ReadLinesFromFile" görevini yürütme tamamlandı.
       "ConvertToAbsolutePath" görevi
       "ConvertToAbsolutePath" görevini yürütme tamamlandı.
       "Microsoft.Build.Tasks.Core, Version=15.1.0.0, Culture=neutral, PublicKeyToken=b03f5f7f11d50a3a" derlemesindeki "FindUnderPath" görevi kullanılıyor.
       "FindUnderPath" görevi
         Karşılaştırma yolu: "c:\Users\Muhammet\Documents\GitHub\Wonderland-Private-Server\RCLibrary".
       "FindUnderPath" görevini yürütme tamamlandı.
       "FindUnderPath" görevi
         Karşılaştırma yolu: "bin\Debug\net462\".
       "FindUnderPath" görevini yürütme tamamlandı.
       "FindUnderPath" görevi
         Karşılaştırma yolu: "obj\Debug\net462\".
       "FindUnderPath" görevini yürütme tamamlandı.
       "RemoveDuplicates" görevi
       "RemoveDuplicates" görevini yürütme tamamlandı.
   2:6>"RCLibrary.csproj" projesinde "_CleanGetCurrentAndPriorFileWrites" hedefini oluşturma tamamlandı.
   2:6>"c:\Users\Muhammet\Documents\GitHub\Wonderland-Private-Server\RCLibrary\RCLibrary.csproj" projesinin "C:\Program Files\dotnet\sdk\9.0.308\Microsoft.Common.CurrentVersion.targets" dosyasındaki "IncrementalClean" hedefi ("CoreBuild" hedefi buna bağımlı):
       "FindUnderPath" görevi
         Karşılaştırma yolu: "bin\Debug\net462\".
       "FindUnderPath" görevini yürütme tamamlandı.
       "FindUnderPath" görevi
         Karşılaştırma yolu: "obj\Debug\net462\".
       "FindUnderPath" görevini yürütme tamamlandı.
       "Microsoft.Build.Tasks.Core, Version=15.1.0.0, Culture=neutral, PublicKeyToken=b03f5f7f11d50a3a" derlemesindeki "Delete" görevi kullanılıyor.
       "Delete" görevi
       "Delete" görevini yürütme tamamlandı.
       "RemoveDuplicates" görevi
       "RemoveDuplicates" görevini yürütme tamamlandı.
       Yanlış koşul nedeniyle "WriteLinesToFile" görevi atlandı; ('@(_CleanUnfilteredPriorFileWrites)'!='@(_CleanUniqueRemainingFileWritesAfterIncrementalClean)'), ('c:\Users\Muhammet\Documents\GitHub\Wonderland-Private-Server\RCLibrary\bin\Debug\net462\RCLibrary.dll;c:\Users\Muhammet\Documents\GitHub\Wonderland-Private-Server\RCLibrary\bin\Debug\net462\RCLibrary.pdb;c:\Users\Muhammet\Documents\GitHub\Wonderland-Private-Server\RCLibrary\bin\Debug\net462\BouncyCastle.Cryptography.dll;...'!='c:\Users\Muhammet\Documents\GitHub\Wonderland-Private-Server\RCLibrary\bin\Debug\net462\RCLibrary.dll;c:\Users\Muhammet\Documents\GitHub\Wonderland-Private-Server\RCLibrary\bin\Debug\net462\RCLibrary.pdb;c:\Users\Muhammet\Documents\GitHub\Wonderland-Private-Server\RCLibrary\bin\Debug\net462\BouncyCastle.Cryptography.dll;...') olarak değerlendirildi.
   2:6>"RCLibrary.csproj" projesinde "IncrementalClean" hedefini oluşturma tamamlandı.
       Yanlış koşul nedeniyle "PostBuildEvent" hedefi atlandı; ('$(PostBuildEvent)' != '' and ('$(RunPostBuildEvent)' != 'OnOutputUpdated' or '$(_AssemblyTimestampBeforeCompile)' != '$(_AssemblyTimestampAfterCompile)')), ('' != '' and ('' != 'OnOutputUpdated' or '' != '')) olarak değerlendirildi.
       Yanlış koşul nedeniyle "GenerateBuildDependencyFile" hedefi atlandı; ('$(GenerateDependencyFile)' == 'true'), ('' == 'true') olarak değerlendirildi.
       Yanlış koşul nedeniyle "ComputeDependencyFileCompilerOptions" hedefi atlandı; ('$(PreserveCompilationContext)' == 'true'), ('' == 'true') olarak değerlendirildi.
       Yanlış koşul nedeniyle "GenerateBuildRuntimeConfigurationFiles" hedefi atlandı; ( '$(GenerateRuntimeConfigurationFiles)' == 'true'), ( '' == 'true') olarak değerlendirildi.
   2:6>"c:\Users\Muhammet\Documents\GitHub\Wonderland-Private-Server\RCLibrary\RCLibrary.csproj" projesinin "C:\Program Files\dotnet\sdk\9.0.308\Microsoft.Common.CurrentVersion.targets" dosyasındaki "CoreBuild" hedefi ("Build" hedefi buna bağımlı):
   2:6>"RCLibrary.csproj" projesinde "CoreBuild" hedefini oluşturma tamamlandı.
   2:6>"c:\Users\Muhammet\Documents\GitHub\Wonderland-Private-Server\RCLibrary\RCLibrary.csproj" projesinin "C:\Program Files\dotnet\sdk\9.0.308\Microsoft.Common.CurrentVersion.targets" dosyasındaki "AfterBuild" hedefi ("Build" hedefi buna bağımlı):
   2:6>"RCLibrary.csproj" projesinde "AfterBuild" hedefini oluşturma tamamlandı.
       Yanlış koşul nedeniyle "_CheckBrowserWorkloadNeededButNotAvailable" hedefi atlandı; ('$(RuntimeIdentifier)' == 'browser-wasm' and '$(_BrowserWorkloadDisabled)' != 'true' and '$(WasmNativeWorkloadAvailable)' != 'true'), ('' == 'browser-wasm' and '' != 'true' and '' != 'true') olarak değerlendirildi.
       Yanlış koşul nedeniyle "_ErrorWorkloadDisabledForTFMLessThan6" hedefi atlandı; ('$(_BrowserWorkloadNotSupportedForTFM)' == 'true'), ('' == 'true') olarak değerlendirildi.
       Yanlış koşul nedeniyle "_ErrorDualWasmThreadPropsOn7" hedefi atlandı; ('$(TargetsNet7)' == 'true' and '$(RuntimeIdentifier)' == 'browser-wasm' and
           '$(BrowserWorkloadDisabled)' != 'true' and '$(WasmEnableThreads)' == 'true' and '$(WasmEnablePerfTrace)' == 'true'), ('' == 'true' and '' == 'browser-wasm' and
           '' != 'true' and '' == 'true' and '' == 'true') olarak değerlendirildi.
       "_CheckForInvalidConfigurationAndPlatform" hedefi atlandı. Önceden başarılı bir şekilde derlenmişti.
       "_CheckForInvalidConfigurationAndPlatform" hedefi atlandı. Önceden başarılı bir şekilde derlenmişti.
   2:6>"c:\Users\Muhammet\Documents\GitHub\Wonderland-Private-Server\RCLibrary\RCLibrary.csproj" projesinin "C:\Program Files\dotnet\sdk\9.0.308\Microsoft.Common.CurrentVersion.targets" dosyasındaki "Build" hedefi (giriş noktası):
   2:6>"RCLibrary.csproj" projesinde "Build" hedefini oluşturma tamamlandı.
       Yanlış koşul nedeniyle "_PackAsBuildAfterTarget" hedefi atlandı; ('$(GeneratePackageOnBuild)' == 'true' AND '$(IsInnerBuild)' != 'true'), ('false' == 'true' AND '' != 'true') olarak değerlendirildi.
   2:6>"c:\Users\Muhammet\Documents\GitHub\Wonderland-Private-Server\RCLibrary\RCLibrary.csproj" projesinin "C:\Program Files\dotnet\sdk\9.0.308\Containers\build\Microsoft.NET.Build.Containers.targets" dosyasındaki "_CheckContainersPackage" hedefi (giriş noktası):
       Yanlış koşul nedeniyle "Warning" görevi atlandı; ($(_ContainerPackageIsPresent)
               and (
                 ($(_SdkCanPublishWeb) and $(_IsWebProject)) or
                 ($(_SdkCanPublishWorker) and $(_IsWorkerProject)) or
                 ($(_SdkCanPublishConsole) and '$(EnableSdkContainerSupport)' == 'true')
               )), (false
               and (
                 (True and false) or
                 (True and false) or
                 (True and '' == 'true')
               )) olarak değerlendirildi.
   2:6>"RCLibrary.csproj" projesinde "_CheckContainersPackage" hedefini oluşturma tamamlandı.
   2:6>"c:\Users\Muhammet\Documents\GitHub\Wonderland-Private-Server\RCLibrary\RCLibrary.csproj" Projesini Oluşturma İşlemi Tamamlandı (varsayılan hedefler).
   1:7>"MSBuild" görevini yürütme tamamlandı.
       "MSBuild" görevi
         "..\PhoenixData\PhoenixData.csproj" projesinin Özellikleri kaldırılıyor:
           TargetFramework
           RuntimeIdentifier
           SelfContained
         "..\RCLibrary\RCLibrary.csproj" projesinin Özellikleri kaldırılıyor:
           TargetFramework
           RuntimeIdentifier
           SelfContained
   1:7>"c:\Users\Muhammet\Documents\GitHub\Wonderland-Private-Server\wlo.pserver.core\wlo.pserver.core.csproj" projesi (1:7) 1 düğümünde "c:\Users\Muhammet\Documents\GitHub\Wonderland-Private-Server\RCLibrary\RCLibrary.csproj" (2:7) oluşturuyor (GetNativeManifest hedef).
   2:7>"c:\Users\Muhammet\Documents\GitHub\Wonderland-Private-Server\RCLibrary\RCLibrary.csproj" projesinin "C:\Program Files\dotnet\sdk\9.0.308\Microsoft.Common.CurrentVersion.targets" dosyasındaki "GetNativeManifest" hedefi (giriş noktası):
   2:7>"RCLibrary.csproj" projesinde "GetNativeManifest" hedefini oluşturma tamamlandı.
   2:7>"c:\Users\Muhammet\Documents\GitHub\Wonderland-Private-Server\RCLibrary\RCLibrary.csproj" Projesini Oluşturma İşlemi Tamamlandı (GetNativeManifest hedef).
   1:7>"c:\Users\Muhammet\Documents\GitHub\Wonderland-Private-Server\wlo.pserver.core\wlo.pserver.core.csproj" projesi (1:7) 2 düğümünde "c:\Users\Muhammet\Documents\GitHub\Wonderland-Private-Server\PhoenixData\PhoenixData.csproj" (3:7) oluşturuyor (GetNativeManifest hedef).
   3:7>"c:\Users\Muhammet\Documents\GitHub\Wonderland-Private-Server\PhoenixData\PhoenixData.csproj" projesinin "C:\Program Files\dotnet\sdk\9.0.308\Microsoft.Common.CurrentVersion.targets" dosyasındaki "GetNativeManifest" hedefi (giriş noktası):
   3:7>"PhoenixData.csproj" projesinde "GetNativeManifest" hedefini oluşturma tamamlandı.
   3:7>"c:\Users\Muhammet\Documents\GitHub\Wonderland-Private-Server\PhoenixData\PhoenixData.csproj" Projesini Oluşturma İşlemi Tamamlandı (GetNativeManifest hedef).
   1:7>"MSBuild" görevini yürütme tamamlandı.
       Yanlış koşul nedeniyle "MSBuildInternalMessage" görevi atlandı; ('$(_NonExistentProjectReferenceSeverity)' != ''), ('' != '') olarak değerlendirildi.
   1:7>"wlo.pserver.core.csproj" projesinde "ResolveProjectReferences" hedefini oluşturma tamamlandı.
       Yanlış koşul nedeniyle "FindInvalidProjectReferences" hedefi atlandı; ('$(FindInvalidProjectReferences)' == 'true'), ('' == 'true') olarak değerlendirildi.
       Yanlış koşul nedeniyle "ResolveNativeReferences" hedefi atlandı; ('@(NativeReference)'!=''), (''!='') olarak değerlendirildi.
       "ResolveProjectReferences" hedefi atlandı. Önceden başarılı bir şekilde derlenmişti.
       Yanlış koşul nedeniyle "FindInvalidProjectReferences" hedefi atlandı; ('$(FindInvalidProjectReferences)' == 'true'), ('' == 'true') olarak değerlendirildi.
       "GetFrameworkPaths" hedefi atlandı. Önceden başarılı bir şekilde derlenmişti.
       "GetReferenceAssemblyPaths" hedefi atlandı. Önceden başarılı bir şekilde derlenmişti.
       "PrepareForBuild" hedefi atlandı. Önceden başarılı bir şekilde derlenmişti.
       Yanlış koşul nedeniyle "GetInstalledSDKLocations" hedefi atlandı; ('@(SDKReference)' != ''), ('' != '') olarak değerlendirildi.
   1:7>"c:\Users\Muhammet\Documents\GitHub\Wonderland-Private-Server\wlo.pserver.core\wlo.pserver.core.csproj" projesinin "C:\Program Files\dotnet\sdk\9.0.308\Microsoft.Common.CurrentVersion.targets" dosyasındaki "ResolveSDKReferences" hedefi ("ResolveAssemblyReferences" hedefi buna bağımlı):
       Yanlış koşul nedeniyle "ResolveSDKReference" görevi atlandı; ('@(SDKReference)'!=''), (''!='') olarak değerlendirildi.
   1:7>"wlo.pserver.core.csproj" projesinde "ResolveSDKReferences" hedefini oluşturma tamamlandı.
       "ResolveSDKReferences" hedefi atlandı. Önceden başarılı bir şekilde derlenmişti.
   1:7>"c:\Users\Muhammet\Documents\GitHub\Wonderland-Private-Server\wlo.pserver.core\wlo.pserver.core.csproj" projesinin "C:\Program Files\dotnet\sdk\9.0.308\Microsoft.Common.CurrentVersion.targets" dosyasındaki "ExpandSDKReferences" hedefi ("ResolveAssemblyReferences" hedefi buna bağımlı):
       Yanlış koşul nedeniyle "GetSDKReferenceFiles" görevi atlandı; ('@(ResolvedSDKReference)'!=''), (''!='') olarak değerlendirildi.
   1:7>"wlo.pserver.core.csproj" projesinde "ExpandSDKReferences" hedefini oluşturma tamamlandı.
   1:7>"c:\Users\Muhammet\Documents\GitHub\Wonderland-Private-Server\wlo.pserver.core\wlo.pserver.core.csproj" projesinin "C:\Program Files\dotnet\sdk\9.0.308\Microsoft\Microsoft.NET.Build.Extensions\Microsoft.NET.Build.Extensions.NETFramework.targets" dosyasındaki "ImplicitlyExpandNETStandardFacades" hedefi ("ResolveAssemblyReferences" hedefi buna bağımlı):
       "C:\Program Files\dotnet\sdk\9.0.308\Microsoft\Microsoft.NET.Build.Extensions\\tools\net9.0\Microsoft.NET.Build.Extensions.Tasks.dll" derlemesindeki "GetDependsOnNETStandard" görevi kullanılıyor.
       "GetDependsOnNETStandard" görevi
       "GetDependsOnNETStandard" görevini yürütme tamamlandı.
       Yanlış koşul nedeniyle "NETBuildExtensionsError" görevi atlandı; ('$(DependsOnNETStandard)' == 'true' AND '$(NETStandardInbox)' != 'true' AND '$(_UsingOldSDK)' == 'true'), ('False' == 'true' AND '' != 'true' AND '' == 'true') olarak değerlendirildi.
       Yanlış koşul nedeniyle "AddFacadesToReferences" görevi atlandı; ('@(_NETStandardLibraryNETFrameworkLib)' != ''), ('' != '') olarak değerlendirildi.
   1:7>"wlo.pserver.core.csproj" projesinde "ImplicitlyExpandNETStandardFacades" hedefini oluşturma tamamlandı.
       "GetFrameworkPaths" hedefi atlandı. Önceden başarılı bir şekilde derlenmişti.
       "GetReferenceAssemblyPaths" hedefi atlandı. Önceden başarılı bir şekilde derlenmişti.
   1:7>"c:\Users\Muhammet\Documents\GitHub\Wonderland-Private-Server\wlo.pserver.core\wlo.pserver.core.csproj" projesinin "C:\Program Files\dotnet\sdk\9.0.308\Microsoft\Microsoft.NET.Build.Extensions\Microsoft.NET.Build.Extensions.ConflictResolution.targets" dosyasındaki "_HandlePackageFileConflicts" hedefi ("ResolveAssemblyReferences" hedefi buna bağımlı):
       "C:\Program Files\dotnet\sdk\9.0.308\Microsoft\Microsoft.NET.Build.Extensions\\tools\net9.0\Microsoft.NET.Build.Extensions.Tasks.dll" derlemesindeki "ResolvePackageFileConflicts" görevi kullanılıyor.
       "ResolvePackageFileConflicts" görevi
       "ResolvePackageFileConflicts" görevini yürütme tamamlandı.
   1:7>"wlo.pserver.core.csproj" projesinde "_HandlePackageFileConflicts" hedefini oluşturma tamamlandı.
   1:7>"c:\Users\Muhammet\Documents\GitHub\Wonderland-Private-Server\wlo.pserver.core\wlo.pserver.core.csproj" projesinin "C:\Program Files\dotnet\sdk\9.0.308\Microsoft.Common.CurrentVersion.targets" dosyasındaki "ResolveAssemblyReferences" hedefi ("ResolveReferences" hedefi buna bağımlı):
       "ResolveAssemblyReference" görevi
         TargetFrameworkMoniker:
             .NETFramework,Version=v4.6.2
         TargetFrameworkMonikerDisplayName:
             .NET Framework 4.6.2
         TargetedRuntimeVersion:
             v
         Assemblies:
             BouncyCastle.Cryptography, Version=2.0.0.0, Culture=neutral, PublicKeyToken=072edcf4a5328938, processorArchitecture=MSIL
                 HintPath = '..\packages\BouncyCastle.Cryptography.2.3.1\lib\net461\BouncyCastle.Cryptography.dll'
             Google.Protobuf, Version=3.26.1.0, Culture=neutral, PublicKeyToken=a7d26565bac4d604, processorArchitecture=MSIL
                 HintPath = '..\packages\Google.Protobuf.3.26.1\lib\net45\Google.Protobuf.dll'
             K4os.Compression.LZ4, Version=1.3.8.0, Culture=neutral, PublicKeyToken=2186fa9121ef231d, processorArchitecture=MSIL
                 HintPath = '..\packages\K4os.Compression.LZ4.1.3.8\lib\net462\K4os.Compression.LZ4.dll'
             K4os.Compression.LZ4.Streams, Version=1.3.8.0, Culture=neutral, PublicKeyToken=2186fa9121ef231d, processorArchitecture=MSIL
                 HintPath = '..\packages\K4os.Compression.LZ4.Streams.1.3.8\lib\net462\K4os.Compression.LZ4.Streams.dll'
             K4os.Hash.xxHash, Version=1.0.8.0, Culture=neutral, PublicKeyToken=32cd54395057cec3, processorArchitecture=MSIL
                 HintPath = '..\packages\K4os.Hash.xxHash.1.0.8\lib\net462\K4os.Hash.xxHash.dll'
             Microsoft.Bcl.AsyncInterfaces, Version=5.0.0.0, Culture=neutral, PublicKeyToken=cc7b13ffcd2ddd51, processorArchitecture=MSIL
                 HintPath = '..\packages\Microsoft.Bcl.AsyncInterfaces.5.0.0\lib\net461\Microsoft.Bcl.AsyncInterfaces.dll'
             MySql.Data, Version=9.1.0.0, Culture=neutral, PublicKeyToken=c5687fc88969c44d, processorArchitecture=MSIL
                 HintPath = '..\packages\MySql.Data.9.1.0\lib\net462\MySql.Data.dll'
             System
             System.Buffers, Version=4.0.3.0, Culture=neutral, PublicKeyToken=cc7b13ffcd2ddd51, processorArchitecture=MSIL
                 HintPath = '..\packages\System.Buffers.4.5.1\lib\net461\System.Buffers.dll'
             System.Configuration
             System.Configuration.ConfigurationManager, Version=8.0.0.0, Culture=neutral, PublicKeyToken=cc7b13ffcd2ddd51, processorArchitecture=MSIL
                 HintPath = '..\packages\System.Configuration.ConfigurationManager.8.0.0\lib\net462\System.Configuration.ConfigurationManager.dll'
             System.Diagnostics.DiagnosticSource, Version=8.0.0.1, Culture=neutral, PublicKeyToken=cc7b13ffcd2ddd51, processorArchitecture=MSIL
                 HintPath = '..\packages\System.Diagnostics.DiagnosticSource.8.0.1\lib\net462\System.Diagnostics.DiagnosticSource.dll'
             System.IO.Pipelines, Version=5.0.0.2, Culture=neutral, PublicKeyToken=cc7b13ffcd2ddd51, processorArchitecture=MSIL
                 HintPath = '..\packages\System.IO.Pipelines.5.0.2\lib\net461\System.IO.Pipelines.dll'
             System.Management
             System.Memory, Version=4.0.1.2, Culture=neutral, PublicKeyToken=cc7b13ffcd2ddd51, processorArchitecture=MSIL
                 HintPath = '..\packages\System.Memory.4.5.5\lib\net461\System.Memory.dll'
             System.Numerics
             System.Numerics.Vectors, Version=4.1.4.0, Culture=neutral, PublicKeyToken=b03f5f7f11d50a3a, processorArchitecture=MSIL
                 HintPath = '..\packages\System.Numerics.Vectors.4.5.0\lib\net46\System.Numerics.Vectors.dll'
             System.Runtime.CompilerServices.Unsafe, Version=6.0.0.0, Culture=neutral, PublicKeyToken=b03f5f7f11d50a3a, processorArchitecture=MSIL
                 HintPath = '..\packages\System.Runtime.CompilerServices.Unsafe.6.0.0\lib\net461\System.Runtime.CompilerServices.Unsafe.dll'
             System.Threading.Tasks.Extensions, Version=4.2.0.1, Culture=neutral, PublicKeyToken=cc7b13ffcd2ddd51, processorArchitecture=MSIL
                 HintPath = '..\packages\System.Threading.Tasks.Extensions.4.5.4\lib\net461\System.Threading.Tasks.Extensions.dll'
             System.Transactions
             System.Xml.Linq
             System.Data.DataSetExtensions
             Microsoft.CSharp
             System.Data
             System.Xml
             ZstdSharp, Version=0.8.0.0, Culture=neutral, PublicKeyToken=8d151af33a4ad5cf, processorArchitecture=MSIL
                 HintPath = '..\packages\ZstdSharp.Port.0.8.0\lib\net462\ZstdSharp.dll'
             System.Core
         AssemblyFiles:
             C:\Users\Muhammet\Documents\GitHub\Wonderland-Private-Server\PhoenixData\bin\Debug\net462\PhoenixData.dll
             c:\Users\Muhammet\Documents\GitHub\Wonderland-Private-Server\RCLibrary\bin\Debug\net462\RCLibrary.dll
             C:\Program Files (x86)\Reference Assemblies\Microsoft\Framework\.NETFramework\v4.6.2\mscorlib.dll
         CandidateAssemblyFiles:
         TargetFrameworkDirectories:
             C:\Program Files (x86)\Reference Assemblies\Microsoft\Framework\.NETFramework\v4.6.2\,C:\Program Files (x86)\Reference Assemblies\Microsoft\Framework\.NETFramework\v4.6.2\Facades\
         NonCultureResourceDirectories:
             
         InstalledAssemblyTables:
         IgnoreInstalledAssemblyTable:
             False
         SearchPaths:
             {CandidateAssemblyFiles}
             {HintPathFromItem}
             {TargetFrameworkDirectory}
             {Registry:Software\Microsoft\.NETFramework,v4.6.2,AssemblyFoldersEx}
             {AssemblyFolders}
             {GAC}
             {RawFileName}
             bin\Debug\
         AllowedAssemblyExtensions:
             .winmd
             .dll
             .exe
         AllowedRelatedFileExtensions:
             .pdb
             .xml
             .pri
             .dll.config
             .exe.config
         AppConfigFile:
             
         AutoUnify:
             True
         EnableCustomCulture:
             False
         CopyLocalDependenciesWhenParentReferenceInGac:
             True
         FindDependencies:
             True
         TargetProcessorArchitecture:
             msil
         StateFile:
             obj\Debug\wlo.pserver.core.csproj.AssemblyReference.cache
         InstalledAssemblySubsetTables:
         IgnoreInstalledAssemblySubsetTable:
             False
         TargetFrameworkSubsets:
         FullTargetFrameworkSubsetNames:
             Full
         ProfileName:
             
         FullFrameworkFolders:
             C:\Program Files (x86)\Reference Assemblies\Microsoft\Framework\.NETFramework\v4.6.2\
         LatestTargetFrameworkDirectories:
         ProfileTablesLocation:
         Birincil başvuru: "PhoenixData, Version=1.0.0.0, Culture=neutral, PublicKeyToken=null".
             Çözümlenmiş dosya yolu: "C:\Users\Muhammet\Documents\GitHub\Wonderland-Private-Server\PhoenixData\bin\Debug\net462\PhoenixData.dll".
             Başvuru, "C:\Users\Muhammet\Documents\GitHub\Wonderland-Private-Server\PhoenixData\bin\Debug\net462\PhoenixData.dll" arama yolu konumunda bulundu.
             "C:\Users\Muhammet\Documents\GitHub\Wonderland-Private-Server\PhoenixData\bin\Debug\net462\PhoenixData.pdb" ilişkili dosyası bulundu.
         Birincil başvuru: "RCLibrary, Version=1.0.0.0, Culture=neutral, PublicKeyToken=null".
             Çözümlenmiş dosya yolu: "c:\Users\Muhammet\Documents\GitHub\Wonderland-Private-Server\RCLibrary\bin\Debug\net462\RCLibrary.dll".
             Başvuru, "c:\Users\Muhammet\Documents\GitHub\Wonderland-Private-Server\RCLibrary\bin\Debug\net462\RCLibrary.dll" arama yolu konumunda bulundu.
             "c:\Users\Muhammet\Documents\GitHub\Wonderland-Private-Server\RCLibrary\bin\Debug\net462\RCLibrary.pdb" ilişkili dosyası bulundu.
         Birincil başvuru: "mscorlib, Version=4.0.0.0, Culture=neutral, PublicKeyToken=b77a5c561934e089".
             Çözümlenmiş dosya yolu: "C:\Program Files (x86)\Reference Assemblies\Microsoft\Framework\.NETFramework\v4.6.2\mscorlib.dll".
             Başvuru, "C:\Program Files (x86)\Reference Assemblies\Microsoft\Framework\.NETFramework\v4.6.2\mscorlib.dll" arama yolu konumunda bulundu.
             Bu başvuru bir önkoşul dosyası olduğundan "CopyLocal" değildir.
         Birincil başvuru: "BouncyCastle.Cryptography, Version=2.0.0.0, Culture=neutral, PublicKeyToken=072edcf4a5328938".
             Çözümlenmiş dosya yolu: "c:\Users\Muhammet\Documents\GitHub\Wonderland-Private-Server\wlo.pserver.core\bin\Debug\BouncyCastle.Cryptography.dll".
             Başvuru, "bin\Debug\" arama yolu konumunda bulundu.
                 SearchPath "{HintPathFromItem}" için.
                 "c:\Users\Muhammet\Documents\GitHub\Wonderland-Private-Server\packages\BouncyCastle.Cryptography.2.3.1\lib\net461\BouncyCastle.Cryptography.dll" denendi, ancak böyle bir öğe yoktu.
                 SearchPath "{TargetFrameworkDirectory}" için.
                 "C:\Program Files (x86)\Reference Assemblies\Microsoft\Framework\.NETFramework\v4.6.2\BouncyCastle.Cryptography.winmd" denendi, ancak böyle bir öğe yoktu.
                 "C:\Program Files (x86)\Reference Assemblies\Microsoft\Framework\.NETFramework\v4.6.2\BouncyCastle.Cryptography.dll" denendi, ancak böyle bir öğe yoktu.
                 "C:\Program Files (x86)\Reference Assemblies\Microsoft\Framework\.NETFramework\v4.6.2\BouncyCastle.Cryptography.exe" denendi, ancak böyle bir öğe yoktu.
                 "C:\Program Files (x86)\Reference Assemblies\Microsoft\Framework\.NETFramework\v4.6.2\Facades\BouncyCastle.Cryptography.winmd" denendi, ancak böyle bir öğe yoktu.
                 "C:\Program Files (x86)\Reference Assemblies\Microsoft\Framework\.NETFramework\v4.6.2\Facades\BouncyCastle.Cryptography.dll" denendi, ancak böyle bir öğe yoktu.
                 "C:\Program Files (x86)\Reference Assemblies\Microsoft\Framework\.NETFramework\v4.6.2\Facades\BouncyCastle.Cryptography.exe" denendi, ancak böyle bir öğe yoktu.
                 SearchPath "{Registry:Software\Microsoft\.NETFramework,v4.6.2,AssemblyFoldersEx}" için.
                 AssemblyFoldersEx konumları dikkate alındı.
                 SearchPath "{GAC}" için.
                 "{GAC}\BouncyCastle.Cryptography.winmd" denendi, ancak böyle bir öğe yoktu.
                 "{GAC}\BouncyCastle.Cryptography.dll" denendi, ancak böyle bir öğe yoktu.
                 "{GAC}\BouncyCastle.Cryptography.exe" denendi, ancak böyle bir öğe yoktu.
                 SearchPath "{RawFileName}" için.
                 "BouncyCastle.Cryptography, Version=2.0.0.0, Culture=neutral, PublicKeyToken=072edcf4a5328938, processorArchitecture=MSIL" öğesini bir dosya adı olarak kabul etme denendi, ancak böyle bir öğe yoktu.
                 SearchPath "bin\Debug\" için.
                 "bin\Debug\BouncyCastle.Cryptography.winmd" denendi, ancak böyle bir öğe yoktu.
         Birincil başvuru: "Google.Protobuf, Version=3.26.1.0, Culture=neutral, PublicKeyToken=a7d26565bac4d604".
             Çözümlenmiş dosya yolu: "c:\Users\Muhammet\Documents\GitHub\Wonderland-Private-Server\wlo.pserver.core\bin\Debug\Google.Protobuf.dll".
             Başvuru, "bin\Debug\" arama yolu konumunda bulundu.
                 SearchPath "{HintPathFromItem}" için.
                 "c:\Users\Muhammet\Documents\GitHub\Wonderland-Private-Server\packages\Google.Protobuf.3.26.1\lib\net45\Google.Protobuf.dll" denendi, ancak böyle bir öğe yoktu.
                 SearchPath "{TargetFrameworkDirectory}" için.
                 "C:\Program Files (x86)\Reference Assemblies\Microsoft\Framework\.NETFramework\v4.6.2\Google.Protobuf.winmd" denendi, ancak böyle bir öğe yoktu.
                 "C:\Program Files (x86)\Reference Assemblies\Microsoft\Framework\.NETFramework\v4.6.2\Google.Protobuf.dll" denendi, ancak böyle bir öğe yoktu.
                 "C:\Program Files (x86)\Reference Assemblies\Microsoft\Framework\.NETFramework\v4.6.2\Google.Protobuf.exe" denendi, ancak böyle bir öğe yoktu.
                 "C:\Program Files (x86)\Reference Assemblies\Microsoft\Framework\.NETFramework\v4.6.2\Facades\Google.Protobuf.winmd" denendi, ancak böyle bir öğe yoktu.
                 "C:\Program Files (x86)\Reference Assemblies\Microsoft\Framework\.NETFramework\v4.6.2\Facades\Google.Protobuf.dll" denendi, ancak böyle bir öğe yoktu.
                 "C:\Program Files (x86)\Reference Assemblies\Microsoft\Framework\.NETFramework\v4.6.2\Facades\Google.Protobuf.exe" denendi, ancak böyle bir öğe yoktu.
                 SearchPath "{Registry:Software\Microsoft\.NETFramework,v4.6.2,AssemblyFoldersEx}" için.
                 AssemblyFoldersEx konumları dikkate alındı.
                 SearchPath "{GAC}" için.
                 "{GAC}\Google.Protobuf.winmd" denendi, ancak böyle bir öğe yoktu.
                 "{GAC}\Google.Protobuf.dll" denendi, ancak böyle bir öğe yoktu.
                 "{GAC}\Google.Protobuf.exe" denendi, ancak böyle bir öğe yoktu.
                 SearchPath "{RawFileName}" için.
                 "Google.Protobuf, Version=3.26.1.0, Culture=neutral, PublicKeyToken=a7d26565bac4d604, processorArchitecture=MSIL" öğesini bir dosya adı olarak kabul etme denendi, ancak böyle bir öğe yoktu.
                 SearchPath "bin\Debug\" için.
                 "bin\Debug\Google.Protobuf.winmd" denendi, ancak böyle bir öğe yoktu.
         Birincil başvuru: "K4os.Compression.LZ4, Version=1.3.8.0, Culture=neutral, PublicKeyToken=2186fa9121ef231d".
             Çözümlenmiş dosya yolu: "c:\Users\Muhammet\Documents\GitHub\Wonderland-Private-Server\wlo.pserver.core\bin\Debug\K4os.Compression.LZ4.dll".
             Başvuru, "bin\Debug\" arama yolu konumunda bulundu.
                 SearchPath "{HintPathFromItem}" için.
                 "c:\Users\Muhammet\Documents\GitHub\Wonderland-Private-Server\packages\K4os.Compression.LZ4.1.3.8\lib\net462\K4os.Compression.LZ4.dll" denendi, ancak böyle bir öğe yoktu.
                 SearchPath "{TargetFrameworkDirectory}" için.
                 "C:\Program Files (x86)\Reference Assemblies\Microsoft\Framework\.NETFramework\v4.6.2\K4os.Compression.LZ4.winmd" denendi, ancak böyle bir öğe yoktu.
                 "C:\Program Files (x86)\Reference Assemblies\Microsoft\Framework\.NETFramework\v4.6.2\K4os.Compression.LZ4.dll" denendi, ancak böyle bir öğe yoktu.
                 "C:\Program Files (x86)\Reference Assemblies\Microsoft\Framework\.NETFramework\v4.6.2\K4os.Compression.LZ4.exe" denendi, ancak böyle bir öğe yoktu.
                 "C:\Program Files (x86)\Reference Assemblies\Microsoft\Framework\.NETFramework\v4.6.2\Facades\K4os.Compression.LZ4.winmd" denendi, ancak böyle bir öğe yoktu.
                 "C:\Program Files (x86)\Reference Assemblies\Microsoft\Framework\.NETFramework\v4.6.2\Facades\K4os.Compression.LZ4.dll" denendi, ancak böyle bir öğe yoktu.
                 "C:\Program Files (x86)\Reference Assemblies\Microsoft\Framework\.NETFramework\v4.6.2\Facades\K4os.Compression.LZ4.exe" denendi, ancak böyle bir öğe yoktu.
                 SearchPath "{Registry:Software\Microsoft\.NETFramework,v4.6.2,AssemblyFoldersEx}" için.
                 AssemblyFoldersEx konumları dikkate alındı.
                 SearchPath "{GAC}" için.
                 "{GAC}\K4os.Compression.LZ4.winmd" denendi, ancak böyle bir öğe yoktu.
                 "{GAC}\K4os.Compression.LZ4.dll" denendi, ancak böyle bir öğe yoktu.
                 "{GAC}\K4os.Compression.LZ4.exe" denendi, ancak böyle bir öğe yoktu.
                 SearchPath "{RawFileName}" için.
                 "K4os.Compression.LZ4, Version=1.3.8.0, Culture=neutral, PublicKeyToken=2186fa9121ef231d, processorArchitecture=MSIL" öğesini bir dosya adı olarak kabul etme denendi, ancak böyle bir öğe yoktu.
                 SearchPath "bin\Debug\" için.
                 "bin\Debug\K4os.Compression.LZ4.winmd" denendi, ancak böyle bir öğe yoktu.
         Birincil başvuru: "K4os.Compression.LZ4.Streams, Version=1.3.8.0, Culture=neutral, PublicKeyToken=2186fa9121ef231d".
             Çözümlenmiş dosya yolu: "c:\Users\Muhammet\Documents\GitHub\Wonderland-Private-Server\wlo.pserver.core\bin\Debug\K4os.Compression.LZ4.Streams.dll".
             Başvuru, "bin\Debug\" arama yolu konumunda bulundu.
                 SearchPath "{HintPathFromItem}" için.
                 "c:\Users\Muhammet\Documents\GitHub\Wonderland-Private-Server\packages\K4os.Compression.LZ4.Streams.1.3.8\lib\net462\K4os.Compression.LZ4.Streams.dll" denendi, ancak böyle bir öğe yoktu.
                 SearchPath "{TargetFrameworkDirectory}" için.
                 "C:\Program Files (x86)\Reference Assemblies\Microsoft\Framework\.NETFramework\v4.6.2\K4os.Compression.LZ4.Streams.winmd" denendi, ancak böyle bir öğe yoktu.
                 "C:\Program Files (x86)\Reference Assemblies\Microsoft\Framework\.NETFramework\v4.6.2\K4os.Compression.LZ4.Streams.dll" denendi, ancak böyle bir öğe yoktu.
                 "C:\Program Files (x86)\Reference Assemblies\Microsoft\Framework\.NETFramework\v4.6.2\K4os.Compression.LZ4.Streams.exe" denendi, ancak böyle bir öğe yoktu.
                 "C:\Program Files (x86)\Reference Assemblies\Microsoft\Framework\.NETFramework\v4.6.2\Facades\K4os.Compression.LZ4.Streams.winmd" denendi, ancak böyle bir öğe yoktu.
                 "C:\Program Files (x86)\Reference Assemblies\Microsoft\Framework\.NETFramework\v4.6.2\Facades\K4os.Compression.LZ4.Streams.dll" denendi, ancak böyle bir öğe yoktu.
                 "C:\Program Files (x86)\Reference Assemblies\Microsoft\Framework\.NETFramework\v4.6.2\Facades\K4os.Compression.LZ4.Streams.exe" denendi, ancak böyle bir öğe yoktu.
                 SearchPath "{Registry:Software\Microsoft\.NETFramework,v4.6.2,AssemblyFoldersEx}" için.
                 AssemblyFoldersEx konumları dikkate alındı.
                 SearchPath "{GAC}" için.
                 "{GAC}\K4os.Compression.LZ4.Streams.winmd" denendi, ancak böyle bir öğe yoktu.
                 "{GAC}\K4os.Compression.LZ4.Streams.dll" denendi, ancak böyle bir öğe yoktu.
                 "{GAC}\K4os.Compression.LZ4.Streams.exe" denendi, ancak böyle bir öğe yoktu.
                 SearchPath "{RawFileName}" için.
                 "K4os.Compression.LZ4.Streams, Version=1.3.8.0, Culture=neutral, PublicKeyToken=2186fa9121ef231d, processorArchitecture=MSIL" öğesini bir dosya adı olarak kabul etme denendi, ancak böyle bir öğe yoktu.
                 SearchPath "bin\Debug\" için.
                 "bin\Debug\K4os.Compression.LZ4.Streams.winmd" denendi, ancak böyle bir öğe yoktu.
         Birincil başvuru: "K4os.Hash.xxHash, Version=1.0.8.0, Culture=neutral, PublicKeyToken=32cd54395057cec3".
             Çözümlenmiş dosya yolu: "c:\Users\Muhammet\Documents\GitHub\Wonderland-Private-Server\wlo.pserver.core\bin\Debug\K4os.Hash.xxHash.dll".
             Başvuru, "bin\Debug\" arama yolu konumunda bulundu.
                 SearchPath "{HintPathFromItem}" için.
                 "c:\Users\Muhammet\Documents\GitHub\Wonderland-Private-Server\packages\K4os.Hash.xxHash.1.0.8\lib\net462\K4os.Hash.xxHash.dll" denendi, ancak böyle bir öğe yoktu.
                 SearchPath "{TargetFrameworkDirectory}" için.
                 "C:\Program Files (x86)\Reference Assemblies\Microsoft\Framework\.NETFramework\v4.6.2\K4os.Hash.xxHash.winmd" denendi, ancak böyle bir öğe yoktu.
                 "C:\Program Files (x86)\Reference Assemblies\Microsoft\Framework\.NETFramework\v4.6.2\K4os.Hash.xxHash.dll" denendi, ancak böyle bir öğe yoktu.
                 "C:\Program Files (x86)\Reference Assemblies\Microsoft\Framework\.NETFramework\v4.6.2\K4os.Hash.xxHash.exe" denendi, ancak böyle bir öğe yoktu.
                 "C:\Program Files (x86)\Reference Assemblies\Microsoft\Framework\.NETFramework\v4.6.2\Facades\K4os.Hash.xxHash.winmd" denendi, ancak böyle bir öğe yoktu.
                 "C:\Program Files (x86)\Reference Assemblies\Microsoft\Framework\.NETFramework\v4.6.2\Facades\K4os.Hash.xxHash.dll" denendi, ancak böyle bir öğe yoktu.
                 "C:\Program Files (x86)\Reference Assemblies\Microsoft\Framework\.NETFramework\v4.6.2\Facades\K4os.Hash.xxHash.exe" denendi, ancak böyle bir öğe yoktu.
                 SearchPath "{Registry:Software\Microsoft\.NETFramework,v4.6.2,AssemblyFoldersEx}" için.
                 AssemblyFoldersEx konumları dikkate alındı.
                 SearchPath "{GAC}" için.
                 "{GAC}\K4os.Hash.xxHash.winmd" denendi, ancak böyle bir öğe yoktu.
                 "{GAC}\K4os.Hash.xxHash.dll" denendi, ancak böyle bir öğe yoktu.
                 "{GAC}\K4os.Hash.xxHash.exe" denendi, ancak böyle bir öğe yoktu.
                 SearchPath "{RawFileName}" için.
                 "K4os.Hash.xxHash, Version=1.0.8.0, Culture=neutral, PublicKeyToken=32cd54395057cec3, processorArchitecture=MSIL" öğesini bir dosya adı olarak kabul etme denendi, ancak böyle bir öğe yoktu.
                 SearchPath "bin\Debug\" için.
                 "bin\Debug\K4os.Hash.xxHash.winmd" denendi, ancak böyle bir öğe yoktu.
         Birincil başvuru: "Microsoft.Bcl.AsyncInterfaces, Version=5.0.0.0, Culture=neutral, PublicKeyToken=cc7b13ffcd2ddd51".
             Çözümlenmiş dosya yolu: "c:\Users\Muhammet\Documents\GitHub\Wonderland-Private-Server\wlo.pserver.core\bin\Debug\Microsoft.Bcl.AsyncInterfaces.dll".
             Başvuru, "bin\Debug\" arama yolu konumunda bulundu.
                 SearchPath "{HintPathFromItem}" için.
                 "c:\Users\Muhammet\Documents\GitHub\Wonderland-Private-Server\packages\Microsoft.Bcl.AsyncInterfaces.5.0.0\lib\net461\Microsoft.Bcl.AsyncInterfaces.dll" denendi, ancak böyle bir öğe yoktu.
                 SearchPath "{TargetFrameworkDirectory}" için.
                 "C:\Program Files (x86)\Reference Assemblies\Microsoft\Framework\.NETFramework\v4.6.2\Microsoft.Bcl.AsyncInterfaces.winmd" denendi, ancak böyle bir öğe yoktu.
                 "C:\Program Files (x86)\Reference Assemblies\Microsoft\Framework\.NETFramework\v4.6.2\Microsoft.Bcl.AsyncInterfaces.dll" denendi, ancak böyle bir öğe yoktu.
                 "C:\Program Files (x86)\Reference Assemblies\Microsoft\Framework\.NETFramework\v4.6.2\Microsoft.Bcl.AsyncInterfaces.exe" denendi, ancak böyle bir öğe yoktu.
                 "C:\Program Files (x86)\Reference Assemblies\Microsoft\Framework\.NETFramework\v4.6.2\Facades\Microsoft.Bcl.AsyncInterfaces.winmd" denendi, ancak böyle bir öğe yoktu.
                 "C:\Program Files (x86)\Reference Assemblies\Microsoft\Framework\.NETFramework\v4.6.2\Facades\Microsoft.Bcl.AsyncInterfaces.dll" denendi, ancak böyle bir öğe yoktu.
                 "C:\Program Files (x86)\Reference Assemblies\Microsoft\Framework\.NETFramework\v4.6.2\Facades\Microsoft.Bcl.AsyncInterfaces.exe" denendi, ancak böyle bir öğe yoktu.
                 SearchPath "{Registry:Software\Microsoft\.NETFramework,v4.6.2,AssemblyFoldersEx}" için.
                 AssemblyFoldersEx konumları dikkate alındı.
                 SearchPath "{GAC}" için.
                 "{GAC}\Microsoft.Bcl.AsyncInterfaces.winmd" denendi, ancak böyle bir öğe yoktu.
                 "{GAC}\Microsoft.Bcl.AsyncInterfaces.dll" denendi, ancak böyle bir öğe yoktu.
                 "{GAC}\Microsoft.Bcl.AsyncInterfaces.exe" denendi, ancak böyle bir öğe yoktu.
                 SearchPath "{RawFileName}" için.
                 "Microsoft.Bcl.AsyncInterfaces, Version=5.0.0.0, Culture=neutral, PublicKeyToken=cc7b13ffcd2ddd51, processorArchitecture=MSIL" öğesini bir dosya adı olarak kabul etme denendi, ancak böyle bir öğe yoktu.
                 SearchPath "bin\Debug\" için.
                 "bin\Debug\Microsoft.Bcl.AsyncInterfaces.winmd" denendi, ancak böyle bir öğe yoktu.
         Birincil başvuru: "MySql.Data, Version=9.1.0.0, Culture=neutral, PublicKeyToken=c5687fc88969c44d".
             Çözümlenmiş dosya yolu: "c:\Users\Muhammet\Documents\GitHub\Wonderland-Private-Server\wlo.pserver.core\bin\Debug\MySql.Data.dll".
             Başvuru, "bin\Debug\" arama yolu konumunda bulundu.
                 SearchPath "{HintPathFromItem}" için.
                 "c:\Users\Muhammet\Documents\GitHub\Wonderland-Private-Server\packages\MySql.Data.9.1.0\lib\net462\MySql.Data.dll" denendi, ancak böyle bir öğe yoktu.
                 SearchPath "{TargetFrameworkDirectory}" için.
                 "C:\Program Files (x86)\Reference Assemblies\Microsoft\Framework\.NETFramework\v4.6.2\MySql.Data.winmd" denendi, ancak böyle bir öğe yoktu.
                 "C:\Program Files (x86)\Reference Assemblies\Microsoft\Framework\.NETFramework\v4.6.2\MySql.Data.dll" denendi, ancak böyle bir öğe yoktu.
                 "C:\Program Files (x86)\Reference Assemblies\Microsoft\Framework\.NETFramework\v4.6.2\MySql.Data.exe" denendi, ancak böyle bir öğe yoktu.
                 "C:\Program Files (x86)\Reference Assemblies\Microsoft\Framework\.NETFramework\v4.6.2\Facades\MySql.Data.winmd" denendi, ancak böyle bir öğe yoktu.
                 "C:\Program Files (x86)\Reference Assemblies\Microsoft\Framework\.NETFramework\v4.6.2\Facades\MySql.Data.dll" denendi, ancak böyle bir öğe yoktu.
                 "C:\Program Files (x86)\Reference Assemblies\Microsoft\Framework\.NETFramework\v4.6.2\Facades\MySql.Data.exe" denendi, ancak böyle bir öğe yoktu.
                 SearchPath "{Registry:Software\Microsoft\.NETFramework,v4.6.2,AssemblyFoldersEx}" için.
                 AssemblyFoldersEx konumları dikkate alındı.
                 SearchPath "{GAC}" için.
                 "{GAC}\MySql.Data.winmd" denendi, ancak böyle bir öğe yoktu.
                 "{GAC}\MySql.Data.dll" denendi, ancak böyle bir öğe yoktu.
                 "{GAC}\MySql.Data.exe" denendi, ancak böyle bir öğe yoktu.
                 SearchPath "{RawFileName}" için.
                 "MySql.Data, Version=9.1.0.0, Culture=neutral, PublicKeyToken=c5687fc88969c44d, processorArchitecture=MSIL" öğesini bir dosya adı olarak kabul etme denendi, ancak böyle bir öğe yoktu.
                 SearchPath "bin\Debug\" için.
                 "bin\Debug\MySql.Data.winmd" denendi, ancak böyle bir öğe yoktu.
         Birincil başvuru: "System, Version=4.0.0.0, Culture=neutral, PublicKeyToken=b77a5c561934e089".
             Çözümlenmiş dosya yolu: "C:\Program Files (x86)\Reference Assemblies\Microsoft\Framework\.NETFramework\v4.6.2\System.dll".
             Başvuru, "{TargetFrameworkDirectory}" arama yolu konumunda bulundu.
                 SearchPath "{TargetFrameworkDirectory}" için.
                 "C:\Program Files (x86)\Reference Assemblies\Microsoft\Framework\.NETFramework\v4.6.2\System.winmd" denendi, ancak böyle bir öğe yoktu.
             Bu başvuru bir önkoşul dosyası olduğundan "CopyLocal" değildir.
         Birincil başvuru: "System.Buffers, Version=4.0.3.0, Culture=neutral, PublicKeyToken=cc7b13ffcd2ddd51".
             Çözümlenmiş dosya yolu: "c:\Users\Muhammet\Documents\GitHub\Wonderland-Private-Server\wlo.pserver.core\bin\Debug\System.Buffers.dll".
             Başvuru, "bin\Debug\" arama yolu konumunda bulundu.
                 SearchPath "{HintPathFromItem}" için.
                 "c:\Users\Muhammet\Documents\GitHub\Wonderland-Private-Server\packages\System.Buffers.4.5.1\lib\net461\System.Buffers.dll" denendi, ancak böyle bir öğe yoktu.
                 SearchPath "{TargetFrameworkDirectory}" için.
                 "C:\Program Files (x86)\Reference Assemblies\Microsoft\Framework\.NETFramework\v4.6.2\System.Buffers.winmd" denendi, ancak böyle bir öğe yoktu.
                 "C:\Program Files (x86)\Reference Assemblies\Microsoft\Framework\.NETFramework\v4.6.2\System.Buffers.dll" denendi, ancak böyle bir öğe yoktu.
                 "C:\Program Files (x86)\Reference Assemblies\Microsoft\Framework\.NETFramework\v4.6.2\System.Buffers.exe" denendi, ancak böyle bir öğe yoktu.
                 "C:\Program Files (x86)\Reference Assemblies\Microsoft\Framework\.NETFramework\v4.6.2\Facades\System.Buffers.winmd" denendi, ancak böyle bir öğe yoktu.
                 "C:\Program Files (x86)\Reference Assemblies\Microsoft\Framework\.NETFramework\v4.6.2\Facades\System.Buffers.dll" denendi, ancak böyle bir öğe yoktu.
                 "C:\Program Files (x86)\Reference Assemblies\Microsoft\Framework\.NETFramework\v4.6.2\Facades\System.Buffers.exe" denendi, ancak böyle bir öğe yoktu.
                 SearchPath "{Registry:Software\Microsoft\.NETFramework,v4.6.2,AssemblyFoldersEx}" için.
                 AssemblyFoldersEx konumları dikkate alındı.
                 SearchPath "{GAC}" için.
                 "{GAC}\System.Buffers.winmd" denendi, ancak böyle bir öğe yoktu.
                 "{GAC}\System.Buffers.dll" denendi, ancak böyle bir öğe yoktu.
                 "{GAC}\System.Buffers.exe" denendi, ancak böyle bir öğe yoktu.
                 SearchPath "{RawFileName}" için.
                 "System.Buffers, Version=4.0.3.0, Culture=neutral, PublicKeyToken=cc7b13ffcd2ddd51, processorArchitecture=MSIL" öğesini bir dosya adı olarak kabul etme denendi, ancak böyle bir öğe yoktu.
                 SearchPath "bin\Debug\" için.
                 "bin\Debug\System.Buffers.winmd" denendi, ancak böyle bir öğe yoktu.
         Birincil başvuru: "System.Configuration, Version=4.0.0.0, Culture=neutral, PublicKeyToken=b03f5f7f11d50a3a".
             Çözümlenmiş dosya yolu: "C:\Program Files (x86)\Reference Assemblies\Microsoft\Framework\.NETFramework\v4.6.2\System.Configuration.dll".
             Başvuru, "{TargetFrameworkDirectory}" arama yolu konumunda bulundu.
                 SearchPath "{TargetFrameworkDirectory}" için.
                 "C:\Program Files (x86)\Reference Assemblies\Microsoft\Framework\.NETFramework\v4.6.2\System.Configuration.winmd" denendi, ancak böyle bir öğe yoktu.
             Bu başvuru bir önkoşul dosyası olduğundan "CopyLocal" değildir.
         Birincil başvuru: "System.Configuration.ConfigurationManager, Version=8.0.0.0, Culture=neutral, PublicKeyToken=cc7b13ffcd2ddd51".
             Çözümlenmiş dosya yolu: "c:\Users\Muhammet\Documents\GitHub\Wonderland-Private-Server\wlo.pserver.core\bin\Debug\System.Configuration.ConfigurationManager.dll".
             Başvuru, "bin\Debug\" arama yolu konumunda bulundu.
                 SearchPath "{HintPathFromItem}" için.
                 "c:\Users\Muhammet\Documents\GitHub\Wonderland-Private-Server\packages\System.Configuration.ConfigurationManager.8.0.0\lib\net462\System.Configuration.ConfigurationManager.dll" denendi, ancak böyle bir öğe yoktu.
                 SearchPath "{TargetFrameworkDirectory}" için.
                 "C:\Program Files (x86)\Reference Assemblies\Microsoft\Framework\.NETFramework\v4.6.2\System.Configuration.ConfigurationManager.winmd" denendi, ancak böyle bir öğe yoktu.
                 "C:\Program Files (x86)\Reference Assemblies\Microsoft\Framework\.NETFramework\v4.6.2\System.Configuration.ConfigurationManager.dll" denendi, ancak böyle bir öğe yoktu.
                 "C:\Program Files (x86)\Reference Assemblies\Microsoft\Framework\.NETFramework\v4.6.2\System.Configuration.ConfigurationManager.exe" denendi, ancak böyle bir öğe yoktu.
                 "C:\Program Files (x86)\Reference Assemblies\Microsoft\Framework\.NETFramework\v4.6.2\Facades\System.Configuration.ConfigurationManager.winmd" denendi, ancak böyle bir öğe yoktu.
                 "C:\Program Files (x86)\Reference Assemblies\Microsoft\Framework\.NETFramework\v4.6.2\Facades\System.Configuration.ConfigurationManager.dll" denendi, ancak böyle bir öğe yoktu.
                 "C:\Program Files (x86)\Reference Assemblies\Microsoft\Framework\.NETFramework\v4.6.2\Facades\System.Configuration.ConfigurationManager.exe" denendi, ancak böyle bir öğe yoktu.
                 SearchPath "{Registry:Software\Microsoft\.NETFramework,v4.6.2,AssemblyFoldersEx}" için.
                 AssemblyFoldersEx konumları dikkate alındı.
                 SearchPath "{GAC}" için.
                 "{GAC}\System.Configuration.ConfigurationManager.winmd" denendi, ancak böyle bir öğe yoktu.
                 "{GAC}\System.Configuration.ConfigurationManager.dll" denendi, ancak böyle bir öğe yoktu.
                 "{GAC}\System.Configuration.ConfigurationManager.exe" denendi, ancak böyle bir öğe yoktu.
                 SearchPath "{RawFileName}" için.
                 "System.Configuration.ConfigurationManager, Version=8.0.0.0, Culture=neutral, PublicKeyToken=cc7b13ffcd2ddd51, processorArchitecture=MSIL" öğesini bir dosya adı olarak kabul etme denendi, ancak böyle bir öğe yoktu.
                 SearchPath "bin\Debug\" için.
                 "bin\Debug\System.Configuration.ConfigurationManager.winmd" denendi, ancak böyle bir öğe yoktu.
         Birincil başvuru: "System.Diagnostics.DiagnosticSource, Version=8.0.0.1, Culture=neutral, PublicKeyToken=cc7b13ffcd2ddd51".
             Çözümlenmiş dosya yolu: "c:\Users\Muhammet\Documents\GitHub\Wonderland-Private-Server\wlo.pserver.core\bin\Debug\System.Diagnostics.DiagnosticSource.dll".
             Başvuru, "bin\Debug\" arama yolu konumunda bulundu.
                 SearchPath "{HintPathFromItem}" için.
                 "c:\Users\Muhammet\Documents\GitHub\Wonderland-Private-Server\packages\System.Diagnostics.DiagnosticSource.8.0.1\lib\net462\System.Diagnostics.DiagnosticSource.dll" denendi, ancak böyle bir öğe yoktu.
                 SearchPath "{TargetFrameworkDirectory}" için.
                 "C:\Program Files (x86)\Reference Assemblies\Microsoft\Framework\.NETFramework\v4.6.2\System.Diagnostics.DiagnosticSource.winmd" denendi, ancak böyle bir öğe yoktu.
                 "C:\Program Files (x86)\Reference Assemblies\Microsoft\Framework\.NETFramework\v4.6.2\System.Diagnostics.DiagnosticSource.dll" denendi, ancak böyle bir öğe yoktu.
                 "C:\Program Files (x86)\Reference Assemblies\Microsoft\Framework\.NETFramework\v4.6.2\System.Diagnostics.DiagnosticSource.exe" denendi, ancak böyle bir öğe yoktu.
                 "C:\Program Files (x86)\Reference Assemblies\Microsoft\Framework\.NETFramework\v4.6.2\Facades\System.Diagnostics.DiagnosticSource.winmd" denendi, ancak böyle bir öğe yoktu.
                 "C:\Program Files (x86)\Reference Assemblies\Microsoft\Framework\.NETFramework\v4.6.2\Facades\System.Diagnostics.DiagnosticSource.dll" denendi, ancak böyle bir öğe yoktu.
                 "C:\Program Files (x86)\Reference Assemblies\Microsoft\Framework\.NETFramework\v4.6.2\Facades\System.Diagnostics.DiagnosticSource.exe" denendi, ancak böyle bir öğe yoktu.
                 SearchPath "{Registry:Software\Microsoft\.NETFramework,v4.6.2,AssemblyFoldersEx}" için.
                 AssemblyFoldersEx konumları dikkate alındı.
                 SearchPath "{GAC}" için.
                 "{GAC}\System.Diagnostics.DiagnosticSource.winmd" denendi, ancak böyle bir öğe yoktu.
                 "{GAC}\System.Diagnostics.DiagnosticSource.dll" denendi, ancak böyle bir öğe yoktu.
                 "{GAC}\System.Diagnostics.DiagnosticSource.exe" denendi, ancak böyle bir öğe yoktu.
                 SearchPath "{RawFileName}" için.
                 "System.Diagnostics.DiagnosticSource, Version=8.0.0.1, Culture=neutral, PublicKeyToken=cc7b13ffcd2ddd51, processorArchitecture=MSIL" öğesini bir dosya adı olarak kabul etme denendi, ancak böyle bir öğe yoktu.
                 SearchPath "bin\Debug\" için.
                 "bin\Debug\System.Diagnostics.DiagnosticSource.winmd" denendi, ancak böyle bir öğe yoktu.
         Birincil başvuru: "System.IO.Pipelines, Version=5.0.0.2, Culture=neutral, PublicKeyToken=cc7b13ffcd2ddd51".
             Çözümlenmiş dosya yolu: "c:\Users\Muhammet\Documents\GitHub\Wonderland-Private-Server\wlo.pserver.core\bin\Debug\System.IO.Pipelines.dll".
             Başvuru, "bin\Debug\" arama yolu konumunda bulundu.
                 SearchPath "{HintPathFromItem}" için.
                 "c:\Users\Muhammet\Documents\GitHub\Wonderland-Private-Server\packages\System.IO.Pipelines.5.0.2\lib\net461\System.IO.Pipelines.dll" denendi, ancak böyle bir öğe yoktu.
                 SearchPath "{TargetFrameworkDirectory}" için.
                 "C:\Program Files (x86)\Reference Assemblies\Microsoft\Framework\.NETFramework\v4.6.2\System.IO.Pipelines.winmd" denendi, ancak böyle bir öğe yoktu.
                 "C:\Program Files (x86)\Reference Assemblies\Microsoft\Framework\.NETFramework\v4.6.2\System.IO.Pipelines.dll" denendi, ancak böyle bir öğe yoktu.
                 "C:\Program Files (x86)\Reference Assemblies\Microsoft\Framework\.NETFramework\v4.6.2\System.IO.Pipelines.exe" denendi, ancak böyle bir öğe yoktu.
                 "C:\Program Files (x86)\Reference Assemblies\Microsoft\Framework\.NETFramework\v4.6.2\Facades\System.IO.Pipelines.winmd" denendi, ancak böyle bir öğe yoktu.
                 "C:\Program Files (x86)\Reference Assemblies\Microsoft\Framework\.NETFramework\v4.6.2\Facades\System.IO.Pipelines.dll" denendi, ancak böyle bir öğe yoktu.
                 "C:\Program Files (x86)\Reference Assemblies\Microsoft\Framework\.NETFramework\v4.6.2\Facades\System.IO.Pipelines.exe" denendi, ancak böyle bir öğe yoktu.
                 SearchPath "{Registry:Software\Microsoft\.NETFramework,v4.6.2,AssemblyFoldersEx}" için.
                 AssemblyFoldersEx konumları dikkate alındı.
                 SearchPath "{GAC}" için.
                 "{GAC}\System.IO.Pipelines.winmd" denendi, ancak böyle bir öğe yoktu.
                 "{GAC}\System.IO.Pipelines.dll" denendi, ancak böyle bir öğe yoktu.
                 "{GAC}\System.IO.Pipelines.exe" denendi, ancak böyle bir öğe yoktu.
                 SearchPath "{RawFileName}" için.
                 "System.IO.Pipelines, Version=5.0.0.2, Culture=neutral, PublicKeyToken=cc7b13ffcd2ddd51, processorArchitecture=MSIL" öğesini bir dosya adı olarak kabul etme denendi, ancak böyle bir öğe yoktu.
                 SearchPath "bin\Debug\" için.
                 "bin\Debug\System.IO.Pipelines.winmd" denendi, ancak böyle bir öğe yoktu.
         Birincil başvuru: "System.Management, Version=4.0.0.0, Culture=neutral, PublicKeyToken=b03f5f7f11d50a3a".
             Çözümlenmiş dosya yolu: "C:\Program Files (x86)\Reference Assemblies\Microsoft\Framework\.NETFramework\v4.6.2\System.Management.dll".
             Başvuru, "{TargetFrameworkDirectory}" arama yolu konumunda bulundu.
                 SearchPath "{TargetFrameworkDirectory}" için.
                 "C:\Program Files (x86)\Reference Assemblies\Microsoft\Framework\.NETFramework\v4.6.2\System.Management.winmd" denendi, ancak böyle bir öğe yoktu.
             Bu başvuru bir önkoşul dosyası olduğundan "CopyLocal" değildir.
         "System.Memory, Version=4.0.1.2, Culture=neutral, PublicKeyToken=cc7b13ffcd2ddd51" birleştirilmiş birincil başvurusu.
             AutoUnify, 'true' olduğundan "c:\Users\Muhammet\Documents\GitHub\Wonderland-Private-Server\wlo.pserver.core\bin\Debug\Google.Protobuf.dll" içinde "4.0.1.1" özgün sürümü yerine bu sürüm kullanılıyor.
             AutoUnify, 'true' olduğundan "c:\Users\Muhammet\Documents\GitHub\Wonderland-Private-Server\wlo.pserver.core\bin\Debug\System.IO.Pipelines.dll" içinde "4.0.1.1" özgün sürümü yerine bu sürüm kullanılıyor.
             Çözümlenmiş dosya yolu: "c:\Users\Muhammet\Documents\GitHub\Wonderland-Private-Server\wlo.pserver.core\bin\Debug\System.Memory.dll".
             Başvuru, "bin\Debug\" arama yolu konumunda bulundu.
                 SearchPath "{HintPathFromItem}" için.
                 "c:\Users\Muhammet\Documents\GitHub\Wonderland-Private-Server\packages\System.Memory.4.5.5\lib\net461\System.Memory.dll" denendi, ancak böyle bir öğe yoktu.
                 SearchPath "{TargetFrameworkDirectory}" için.
                 "C:\Program Files (x86)\Reference Assemblies\Microsoft\Framework\.NETFramework\v4.6.2\System.Memory.winmd" denendi, ancak böyle bir öğe yoktu.
                 "C:\Program Files (x86)\Reference Assemblies\Microsoft\Framework\.NETFramework\v4.6.2\System.Memory.dll" denendi, ancak böyle bir öğe yoktu.
                 "C:\Program Files (x86)\Reference Assemblies\Microsoft\Framework\.NETFramework\v4.6.2\System.Memory.exe" denendi, ancak böyle bir öğe yoktu.
                 "C:\Program Files (x86)\Reference Assemblies\Microsoft\Framework\.NETFramework\v4.6.2\Facades\System.Memory.winmd" denendi, ancak böyle bir öğe yoktu.
                 "C:\Program Files (x86)\Reference Assemblies\Microsoft\Framework\.NETFramework\v4.6.2\Facades\System.Memory.dll" denendi, ancak böyle bir öğe yoktu.
                 "C:\Program Files (x86)\Reference Assemblies\Microsoft\Framework\.NETFramework\v4.6.2\Facades\System.Memory.exe" denendi, ancak böyle bir öğe yoktu.
                 SearchPath "{Registry:Software\Microsoft\.NETFramework,v4.6.2,AssemblyFoldersEx}" için.
                 AssemblyFoldersEx konumları dikkate alındı.
                 SearchPath "{GAC}" için.
                 "{GAC}\System.Memory.winmd" denendi, ancak böyle bir öğe yoktu.
                 "{GAC}\System.Memory.dll" denendi, ancak böyle bir öğe yoktu.
                 "{GAC}\System.Memory.exe" denendi, ancak böyle bir öğe yoktu.
                 SearchPath "{RawFileName}" için.
                 "System.Memory, Version=4.0.1.2, Culture=neutral, PublicKeyToken=cc7b13ffcd2ddd51, processorArchitecture=MSIL" öğesini bir dosya adı olarak kabul etme denendi, ancak böyle bir öğe yoktu.
                 SearchPath "bin\Debug\" için.
                 "bin\Debug\System.Memory.winmd" denendi, ancak böyle bir öğe yoktu.
         Birincil başvuru: "System.Numerics, Version=4.0.0.0, Culture=neutral, PublicKeyToken=b77a5c561934e089".
             Çözümlenmiş dosya yolu: "C:\Program Files (x86)\Reference Assemblies\Microsoft\Framework\.NETFramework\v4.6.2\System.Numerics.dll".
             Başvuru, "{TargetFrameworkDirectory}" arama yolu konumunda bulundu.
                 SearchPath "{TargetFrameworkDirectory}" için.
                 "C:\Program Files (x86)\Reference Assemblies\Microsoft\Framework\.NETFramework\v4.6.2\System.Numerics.winmd" denendi, ancak böyle bir öğe yoktu.
             Bu başvuru bir önkoşul dosyası olduğundan "CopyLocal" değildir.
         Birincil başvuru: "System.Numerics.Vectors, Version=4.1.4.0, Culture=neutral, PublicKeyToken=b03f5f7f11d50a3a".
             Çözümlenmiş dosya yolu: "c:\Users\Muhammet\Documents\GitHub\Wonderland-Private-Server\wlo.pserver.core\bin\Debug\System.Numerics.Vectors.dll".
             Başvuru, "bin\Debug\" arama yolu konumunda bulundu.
                 SearchPath "{HintPathFromItem}" için.
                 "c:\Users\Muhammet\Documents\GitHub\Wonderland-Private-Server\packages\System.Numerics.Vectors.4.5.0\lib\net46\System.Numerics.Vectors.dll" denendi, ancak böyle bir öğe yoktu.
                 SearchPath "{TargetFrameworkDirectory}" için.
                 "C:\Program Files (x86)\Reference Assemblies\Microsoft\Framework\.NETFramework\v4.6.2\System.Numerics.Vectors.winmd" denendi, ancak böyle bir öğe yoktu.
                 "C:\Program Files (x86)\Reference Assemblies\Microsoft\Framework\.NETFramework\v4.6.2\System.Numerics.Vectors.dll" denendi, ancak böyle bir öğe yoktu.
                 "C:\Program Files (x86)\Reference Assemblies\Microsoft\Framework\.NETFramework\v4.6.2\System.Numerics.Vectors.exe" denendi, ancak böyle bir öğe yoktu.
                 "C:\Program Files (x86)\Reference Assemblies\Microsoft\Framework\.NETFramework\v4.6.2\Facades\System.Numerics.Vectors.winmd" denendi, ancak böyle bir öğe yoktu.
                 "C:\Program Files (x86)\Reference Assemblies\Microsoft\Framework\.NETFramework\v4.6.2\Facades\System.Numerics.Vectors.dll" denendi, ancak böyle bir öğe yoktu.
                 "C:\Program Files (x86)\Reference Assemblies\Microsoft\Framework\.NETFramework\v4.6.2\Facades\System.Numerics.Vectors.exe" denendi, ancak böyle bir öğe yoktu.
                 SearchPath "{Registry:Software\Microsoft\.NETFramework,v4.6.2,AssemblyFoldersEx}" için.
                 AssemblyFoldersEx konumları dikkate alındı.
                 SearchPath "{GAC}" için.
                 "{GAC}\System.Numerics.Vectors.winmd" denendi, ancak böyle bir öğe yoktu.
                 "{GAC}\System.Numerics.Vectors.dll" denendi, ancak böyle bir öğe yoktu.
                 "{GAC}\System.Numerics.Vectors.exe" denendi, ancak böyle bir öğe yoktu.
                 SearchPath "{RawFileName}" için.
                 "System.Numerics.Vectors, Version=4.1.4.0, Culture=neutral, PublicKeyToken=b03f5f7f11d50a3a, processorArchitecture=MSIL" öğesini bir dosya adı olarak kabul etme denendi, ancak böyle bir öğe yoktu.
                 SearchPath "bin\Debug\" için.
                 "bin\Debug\System.Numerics.Vectors.winmd" denendi, ancak böyle bir öğe yoktu.
         "System.Runtime.CompilerServices.Unsafe, Version=6.0.0.0, Culture=neutral, PublicKeyToken=b03f5f7f11d50a3a" birleştirilmiş birincil başvurusu.
             AutoUnify, 'true' olduğundan "c:\Users\Muhammet\Documents\GitHub\Wonderland-Private-Server\wlo.pserver.core\bin\Debug\Google.Protobuf.dll" içinde "4.0.4.1" özgün sürümü yerine bu sürüm kullanılıyor.
             AutoUnify, 'true' olduğundan "c:\Users\Muhammet\Documents\GitHub\Wonderland-Private-Server\wlo.pserver.core\bin\Debug\System.Memory.dll" içinde "4.0.4.1" özgün sürümü yerine bu sürüm kullanılıyor.
             AutoUnify, 'true' olduğundan "c:\Users\Muhammet\Documents\GitHub\Wonderland-Private-Server\wlo.pserver.core\bin\Debug\System.Threading.Tasks.Extensions.dll" içinde "4.0.4.1" özgün sürümü yerine bu sürüm kullanılıyor.
             AutoUnify, 'true' olduğundan "c:\Users\Muhammet\Documents\GitHub\Wonderland-Private-Server\wlo.pserver.core\bin\Debug\ZstdSharp.dll" içinde "4.0.4.1" özgün sürümü yerine bu sürüm kullanılıyor.
             Çözümlenmiş dosya yolu: "c:\Users\Muhammet\Documents\GitHub\Wonderland-Private-Server\wlo.pserver.core\bin\Debug\System.Runtime.CompilerServices.Unsafe.dll".
             Başvuru, "bin\Debug\" arama yolu konumunda bulundu.
                 SearchPath "{HintPathFromItem}" için.
                 "c:\Users\Muhammet\Documents\GitHub\Wonderland-Private-Server\packages\System.Runtime.CompilerServices.Unsafe.6.0.0\lib\net461\System.Runtime.CompilerServices.Unsafe.dll" denendi, ancak böyle bir öğe yoktu.
                 SearchPath "{TargetFrameworkDirectory}" için.
                 "C:\Program Files (x86)\Reference Assemblies\Microsoft\Framework\.NETFramework\v4.6.2\System.Runtime.CompilerServices.Unsafe.winmd" denendi, ancak böyle bir öğe yoktu.
                 "C:\Program Files (x86)\Reference Assemblies\Microsoft\Framework\.NETFramework\v4.6.2\System.Runtime.CompilerServices.Unsafe.dll" denendi, ancak böyle bir öğe yoktu.
                 "C:\Program Files (x86)\Reference Assemblies\Microsoft\Framework\.NETFramework\v4.6.2\System.Runtime.CompilerServices.Unsafe.exe" denendi, ancak böyle bir öğe yoktu.
                 "C:\Program Files (x86)\Reference Assemblies\Microsoft\Framework\.NETFramework\v4.6.2\Facades\System.Runtime.CompilerServices.Unsafe.winmd" denendi, ancak böyle bir öğe yoktu.
                 "C:\Program Files (x86)\Reference Assemblies\Microsoft\Framework\.NETFramework\v4.6.2\Facades\System.Runtime.CompilerServices.Unsafe.dll" denendi, ancak böyle bir öğe yoktu.
                 "C:\Program Files (x86)\Reference Assemblies\Microsoft\Framework\.NETFramework\v4.6.2\Facades\System.Runtime.CompilerServices.Unsafe.exe" denendi, ancak böyle bir öğe yoktu.
                 SearchPath "{Registry:Software\Microsoft\.NETFramework,v4.6.2,AssemblyFoldersEx}" için.
                 AssemblyFoldersEx konumları dikkate alındı.
                 SearchPath "{GAC}" için.
                 "{GAC}\System.Runtime.CompilerServices.Unsafe.winmd" denendi, ancak böyle bir öğe yoktu.
                 "{GAC}\System.Runtime.CompilerServices.Unsafe.dll" denendi, ancak böyle bir öğe yoktu.
                 "{GAC}\System.Runtime.CompilerServices.Unsafe.exe" denendi, ancak böyle bir öğe yoktu.
                 SearchPath "{RawFileName}" için.
                 "System.Runtime.CompilerServices.Unsafe, Version=6.0.0.0, Culture=neutral, PublicKeyToken=b03f5f7f11d50a3a, processorArchitecture=MSIL" öğesini bir dosya adı olarak kabul etme denendi, ancak böyle bir öğe yoktu.
                 SearchPath "bin\Debug\" için.
                 "bin\Debug\System.Runtime.CompilerServices.Unsafe.winmd" denendi, ancak böyle bir öğe yoktu.
         Birincil başvuru: "System.Threading.Tasks.Extensions, Version=4.2.0.1, Culture=neutral, PublicKeyToken=cc7b13ffcd2ddd51".
             Çözümlenmiş dosya yolu: "c:\Users\Muhammet\Documents\GitHub\Wonderland-Private-Server\wlo.pserver.core\bin\Debug\System.Threading.Tasks.Extensions.dll".
             Başvuru, "bin\Debug\" arama yolu konumunda bulundu.
                 SearchPath "{HintPathFromItem}" için.
                 "c:\Users\Muhammet\Documents\GitHub\Wonderland-Private-Server\packages\System.Threading.Tasks.Extensions.4.5.4\lib\net461\System.Threading.Tasks.Extensions.dll" denendi, ancak böyle bir öğe yoktu.
                 SearchPath "{TargetFrameworkDirectory}" için.
                 "C:\Program Files (x86)\Reference Assemblies\Microsoft\Framework\.NETFramework\v4.6.2\System.Threading.Tasks.Extensions.winmd" denendi, ancak böyle bir öğe yoktu.
                 "C:\Program Files (x86)\Reference Assemblies\Microsoft\Framework\.NETFramework\v4.6.2\System.Threading.Tasks.Extensions.dll" denendi, ancak böyle bir öğe yoktu.
                 "C:\Program Files (x86)\Reference Assemblies\Microsoft\Framework\.NETFramework\v4.6.2\System.Threading.Tasks.Extensions.exe" denendi, ancak böyle bir öğe yoktu.
                 "C:\Program Files (x86)\Reference Assemblies\Microsoft\Framework\.NETFramework\v4.6.2\Facades\System.Threading.Tasks.Extensions.winmd" denendi, ancak böyle bir öğe yoktu.
                 "C:\Program Files (x86)\Reference Assemblies\Microsoft\Framework\.NETFramework\v4.6.2\Facades\System.Threading.Tasks.Extensions.dll" denendi, ancak böyle bir öğe yoktu.
                 "C:\Program Files (x86)\Reference Assemblies\Microsoft\Framework\.NETFramework\v4.6.2\Facades\System.Threading.Tasks.Extensions.exe" denendi, ancak böyle bir öğe yoktu.
                 SearchPath "{Registry:Software\Microsoft\.NETFramework,v4.6.2,AssemblyFoldersEx}" için.
                 AssemblyFoldersEx konumları dikkate alındı.
                 SearchPath "{GAC}" için.
                 "{GAC}\System.Threading.Tasks.Extensions.winmd" denendi, ancak böyle bir öğe yoktu.
                 "{GAC}\System.Threading.Tasks.Extensions.dll" denendi, ancak böyle bir öğe yoktu.
                 "{GAC}\System.Threading.Tasks.Extensions.exe" denendi, ancak böyle bir öğe yoktu.
                 SearchPath "{RawFileName}" için.
                 "System.Threading.Tasks.Extensions, Version=4.2.0.1, Culture=neutral, PublicKeyToken=cc7b13ffcd2ddd51, processorArchitecture=MSIL" öğesini bir dosya adı olarak kabul etme denendi, ancak böyle bir öğe yoktu.
                 SearchPath "bin\Debug\" için.
                 "bin\Debug\System.Threading.Tasks.Extensions.winmd" denendi, ancak böyle bir öğe yoktu.
         Birincil başvuru: "System.Transactions, Version=4.0.0.0, Culture=neutral, PublicKeyToken=b77a5c561934e089".
             Çözümlenmiş dosya yolu: "C:\Program Files (x86)\Reference Assemblies\Microsoft\Framework\.NETFramework\v4.6.2\System.Transactions.dll".
             Başvuru, "{TargetFrameworkDirectory}" arama yolu konumunda bulundu.
                 SearchPath "{TargetFrameworkDirectory}" için.
                 "C:\Program Files (x86)\Reference Assemblies\Microsoft\Framework\.NETFramework\v4.6.2\System.Transactions.winmd" denendi, ancak böyle bir öğe yoktu.
             Bu başvuru bir önkoşul dosyası olduğundan "CopyLocal" değildir.
         Birincil başvuru: "System.Xml.Linq, Version=4.0.0.0, Culture=neutral, PublicKeyToken=b77a5c561934e089".
             Çözümlenmiş dosya yolu: "C:\Program Files (x86)\Reference Assemblies\Microsoft\Framework\.NETFramework\v4.6.2\System.Xml.Linq.dll".
             Başvuru, "{TargetFrameworkDirectory}" arama yolu konumunda bulundu.
                 SearchPath "{TargetFrameworkDirectory}" için.
                 "C:\Program Files (x86)\Reference Assemblies\Microsoft\Framework\.NETFramework\v4.6.2\System.Xml.Linq.winmd" denendi, ancak böyle bir öğe yoktu.
             Bu başvuru bir önkoşul dosyası olduğundan "CopyLocal" değildir.
         Birincil başvuru: "System.Data.DataSetExtensions, Version=4.0.0.0, Culture=neutral, PublicKeyToken=b77a5c561934e089".
             Çözümlenmiş dosya yolu: "C:\Program Files (x86)\Reference Assemblies\Microsoft\Framework\.NETFramework\v4.6.2\System.Data.DataSetExtensions.dll".
             Başvuru, "{TargetFrameworkDirectory}" arama yolu konumunda bulundu.
                 SearchPath "{TargetFrameworkDirectory}" için.
                 "C:\Program Files (x86)\Reference Assemblies\Microsoft\Framework\.NETFramework\v4.6.2\System.Data.DataSetExtensions.winmd" denendi, ancak böyle bir öğe yoktu.
             Bu başvuru bir önkoşul dosyası olduğundan "CopyLocal" değildir.
         Birincil başvuru: "Microsoft.CSharp, Version=4.0.0.0, Culture=neutral, PublicKeyToken=b03f5f7f11d50a3a".
             Çözümlenmiş dosya yolu: "C:\Program Files (x86)\Reference Assemblies\Microsoft\Framework\.NETFramework\v4.6.2\Microsoft.CSharp.dll".
             Başvuru, "{TargetFrameworkDirectory}" arama yolu konumunda bulundu.
                 SearchPath "{TargetFrameworkDirectory}" için.
                 "C:\Program Files (x86)\Reference Assemblies\Microsoft\Framework\.NETFramework\v4.6.2\Microsoft.CSharp.winmd" denendi, ancak böyle bir öğe yoktu.
             Bu başvuru bir önkoşul dosyası olduğundan "CopyLocal" değildir.
         Birincil başvuru: "System.Data, Version=4.0.0.0, Culture=neutral, PublicKeyToken=b77a5c561934e089".
             Çözümlenmiş dosya yolu: "C:\Program Files (x86)\Reference Assemblies\Microsoft\Framework\.NETFramework\v4.6.2\System.Data.dll".
             Başvuru, "{TargetFrameworkDirectory}" arama yolu konumunda bulundu.
                 SearchPath "{TargetFrameworkDirectory}" için.
                 "C:\Program Files (x86)\Reference Assemblies\Microsoft\Framework\.NETFramework\v4.6.2\System.Data.winmd" denendi, ancak böyle bir öğe yoktu.
             Bu başvuru bir önkoşul dosyası olduğundan "CopyLocal" değildir.
         Birincil başvuru: "System.Xml, Version=4.0.0.0, Culture=neutral, PublicKeyToken=b77a5c561934e089".
             Çözümlenmiş dosya yolu: "C:\Program Files (x86)\Reference Assemblies\Microsoft\Framework\.NETFramework\v4.6.2\System.Xml.dll".
             Başvuru, "{TargetFrameworkDirectory}" arama yolu konumunda bulundu.
                 SearchPath "{TargetFrameworkDirectory}" için.
                 "C:\Program Files (x86)\Reference Assemblies\Microsoft\Framework\.NETFramework\v4.6.2\System.Xml.winmd" denendi, ancak böyle bir öğe yoktu.
             Bu başvuru bir önkoşul dosyası olduğundan "CopyLocal" değildir.
         Birincil başvuru: "ZstdSharp, Version=0.8.0.0, Culture=neutral, PublicKeyToken=8d151af33a4ad5cf".
             Çözümlenmiş dosya yolu: "c:\Users\Muhammet\Documents\GitHub\Wonderland-Private-Server\wlo.pserver.core\bin\Debug\ZstdSharp.dll".
             Başvuru, "bin\Debug\" arama yolu konumunda bulundu.
                 SearchPath "{HintPathFromItem}" için.
                 "c:\Users\Muhammet\Documents\GitHub\Wonderland-Private-Server\packages\ZstdSharp.Port.0.8.0\lib\net462\ZstdSharp.dll" denendi, ancak böyle bir öğe yoktu.
                 SearchPath "{TargetFrameworkDirectory}" için.
                 "C:\Program Files (x86)\Reference Assemblies\Microsoft\Framework\.NETFramework\v4.6.2\ZstdSharp.winmd" denendi, ancak böyle bir öğe yoktu.
                 "C:\Program Files (x86)\Reference Assemblies\Microsoft\Framework\.NETFramework\v4.6.2\ZstdSharp.dll" denendi, ancak böyle bir öğe yoktu.
                 "C:\Program Files (x86)\Reference Assemblies\Microsoft\Framework\.NETFramework\v4.6.2\ZstdSharp.exe" denendi, ancak böyle bir öğe yoktu.
                 "C:\Program Files (x86)\Reference Assemblies\Microsoft\Framework\.NETFramework\v4.6.2\Facades\ZstdSharp.winmd" denendi, ancak böyle bir öğe yoktu.
                 "C:\Program Files (x86)\Reference Assemblies\Microsoft\Framework\.NETFramework\v4.6.2\Facades\ZstdSharp.dll" denendi, ancak böyle bir öğe yoktu.
                 "C:\Program Files (x86)\Reference Assemblies\Microsoft\Framework\.NETFramework\v4.6.2\Facades\ZstdSharp.exe" denendi, ancak böyle bir öğe yoktu.
                 SearchPath "{Registry:Software\Microsoft\.NETFramework,v4.6.2,AssemblyFoldersEx}" için.
                 AssemblyFoldersEx konumları dikkate alındı.
                 SearchPath "{GAC}" için.
                 "{GAC}\ZstdSharp.winmd" denendi, ancak böyle bir öğe yoktu.
                 "{GAC}\ZstdSharp.dll" denendi, ancak böyle bir öğe yoktu.
                 "{GAC}\ZstdSharp.exe" denendi, ancak böyle bir öğe yoktu.
                 SearchPath "{RawFileName}" için.
                 "ZstdSharp, Version=0.8.0.0, Culture=neutral, PublicKeyToken=8d151af33a4ad5cf, processorArchitecture=MSIL" öğesini bir dosya adı olarak kabul etme denendi, ancak böyle bir öğe yoktu.
                 SearchPath "bin\Debug\" için.
                 "bin\Debug\ZstdSharp.winmd" denendi, ancak böyle bir öğe yoktu.
         Birincil başvuru: "System.Core, Version=4.0.0.0, Culture=neutral, PublicKeyToken=b77a5c561934e089".
             Çözümlenmiş dosya yolu: "C:\Program Files (x86)\Reference Assemblies\Microsoft\Framework\.NETFramework\v4.6.2\System.Core.dll".
             Başvuru, "{TargetFrameworkDirectory}" arama yolu konumunda bulundu.
                 SearchPath "{TargetFrameworkDirectory}" için.
                 "C:\Program Files (x86)\Reference Assemblies\Microsoft\Framework\.NETFramework\v4.6.2\System.Core.winmd" denendi, ancak böyle bir öğe yoktu.
             Bu başvuru bir önkoşul dosyası olduğundan "CopyLocal" değildir.
         "System.Drawing, Version=4.0.0.0, Culture=neutral, PublicKeyToken=b03f5f7f11d50a3a" bağımlılığı.
             Çözümlenmiş dosya yolu: "C:\Program Files (x86)\Reference Assemblies\Microsoft\Framework\.NETFramework\v4.6.2\System.Drawing.dll".
             Başvuru, "{TargetFrameworkDirectory}" arama yolu konumunda bulundu.
                 "c:\Users\Muhammet\Documents\GitHub\Wonderland-Private-Server\RCLibrary\bin\Debug\net462" SearchPath için ("c:\Users\Muhammet\Documents\GitHub\Wonderland-Private-Server\RCLibrary\bin\Debug\net462\RCLibrary.dll" başvuru derlemesi tarafından eklendi).
                 "c:\Users\Muhammet\Documents\GitHub\Wonderland-Private-Server\RCLibrary\bin\Debug\net462\System.Drawing.winmd" denendi, ancak böyle bir öğe yoktu.
                 "c:\Users\Muhammet\Documents\GitHub\Wonderland-Private-Server\RCLibrary\bin\Debug\net462\System.Drawing.dll" denendi, ancak böyle bir öğe yoktu.
                 "c:\Users\Muhammet\Documents\GitHub\Wonderland-Private-Server\RCLibrary\bin\Debug\net462\System.Drawing.exe" denendi, ancak böyle bir öğe yoktu.
                 SearchPath "{TargetFrameworkDirectory}" için.
                 "C:\Program Files (x86)\Reference Assemblies\Microsoft\Framework\.NETFramework\v4.6.2\System.Drawing.winmd" denendi, ancak böyle bir öğe yoktu.
             "c:\Users\Muhammet\Documents\GitHub\Wonderland-Private-Server\RCLibrary\bin\Debug\net462\RCLibrary.dll" için gerekli.
             "System.Configuration.ConfigurationManager, Version=8.0.0.0, Culture=neutral, PublicKeyToken=cc7b13ffcd2ddd51, processorArchitecture=MSIL" için gerekli.
             Bu başvuru bir önkoşul dosyası olduğundan "CopyLocal" değildir.
         "System.Windows.Forms, Version=4.0.0.0, Culture=neutral, PublicKeyToken=b77a5c561934e089" bağımlılığı.
             Çözümlenmiş dosya yolu: "C:\Program Files (x86)\Reference Assemblies\Microsoft\Framework\.NETFramework\v4.6.2\System.Windows.Forms.dll".
             Başvuru, "{TargetFrameworkDirectory}" arama yolu konumunda bulundu.
                 "c:\Users\Muhammet\Documents\GitHub\Wonderland-Private-Server\RCLibrary\bin\Debug\net462" SearchPath için ("c:\Users\Muhammet\Documents\GitHub\Wonderland-Private-Server\RCLibrary\bin\Debug\net462\RCLibrary.dll" başvuru derlemesi tarafından eklendi).
                 "c:\Users\Muhammet\Documents\GitHub\Wonderland-Private-Server\RCLibrary\bin\Debug\net462\System.Windows.Forms.winmd" denendi, ancak böyle bir öğe yoktu.
                 "c:\Users\Muhammet\Documents\GitHub\Wonderland-Private-Server\RCLibrary\bin\Debug\net462\System.Windows.Forms.dll" denendi, ancak böyle bir öğe yoktu.
                 "c:\Users\Muhammet\Documents\GitHub\Wonderland-Private-Server\RCLibrary\bin\Debug\net462\System.Windows.Forms.exe" denendi, ancak böyle bir öğe yoktu.
                 SearchPath "{TargetFrameworkDirectory}" için.
                 "C:\Program Files (x86)\Reference Assemblies\Microsoft\Framework\.NETFramework\v4.6.2\System.Windows.Forms.winmd" denendi, ancak böyle bir öğe yoktu.
             "c:\Users\Muhammet\Documents\GitHub\Wonderland-Private-Server\RCLibrary\bin\Debug\net462\RCLibrary.dll" için gerekli.
             Bu başvuru bir önkoşul dosyası olduğundan "CopyLocal" değildir.
         "System.Data.SQLite, Version=1.0.94.0, Culture=neutral, PublicKeyToken=db937bc2d44ff139" bağımlılığı.
             Çözümlenmiş dosya yolu: "c:\Users\Muhammet\Documents\GitHub\Wonderland-Private-Server\RCLibrary\bin\Debug\net462\System.Data.SQLite.dll".
             Başvuru, "c:\Users\Muhammet\Documents\GitHub\Wonderland-Private-Server\RCLibrary\bin\Debug\net462" arama yolu konumunda bulundu.
                 "c:\Users\Muhammet\Documents\GitHub\Wonderland-Private-Server\RCLibrary\bin\Debug\net462" SearchPath için ("c:\Users\Muhammet\Documents\GitHub\Wonderland-Private-Server\RCLibrary\bin\Debug\net462\RCLibrary.dll" başvuru derlemesi tarafından eklendi).
                 "c:\Users\Muhammet\Documents\GitHub\Wonderland-Private-Server\RCLibrary\bin\Debug\net462\System.Data.SQLite.winmd" denendi, ancak böyle bir öğe yoktu.
             "c:\Users\Muhammet\Documents\GitHub\Wonderland-Private-Server\RCLibrary\bin\Debug\net462\RCLibrary.dll" için gerekli.
       "ResolveAssemblyReference" görevini yürütme tamamlandı.
   1:7>"wlo.pserver.core.csproj" projesinde "ResolveAssemblyReferences" hedefini oluşturma tamamlandı.
       Yanlış koşul nedeniyle "GenerateBindingRedirects" hedefi atlandı; ('$(AutoGenerateBindingRedirects)' == 'true' and '$(GenerateBindingRedirectsOutputType)' == 'true' and '@(SuggestedBindingRedirects)' != '' and '$(DesignTimeBuild)' != 'true' and '$(BuildingProject)' == 'true'), ('' == 'true' and '' == 'true' and 'System.Memory, Culture=neutral, PublicKeyToken=cc7b13ffcd2ddd51;System.Runtime.CompilerServices.Unsafe, Culture=neutral, PublicKeyToken=b03f5f7f11d50a3a' != '' and '' != 'true' and 'true' == 'true') olarak değerlendirildi.
       Yanlış koşul nedeniyle "_RemoveZipFileSuggestedRedirect" hedefi atlandı; ('$(_TargetFrameworkVersionWithoutV)' >= '4.7.1' And '$(AllowZipFileRedirect)' != 'true'), ('4.6.2' >= '4.7.1' And '' != 'true') olarak değerlendirildi.
       Yanlış koşul nedeniyle "GenerateBindingRedirectsUpdateAppConfig" hedefi atlandı; ('$(AutoGenerateBindingRedirects)' == 'true' and '$(GenerateBindingRedirectsOutputType)' == 'true'), ('' == 'true' and '' == 'true') olarak değerlendirildi.
       Yanlış koşul nedeniyle "ResolveComReferences" hedefi atlandı; ('@(COMReference)'!='' or '@(COMFileReference)'!=''), (''!='' or ''!='') olarak değerlendirildi.
   1:7>"c:\Users\Muhammet\Documents\GitHub\Wonderland-Private-Server\wlo.pserver.core\wlo.pserver.core.csproj" projesinin "C:\Program Files\dotnet\sdk\9.0.308\Microsoft.Common.CurrentVersion.targets" dosyasındaki "AfterResolveReferences" hedefi ("ResolveReferences" hedefi buna bağımlı):
   1:7>"wlo.pserver.core.csproj" projesinde "AfterResolveReferences" hedefini oluşturma tamamlandı.
       "GetReferenceAssemblyPaths" hedefi atlandı. Önceden başarılı bir şekilde derlenmişti.
   1:7>"c:\Users\Muhammet\Documents\GitHub\Wonderland-Private-Server\wlo.pserver.core\wlo.pserver.core.csproj" projesinin "C:\Program Files\dotnet\sdk\9.0.308\Microsoft.NETFramework.CurrentVersion.targets" dosyasındaki "ImplicitlyExpandDesignTimeFacades" hedefi ("ResolveReferences" hedefi buna bağımlı):
   1:7>"wlo.pserver.core.csproj" projesinde "ImplicitlyExpandDesignTimeFacades" hedefini oluşturma tamamlandı.
   1:7>"c:\Users\Muhammet\Documents\GitHub\Wonderland-Private-Server\wlo.pserver.core\wlo.pserver.core.csproj" projesinin "C:\Program Files\dotnet\sdk\9.0.308\Microsoft.Common.CurrentVersion.targets" dosyasındaki "ResolveReferences" hedefi ("CoreBuild" hedefi buna bağımlı):
   1:7>"wlo.pserver.core.csproj" projesinde "ResolveReferences" hedefini oluşturma tamamlandı.
   1:7>"c:\Users\Muhammet\Documents\GitHub\Wonderland-Private-Server\wlo.pserver.core\wlo.pserver.core.csproj" projesinin "C:\Program Files\dotnet\sdk\9.0.308\Roslyn\Microsoft.Managed.Core.targets" dosyasındaki "CopyAdditionalFiles" hedefi ("AssignTargetPaths" hedefi buna bağımlı):
   1:7>"wlo.pserver.core.csproj" projesinde "CopyAdditionalFiles" hedefini oluşturma tamamlandı.
   1:7>"c:\Users\Muhammet\Documents\GitHub\Wonderland-Private-Server\wlo.pserver.core\wlo.pserver.core.csproj" projesinin "C:\Program Files\dotnet\sdk\9.0.308\Microsoft.Common.CurrentVersion.targets" dosyasındaki "AssignTargetPaths" hedefi ("PrepareResourceNames" hedefi buna bağımlı):
       "AssignTargetPath" görevi
       "AssignTargetPath" görevini yürütme tamamlandı.
       "AssignTargetPath" görevi
       "AssignTargetPath" görevini yürütme tamamlandı.
       "AssignTargetPath" görevi
       "AssignTargetPath" görevini yürütme tamamlandı.
       "AssignTargetPath" görevi
       "AssignTargetPath" görevini yürütme tamamlandı.
       Yanlış koşul nedeniyle "AssignTargetPath" görevi atlandı; ('@(_DeploymentBaseManifestWithTargetPath)'=='' and '%(None.Extension)'=='.manifest'), (''=='' and '.config'=='.manifest') olarak değerlendirildi.
   1:7>"wlo.pserver.core.csproj" projesinde "AssignTargetPaths" hedefini oluşturma tamamlandı.
       "AssignTargetPaths" hedefi atlandı. Önceden başarılı bir şekilde derlenmişti.
   1:7>"c:\Users\Muhammet\Documents\GitHub\Wonderland-Private-Server\wlo.pserver.core\wlo.pserver.core.csproj" projesinin "C:\Program Files\dotnet\sdk\9.0.308\Microsoft.Common.CurrentVersion.targets" dosyasındaki "SplitResourcesByCulture" hedefi ("PrepareResourceNames" hedefi buna bağımlı):
       Yanlış koşul nedeniyle "MSBuildInternalMessage" görevi atlandı; ('@(ResxWithNoCulture)'!=''), (''!='') olarak değerlendirildi.
       Yanlış koşul nedeniyle "MSBuildInternalMessage" görevi atlandı; ('@(ResxWithCulture)'!=''), (''!='') olarak değerlendirildi.
       Yanlış koşul nedeniyle "MSBuildInternalMessage" görevi atlandı; ('@(NonResxWithCulture)'!=''), (''!='') olarak değerlendirildi.
       Yanlış koşul nedeniyle "MSBuildInternalMessage" görevi atlandı; ('@(NonResxWithNoCulture)'!=''), (''!='') olarak değerlendirildi.
       "AssignCulture" görevi
       "AssignCulture" görevini yürütme tamamlandı.
   1:7>"wlo.pserver.core.csproj" projesinde "SplitResourcesByCulture" hedefini oluşturma tamamlandı.
       Yanlış koşul nedeniyle "CreateManifestResourceNames" hedefi atlandı; ('@(EmbeddedResource)' != ''), ('' != '') olarak değerlendirildi.
   1:7>"c:\Users\Muhammet\Documents\GitHub\Wonderland-Private-Server\wlo.pserver.core\wlo.pserver.core.csproj" projesinin "C:\Program Files\dotnet\sdk\9.0.308\Microsoft.Common.CurrentVersion.targets" dosyasındaki "CreateCustomManifestResourceNames" hedefi ("PrepareResourceNames" hedefi buna bağımlı):
   1:7>"wlo.pserver.core.csproj" projesinde "CreateCustomManifestResourceNames" hedefini oluşturma tamamlandı.
   1:7>"c:\Users\Muhammet\Documents\GitHub\Wonderland-Private-Server\wlo.pserver.core\wlo.pserver.core.csproj" projesinin "C:\Program Files\dotnet\sdk\9.0.308\Microsoft.Common.CurrentVersion.targets" dosyasındaki "PrepareResourceNames" hedefi ("PrepareResources" hedefi buna bağımlı):
   1:7>"wlo.pserver.core.csproj" projesinde "PrepareResourceNames" hedefini oluşturma tamamlandı.
       "ResolveAssemblyReferences" hedefi atlandı. Önceden başarılı bir şekilde derlenmişti.
       "SplitResourcesByCulture" hedefi atlandı. Önceden başarılı bir şekilde derlenmişti.
   1:7>"c:\Users\Muhammet\Documents\GitHub\Wonderland-Private-Server\wlo.pserver.core\wlo.pserver.core.csproj" projesinin "C:\Program Files\dotnet\sdk\9.0.308\Microsoft.Common.CurrentVersion.targets" dosyasındaki "BeforeResGen" hedefi ("ResGen" hedefi buna bağımlı):
   1:7>"wlo.pserver.core.csproj" projesinde "BeforeResGen" hedefini oluşturma tamamlandı.
       "ResolveReferences" hedefi atlandı. Önceden başarılı bir şekilde derlenmişti.
   1:7>"c:\Users\Muhammet\Documents\GitHub\Wonderland-Private-Server\wlo.pserver.core\wlo.pserver.core.csproj" projesinin "C:\Program Files\dotnet\sdk\9.0.308\Microsoft.Common.CurrentVersion.targets" dosyasındaki "FindReferenceAssembliesForReferences" hedefi ("CoreResGen" hedefi buna bağımlı):
   1:7>"wlo.pserver.core.csproj" projesinde "FindReferenceAssembliesForReferences" hedefini oluşturma tamamlandı.
   1:7>"c:\Users\Muhammet\Documents\GitHub\Wonderland-Private-Server\wlo.pserver.core\wlo.pserver.core.csproj" projesinin "C:\Program Files\dotnet\sdk\9.0.308\Microsoft.Common.CurrentVersion.targets" dosyasındaki "CoreResGen" hedefi ("ResGen" hedefi buna bağımlı):
       Yanlış koşul nedeniyle "GenerateResource" görevi atlandı; ('%(EmbeddedResource.Type)' == 'Resx' and '%(EmbeddedResource.GenerateResource)' != 'false' and '$(GenerateResourceMSBuildRuntime)' != 'CLR2'), ('' == 'Resx' and '' != 'false' and '' != 'CLR2') olarak değerlendirildi.
       Yanlış koşul nedeniyle "GenerateResource" görevi atlandı; ('%(EmbeddedResource.Type)' == 'Resx' and '%(EmbeddedResource.GenerateResource)' != 'false' and '$(GenerateResourceMSBuildRuntime)' == 'CLR2'), ('' == 'Resx' and '' != 'false' and '' == 'CLR2') olarak değerlendirildi.
   1:7>"wlo.pserver.core.csproj" projesinde "CoreResGen" hedefini oluşturma tamamlandı.
   1:7>"c:\Users\Muhammet\Documents\GitHub\Wonderland-Private-Server\wlo.pserver.core\wlo.pserver.core.csproj" projesinin "C:\Program Files\dotnet\sdk\9.0.308\Microsoft.Common.CurrentVersion.targets" dosyasındaki "AfterResGen" hedefi ("ResGen" hedefi buna bağımlı):
   1:7>"wlo.pserver.core.csproj" projesinde "AfterResGen" hedefini oluşturma tamamlandı.
   1:7>"c:\Users\Muhammet\Documents\GitHub\Wonderland-Private-Server\wlo.pserver.core\wlo.pserver.core.csproj" projesinin "C:\Program Files\dotnet\sdk\9.0.308\Microsoft.Common.CurrentVersion.targets" dosyasındaki "ResGen" hedefi ("PrepareResources" hedefi buna bağımlı):
   1:7>"wlo.pserver.core.csproj" projesinde "ResGen" hedefini oluşturma tamamlandı.
       Yanlış koşul nedeniyle "CompileLicxFiles" hedefi atlandı; ('@(_LicxFile)'!=''), (''!='') olarak değerlendirildi.
   1:7>"c:\Users\Muhammet\Documents\GitHub\Wonderland-Private-Server\wlo.pserver.core\wlo.pserver.core.csproj" projesinin "C:\Program Files\dotnet\sdk\9.0.308\Microsoft.Common.CurrentVersion.targets" dosyasındaki "PrepareResources" hedefi ("CoreBuild" hedefi buna bağımlı):
   1:7>"wlo.pserver.core.csproj" projesinde "PrepareResources" hedefini oluşturma tamamlandı.
       Yanlış koşul nedeniyle "ResolveKeySource" hedefi atlandı; ($(SignManifests) == 'true' or $(SignAssembly) == 'true'), ( == 'true' or  == 'true') olarak değerlendirildi.
       "ResolveReferences" hedefi atlandı. Önceden başarılı bir şekilde derlenmişti.
       Yanlış koşul nedeniyle "ResolveKeySource" hedefi atlandı; ($(SignManifests) == 'true' or $(SignAssembly) == 'true'), ( == 'true' or  == 'true') olarak değerlendirildi.
       Yanlış koşul nedeniyle "ResolveComReferences" hedefi atlandı; ('@(COMReference)'!='' or '@(COMFileReference)'!=''), (''!='' or ''!='') olarak değerlendirildi.
       Yanlış koşul nedeniyle "ResolveNativeReferences" hedefi atlandı; ('@(NativeReference)'!=''), (''!='') olarak değerlendirildi.
       Yanlış koşul nedeniyle "_SetExternalWin32ManifestProperties" hedefi atlandı; ('$(GenerateClickOnceManifests)'=='true' or '@(NativeReference)'!='' or '@(ResolvedIsolatedComModules)'!=''), (''=='true' or ''!='' or ''!='') olarak değerlendirildi.
   1:7>"c:\Users\Muhammet\Documents\GitHub\Wonderland-Private-Server\wlo.pserver.core\wlo.pserver.core.csproj" projesinin "C:\Program Files\dotnet\sdk\9.0.308\Microsoft.Common.CurrentVersion.targets" dosyasındaki "_SetEmbeddedWin32ManifestProperties" hedefi ("SetWin32ManifestProperties" hedefi buna bağımlı):
       "GetFrameworkPath" görevi
       "GetFrameworkPath" görevini yürütme tamamlandı.
   1:7>"wlo.pserver.core.csproj" projesinde "_SetEmbeddedWin32ManifestProperties" hedefini oluşturma tamamlandı.
   1:7>"c:\Users\Muhammet\Documents\GitHub\Wonderland-Private-Server\wlo.pserver.core\wlo.pserver.core.csproj" projesinin "C:\Program Files\dotnet\sdk\9.0.308\Microsoft.Common.CurrentVersion.targets" dosyasındaki "SetWin32ManifestProperties" hedefi ("Compile" hedefi buna bağımlı):
   1:7>"wlo.pserver.core.csproj" projesinde "SetWin32ManifestProperties" hedefini oluşturma tamamlandı.
       Yanlış koşul nedeniyle "_SetPreferNativeArm64Win32ManifestProperties" hedefi atlandı; ( '$(PreferNativeArm64)'=='true' and '$(NoWin32Manifest)'!='true'), ( ''=='true' and ''!='true') olarak değerlendirildi.
       "FindReferenceAssembliesForReferences" hedefi atlandı. Önceden başarılı bir şekilde derlenmişti.
   1:7>"c:\Users\Muhammet\Documents\GitHub\Wonderland-Private-Server\wlo.pserver.core\wlo.pserver.core.csproj" projesinin "C:\Program Files\dotnet\sdk\9.0.308\Microsoft.Common.CurrentVersion.targets" dosyasındaki "_GenerateCompileInputs" hedefi ("Compile" hedefi buna bağımlı):
       Yanlış koşul nedeniyle "MSBuildInternalMessage" görevi atlandı; ('@(ManifestResourceWithNoCulture)'!='' and '%(ManifestResourceWithNoCulture.EmittedForCompatibilityOnly)'==''), (''!='' and ''=='') olarak değerlendirildi.
       Yanlış koşul nedeniyle "MSBuildInternalMessage" görevi atlandı; ('@(ManifestNonResxWithNoCultureOnDisk)'!='' and '%(ManifestNonResxWithNoCultureOnDisk.EmittedForCompatibilityOnly)'==''), (''!='' and ''=='') olarak değerlendirildi.
   1:7>"wlo.pserver.core.csproj" projesinde "_GenerateCompileInputs" hedefini oluşturma tamamlandı.
       "PrepareForBuild" hedefi atlandı. Önceden başarılı bir şekilde derlenmişti.
   1:7>"c:\Users\Muhammet\Documents\GitHub\Wonderland-Private-Server\wlo.pserver.core\wlo.pserver.core.csproj" projesinin "C:\Program Files\dotnet\sdk\9.0.308\Roslyn\Microsoft.Managed.Core.targets" dosyasındaki "GenerateMSBuildEditorConfigFileShouldRun" hedefi ("GenerateMSBuildEditorConfigFile" hedefi buna bağımlı):
   1:7>"wlo.pserver.core.csproj" projesinde "GenerateMSBuildEditorConfigFileShouldRun" hedefini oluşturma tamamlandı.
       Yanlış koşul nedeniyle "GenerateMSBuildEditorConfigFileCore" hedefi atlandı; ('$(_GeneratedEditorConfigShouldRun)' == 'true'), ('' == 'true') olarak değerlendirildi.
   1:7>"c:\Users\Muhammet\Documents\GitHub\Wonderland-Private-Server\wlo.pserver.core\wlo.pserver.core.csproj" projesinin "C:\Program Files\dotnet\sdk\9.0.308\Roslyn\Microsoft.Managed.Core.targets" dosyasındaki "GenerateMSBuildEditorConfigFile" hedefi ("BeforeCompile" hedefi buna bağımlı):
   1:7>"wlo.pserver.core.csproj" projesinde "GenerateMSBuildEditorConfigFile" hedefini oluşturma tamamlandı.
       "PrepareForBuild" hedefi atlandı. Önceden başarılı bir şekilde derlenmişti.
       "GetReferenceAssemblyPaths" hedefi atlandı. Önceden başarılı bir şekilde derlenmişti.
   1:7>"c:\Users\Muhammet\Documents\GitHub\Wonderland-Private-Server\wlo.pserver.core\wlo.pserver.core.csproj" projesinin "C:\Program Files\dotnet\sdk\9.0.308\Microsoft.CSharp.CurrentVersion.targets" dosyasındaki "_SetTargetFrameworkMonikerAttribute" hedefi ("GenerateTargetFrameworkMonikerAttribute" hedefi buna bağımlı):
   1:7>"wlo.pserver.core.csproj" projesinde "_SetTargetFrameworkMonikerAttribute" hedefini oluşturma tamamlandı.
   1:7>"c:\Users\Muhammet\Documents\GitHub\Wonderland-Private-Server\wlo.pserver.core\wlo.pserver.core.csproj" projesinin "C:\Program Files\dotnet\sdk\9.0.308\Microsoft.Common.CurrentVersion.targets" dosyasındaki "GenerateTargetFrameworkMonikerAttribute" hedefi ("BeforeCompile" hedefi buna bağımlı):
       Tüm çıkış dosyaları, giriş dosyalarına göre güncel durumda olduğundan "GenerateTargetFrameworkMonikerAttribute" hedefi atlanıyor.
       Giriş dosyaları: C:\Program Files\dotnet\sdk\9.0.308\Microsoft.Common.targets
       Çıkış dosyaları: obj\Debug\.NETFramework,Version=v4.6.2.AssemblyAttributes.cs
   1:7>"wlo.pserver.core.csproj" projesinde "GenerateTargetFrameworkMonikerAttribute" hedefini oluşturma tamamlandı.
       Yanlış koşul nedeniyle "GenerateAdditionalSources" hedefi atlandı; ('@(AssemblyAttributes)' != '' and '$(GenerateAdditionalSources)' == 'true'), ('' != '' and '' == 'true') olarak değerlendirildi.
   1:7>"c:\Users\Muhammet\Documents\GitHub\Wonderland-Private-Server\wlo.pserver.core\wlo.pserver.core.csproj" projesinin "C:\Program Files\dotnet\sdk\9.0.308\Microsoft.Common.CurrentVersion.targets" dosyasındaki "BeforeCompile" hedefi ("Compile" hedefi buna bağımlı):
   1:7>"wlo.pserver.core.csproj" projesinde "BeforeCompile" hedefini oluşturma tamamlandı.
       Yanlış koşul nedeniyle "_TimeStampBeforeCompile" hedefi atlandı; ('$(RunPostBuildEvent)'=='OnOutputUpdated' or ('$(RegisterForComInterop)'=='true' and '$(OutputType)'=='library')), (''=='OnOutputUpdated' or (''=='true' and 'Library'=='library')) olarak değerlendirildi.
       "ResolveAssemblyReferences" hedefi atlandı. Önceden başarılı bir şekilde derlenmişti.
       "_GenerateCompileInputs" hedefi atlandı. Önceden başarılı bir şekilde derlenmişti.
   1:7>"c:\Users\Muhammet\Documents\GitHub\Wonderland-Private-Server\wlo.pserver.core\wlo.pserver.core.csproj" projesinin "C:\Program Files\dotnet\sdk\9.0.308\Microsoft.Common.CurrentVersion.targets" dosyasındaki "_GenerateCompileDependencyCache" hedefi ("Compile" hedefi buna bağımlı):
       "Hash" görevi
       "Hash" görevini yürütme tamamlandı.
       "WriteLinesToFile" görevi
         İçerik değişmeyeceğinden "obj\Debug\wlo.pserver.core.csproj.CoreCompileInputs.cache" dosyası üzerine yazma işlemi atlanacak.
       "WriteLinesToFile" görevini yürütme tamamlandı.
   1:7>"wlo.pserver.core.csproj" projesinde "_GenerateCompileDependencyCache" hedefini oluşturma tamamlandı.
       Yanlış koşul nedeniyle "_ComputeNonExistentFileProperty" hedefi atlandı; (('$(BuildingInsideVisualStudio)' == 'true') and ('$(BuildingOutOfProcess)' != 'true') and (('$(BuildingProject)' == 'false') or ('$(UseHostCompilerIfAvailable)' == 'true'))), (('' == 'true') and ('' != 'true') and (('true' == 'false') or ('true' == 'true'))) olarak değerlendirildi.
       Yanlış koşul nedeniyle "ResolveCodeAnalysisRuleSet" hedefi atlandı; ('$(CodeAnalysisRuleSet)' != ''), ('' != '') olarak değerlendirildi.
       Yanlış koşul nedeniyle "ShimReferencePathsWhenCommonTargetsDoesNotUnderstandReferenceAssemblies" hedefi atlandı; ('@(ReferencePathWithRefAssemblies)' == ''), ('c:\Users\Muhammet\Documents\GitHub\Wonderland-Private-Server\wlo.pserver.core\bin\Debug\BouncyCastle.Cryptography.dll;c:\Users\Muhammet\Documents\GitHub\Wonderland-Private-Server\wlo.pserver.core\bin\Debug\Google.Protobuf.dll;c:\Users\Muhammet\Documents\GitHub\Wonderland-Private-Server\wlo.pserver.core\bin\Debug\K4os.Compression.LZ4.dll;...' == '') olarak değerlendirildi.
   1:7>"c:\Users\Muhammet\Documents\GitHub\Wonderland-Private-Server\wlo.pserver.core\wlo.pserver.core.csproj" projesinin "C:\Program Files\dotnet\sdk\9.0.308\Roslyn\Microsoft.Managed.Core.targets" dosyasındaki "_BeforeVBCSCoreCompile" hedefi ("CoreCompile" hedefi buna bağımlı):
   1:7>"wlo.pserver.core.csproj" projesinde "_BeforeVBCSCoreCompile" hedefini oluşturma tamamlandı.
       Yanlış koşul nedeniyle "ShimReferencePathsWhenCommonTargetsDoesNotUnderstandReferenceAssemblies" hedefi atlandı; ('@(ReferencePathWithRefAssemblies)' == ''), ('c:\Users\Muhammet\Documents\GitHub\Wonderland-Private-Server\wlo.pserver.core\bin\Debug\BouncyCastle.Cryptography.dll;c:\Users\Muhammet\Documents\GitHub\Wonderland-Private-Server\wlo.pserver.core\bin\Debug\Google.Protobuf.dll;c:\Users\Muhammet\Documents\GitHub\Wonderland-Private-Server\wlo.pserver.core\bin\Debug\K4os.Compression.LZ4.dll;...' == '') olarak değerlendirildi.
   1:7>"c:\Users\Muhammet\Documents\GitHub\Wonderland-Private-Server\wlo.pserver.core\wlo.pserver.core.csproj" projesinin "C:\Program Files\dotnet\sdk\9.0.308\Roslyn\Microsoft.Managed.Core.targets" dosyasındaki "_ComputeSkipAnalyzers" hedefi ("CoreCompile" hedefi buna bağımlı):
       Yanlış koşul nedeniyle "ShowMessageForImplicitlySkipAnalyzers" görevi atlandı; ('$(_ImplicitlySkipAnalyzers)' == 'true'), ('' == 'true') olarak değerlendirildi.
   1:7>"wlo.pserver.core.csproj" projesinde "_ComputeSkipAnalyzers" hedefini oluşturma tamamlandı.
       Yanlış koşul nedeniyle "_SetPathMapFromSourceRoots" hedefi atlandı; ('$(DeterministicSourcePaths)' == 'true'), ('' == 'true') olarak değerlendirildi.
       Yanlış koşul nedeniyle "CreateCompilerGeneratedFilesOutputPath" hedefi atlandı; ('$(EmitCompilerGeneratedFiles)' == 'true' and !('$(DesignTimeBuild)' == 'true' OR '$(BuildingProject)' != 'true')), ('false' == 'true' and !('' == 'true' OR 'true' != 'true')) olarak değerlendirildi.
   1:7>"c:\Users\Muhammet\Documents\GitHub\Wonderland-Private-Server\wlo.pserver.core\wlo.pserver.core.csproj" projesinin "C:\Program Files\dotnet\sdk\9.0.308\Roslyn\Microsoft.CSharp.Core.targets" dosyasındaki "CoreCompile" hedefi ("Compile" hedefi buna bağımlı):
       "CoreCompile" hedefi tam olarak oluşturuluyor.
       "obj\Debug\wlo.pserver.core.dll" çıkış dosyası yok.
       "C:\Program Files\dotnet\sdk\9.0.308\Roslyn\Microsoft.Build.Tasks.CodeAnalysis.dll" derlemesindeki "Csc" görevi kullanılıyor.
       "Csc" görevi
         C:\Program Files\dotnet\dotnet.exe exec "C:\Program Files\dotnet\sdk\9.0.308\Roslyn\bincore\csc.dll" /noconfig /unsafe+ /nowarn:1701,1702 /fullpaths /nostdlib+ /platform:AnyCPU /errorreport:prompt /warn:4 /define:DEBUG;TRACE /highentropyva+ /reference:c:\Users\Muhammet\Documents\GitHub\Wonderland-Private-Server\wlo.pserver.core\bin\Debug\BouncyCastle.Cryptography.dll /reference:c:\Users\Muhammet\Documents\GitHub\Wonderland-Private-Server\wlo.pserver.core\bin\Debug\Google.Protobuf.dll /reference:c:\Users\Muhammet\Documents\GitHub\Wonderland-Private-Server\wlo.pserver.core\bin\Debug\K4os.Compression.LZ4.dll /reference:c:\Users\Muhammet\Documents\GitHub\Wonderland-Private-Server\wlo.pserver.core\bin\Debug\K4os.Compression.LZ4.Streams.dll /reference:c:\Users\Muhammet\Documents\GitHub\Wonderland-Private-Server\wlo.pserver.core\bin\Debug\K4os.Hash.xxHash.dll /reference:c:\Users\Muhammet\Documents\GitHub\Wonderland-Private-Server\wlo.pserver.core\bin\Debug\Microsoft.Bcl.AsyncInterfaces.dll /reference:"C:\Program Files (x86)\Reference Assemblies\Microsoft\Framework\.NETFramework\v4.6.2\Microsoft.CSharp.dll" /reference:"C:\Program Files (x86)\Reference Assemblies\Microsoft\Framework\.NETFramework\v4.6.2\mscorlib.dll" /reference:c:\Users\Muhammet\Documents\GitHub\Wonderland-Private-Server\wlo.pserver.core\bin\Debug\MySql.Data.dll /reference:C:\Users\Muhammet\Documents\GitHub\Wonderland-Private-Server\PhoenixData\bin\Debug\net462\PhoenixData.dll /reference:c:\Users\Muhammet\Documents\GitHub\Wonderland-Private-Server\RCLibrary\bin\Debug\net462\RCLibrary.dll /reference:c:\Users\Muhammet\Documents\GitHub\Wonderland-Private-Server\wlo.pserver.core\bin\Debug\System.Buffers.dll /reference:c:\Users\Muhammet\Documents\GitHub\Wonderland-Private-Server\wlo.pserver.core\bin\Debug\System.Configuration.ConfigurationManager.dll /reference:"C:\Program Files (x86)\Reference Assemblies\Microsoft\Framework\.NETFramework\v4.6.2\System.Configuration.dll" /reference:"C:\Program Files (x86)\Reference Assemblies\Microsoft\Framework\.NETFramework\v4.6.2\System.Core.dll" /reference:"C:\Program Files (x86)\Reference Assemblies\Microsoft\Framework\.NETFramework\v4.6.2\System.Data.DataSetExtensions.dll" /reference:"C:\Program Files (x86)\Reference Assemblies\Microsoft\Framework\.NETFramework\v4.6.2\System.Data.dll" /reference:c:\Users\Muhammet\Documents\GitHub\Wonderland-Private-Server\wlo.pserver.core\bin\Debug\System.Diagnostics.DiagnosticSource.dll /reference:"C:\Program Files (x86)\Reference Assemblies\Microsoft\Framework\.NETFramework\v4.6.2\System.dll" /reference:c:\Users\Muhammet\Documents\GitHub\Wonderland-Private-Server\wlo.pserver.core\bin\Debug\System.IO.Pipelines.dll /reference:"C:\Program Files (x86)\Reference Assemblies\Microsoft\Framework\.NETFramework\v4.6.2\System.Management.dll" /reference:c:\Users\Muhammet\Documents\GitHub\Wonderland-Private-Server\wlo.pserver.core\bin\Debug\System.Memory.dll /reference:"C:\Program Files (x86)\Reference Assemblies\Microsoft\Framework\.NETFramework\v4.6.2\System.Numerics.dll" /reference:c:\Users\Muhammet\Documents\GitHub\Wonderland-Private-Server\wlo.pserver.core\bin\Debug\System.Numerics.Vectors.dll /reference:c:\Users\Muhammet\Documents\GitHub\Wonderland-Private-Server\wlo.pserver.core\bin\Debug\System.Runtime.CompilerServices.Unsafe.dll /reference:c:\Users\Muhammet\Documents\GitHub\Wonderland-Private-Server\wlo.pserver.core\bin\Debug\System.Threading.Tasks.Extensions.dll /reference:"C:\Program Files (x86)\Reference Assemblies\Microsoft\Framework\.NETFramework\v4.6.2\System.Transactions.dll" /reference:"C:\Program Files (x86)\Reference Assemblies\Microsoft\Framework\.NETFramework\v4.6.2\System.Xml.dll" /reference:"C:\Program Files (x86)\Reference Assemblies\Microsoft\Framework\.NETFramework\v4.6.2\System.Xml.Linq.dll" /reference:c:\Users\Muhammet\Documents\GitHub\Wonderland-Private-Server\wlo.pserver.core\bin\Debug\ZstdSharp.dll /debug+ /debug:full /filealign:512 /optimize- /out:obj\Debug\wlo.pserver.core.dll /subsystemversion:6.00 /target:library /utf8output /langversion:7.3 DataBase\CharacterDataBase.cs DataBase\GameDataBase.cs DataBase\Migration\characterDB_Mig.cs DataBase\Migration\DBMigrationWiz.cs DataBase\UserDataBase.cs DataBase\PortalDataBase.cs Game\Battle\Battle.cs Game\Battle\BattleScene.cs Game\Bots\Cupid.cs Game\Bots\GmBot.cs Game\Delegates.cs Game\Enums\BattleEnum.cs Game\Enums\CharEnums.cs Game\Enums\DataBaseEnums.cs Game\Enums\EveEnums.cs Game\Enums\MapEnums.cs Game\Enums\NpcEnums.cs Game\Enums\PetEnums.cs Game\Enums\PlayerEnums.cs Game\Enums\SkillEnums.cs Game\Enums\SocketEnum.cs Game\Enums\StatEnums.cs Game\Enums\TentEnums.cs Game\Enums\WorldEnums.cs Game\Interface\Fighter.cs Game\Inventory.cs Game\Item.cs Game\Maps\Code\InteractableObjects.cs Game\Maps\Code\ShoppingCart.cs Game\Maps\MapManager.cs Game\Maps\Map.cs Game\Maps\MapObject.cs Game\Maps\Code\WalkableObjects.cs Game\Maps\Code\WarpData.cs Game\Maps\Code\ShopKeeper.cs Game\Maps\Code\QuestNpc.cs Game\Maps\Code\TalkableObject.cs Game\Maps\WarpDest.cs Game\Maps\WarpPortal.cs Game\Player.cs Game\PlayerRelated\Character.cs Game\PlayerRelated\Equip.cs Game\PlayerRelated\inGameSettings.cs Game\PlayerRelated\Tent\Tent.cs Game\PlayerRelated\Tent\TentItem.cs Game\PlayerRelated\Tent\TentItemContainer.cs Game\PlayerRelated\Tent\Tools.cs Game\User.cs Generics\Tools.cs Network\ActionCodes\AC.cs Network\Packet.cs Network\SocketClient.cs Plugin\InteractableObj.cs Plugin\MapHost.cs Plugin\PluginHost.cs Plugin\PluginObj.cs Plugin\WorldAccess.cs Properties\AssemblyInfo.cs "obj\Debug\.NETFramework,Version=v4.6.2.AssemblyAttributes.cs"
         Microsoft (R) Visual C# Derleyicisi sürüm 4.14.0-3.25465.8 (b0a9adbf)
         Telif hakkı (C) Microsoft Corporation. Tüm hakları saklıdır.
   1:7>CSC : error CS2001: 'c:\Users\Muhammet\Documents\GitHub\Wonderland-Private-Server\wlo.pserver.core\DataBase\UserDataBase.cs' kaynak dosyası bulunamadı. [c:\Users\Muhammet\Documents\GitHub\Wonderland-Private-Server\wlo.pserver.core\wlo.pserver.core.csproj]
         CompilerServer: server - server processed compilation - wlo.pserver.core
       "Csc" görevini yürütme tamamlandı -- BAŞARISIZ OLDU.
   1:7>"wlo.pserver.core.csproj" projesinde "CoreCompile" hedefini oluşturma tamamlandı -- BAŞARISIZ OLDU.
   1:7>"c:\Users\Muhammet\Documents\GitHub\Wonderland-Private-Server\wlo.pserver.core\wlo.pserver.core.csproj" projesinin "C:\Program Files\dotnet\sdk\9.0.308\Microsoft.Common.CurrentVersion.targets" dosyasındaki "_CheckForCompileOutputs" hedefi ("_CleanGetCurrentAndPriorFileWrites" hedefi buna bağımlı):
       C:\Program Files\dotnet\sdk\9.0.308\Microsoft.Common.CurrentVersion.targets(5589,7): message : Özellik yeniden ataması: $(_DebugSymbolsProduced)="false" (önceki değer: "true") konum: C:\Program Files\dotnet\sdk\9.0.308\Microsoft.Common.CurrentVersion.targets (5589,7) [c:\Users\Muhammet\Documents\GitHub\Wonderland-Private-Server\wlo.pserver.core\wlo.pserver.core.csproj]
   1:7>"wlo.pserver.core.csproj" projesinde "_CheckForCompileOutputs" hedefini oluşturma tamamlandı.
       Yanlış koşul nedeniyle "_SGenCheckForOutputs" hedefi atlandı; ('$(_SGenGenerateSerializationAssembliesConfig)' == 'On' or ('@(WebReferenceUrl)'!='' and '$(_SGenGenerateSerializationAssembliesConfig)' == 'Auto')), ('Off' == 'On' or (''!='' and 'Off' == 'Auto')) olarak değerlendirildi.
   1:7>"c:\Users\Muhammet\Documents\GitHub\Wonderland-Private-Server\wlo.pserver.core\wlo.pserver.core.csproj" projesinin "C:\Program Files\dotnet\sdk\9.0.308\Microsoft.Common.CurrentVersion.targets" dosyasındaki "_CleanGetCurrentAndPriorFileWrites" hedefi ("_CleanRecordFileWrites" hedefi buna bağımlı):
       "ReadLinesFromFile" görevi
       "ReadLinesFromFile" görevini yürütme tamamlandı.
       "ConvertToAbsolutePath" görevi
       "ConvertToAbsolutePath" görevini yürütme tamamlandı.
       "FindUnderPath" görevi
         Karşılaştırma yolu: "C:\Users\Muhammet\Documents\GitHub\Wonderland-Private-Server\wlo.pserver.core".
       "FindUnderPath" görevini yürütme tamamlandı.
       "FindUnderPath" görevi
         Karşılaştırma yolu: "bin\Debug\".
       "FindUnderPath" görevini yürütme tamamlandı.
       "FindUnderPath" görevi
         Karşılaştırma yolu: "obj\Debug\".
       "FindUnderPath" görevini yürütme tamamlandı.
       "RemoveDuplicates" görevi
       "RemoveDuplicates" görevini yürütme tamamlandı.
   1:7>"wlo.pserver.core.csproj" projesinde "_CleanGetCurrentAndPriorFileWrites" hedefini oluşturma tamamlandı.
   1:7>"c:\Users\Muhammet\Documents\GitHub\Wonderland-Private-Server\wlo.pserver.core\wlo.pserver.core.csproj" projesinin "C:\Program Files\dotnet\sdk\9.0.308\Microsoft.Common.CurrentVersion.targets" dosyasındaki "_CleanRecordFileWrites" hedefi ("CoreBuild" hedefi buna bağımlı):
       "RemoveDuplicates" görevi
       "RemoveDuplicates" görevini yürütme tamamlandı.
       "MakeDir" görevi
       "MakeDir" görevini yürütme tamamlandı.
       "WriteLinesToFile" görevi
         İçerik değişmeyeceğinden "obj\Debug\wlo.pserver.core.csproj.FileListAbsolute.txt" dosyası üzerine yazma işlemi atlanacak.
       "WriteLinesToFile" görevini yürütme tamamlandı.
   1:7>"wlo.pserver.core.csproj" projesinde "_CleanRecordFileWrites" hedefini oluşturma tamamlandı.
   1:7>"c:\Users\Muhammet\Documents\GitHub\Wonderland-Private-Server\wlo.pserver.core\wlo.pserver.core.csproj" Projesini Oluşturma İşlemi Tamamlandı (varsayılan hedefler) -- BAŞARISIZ OLDU.

Oluşturma BAŞARISIZ OLDU.

       "c:\Users\Muhammet\Documents\GitHub\Wonderland-Private-Server\wlo.pserver.core\wlo.pserver.core.csproj" (varsayılan hedef) (1:7) ->
       (CoreCompile hedefi) -> 
         CSC : error CS2001: 'c:\Users\Muhammet\Documents\GitHub\Wonderland-Private-Server\wlo.pserver.core\DataBase\UserDataBase.cs' kaynak dosyası bulunamadı. [c:\Users\Muhammet\Documents\GitHub\Wonderland-Private-Server\wlo.pserver.core\wlo.pserver.core.csproj]

    0 Uyarı
    1 Hata

Geçen Süre 00:00:00.88
